0;0;0;0;land;false;unknown;0
1;215;245;129;land;true;plains;1
2;194;231;142;land;true;plains;1
3;178;95;238;land;true;plains;1
4;130;249;194;land;true;plains;1
5;170;180;225;land;true;plains;1
6;223;194;189;land;true;plains;1
7;210;245;164;land;true;plains;1
8;234;207;69;land;true;plains;1
9;175;182;248;land;false;plains;1
10;213;179;249;land;true;plains;1
11;218;227;178;land;true;plains;1
12;126;214;250;land;true;plains;1
13;139;191;241;land;true;plains;1
14;164;191;157;land;true;plains;1
15;236;234;161;land;true;plains;1
16;213;241;188;land;true;plains;1
17;117;236;244;land;true;plains;1
18;181;218;128;land;true;plains;1
19;248;138;231;land;true;plains;1
20;254;145;159;land;true;plains;1
21;205;127;174;land;true;plains;1
22;217;109;233;land;true;plains;1
23;154;236;248;land;true;plains;1
24;230;197;187;land;true;plains;1
25;223;211;234;land;true;plains;1
26;238;159;237;land;true;plains;1
27;233;149;244;land;true;plains;1
28;207;193;127;land;true;plains;1
29;92;221;226;land;true;plains;1
30;104;221;195;land;true;plains;1
31;156;244;242;land;true;plains;1
32;179;179;222;land;true;plains;1
33;243;121;187;land;true;plains;1
34;233;47;225;land;true;plains;1
35;152;251;244;land;true;plains;1
36;249;62;203;land;true;plains;1
37;207;245;58;land;true;plains;1
38;218;87;230;land;true;desert;1
39;251;237;153;land;true;desert;1
40;148;214;219;land;true;desert;1
41;178;233;211;land;true;desert;1
42;226;97;206;land;true;plains;1
43;151;165;200;land;true;plains;1
44;197;101;237;land;true;desert;1
45;236;50;254;land;true;plains;1
46;210;220;98;land;true;plains;1
47;227;66;228;land;true;plains;1
48;175;151;225;land;true;desert;1
49;83;220;235;land;true;plains;1
50;206;222;224;land;true;plains;1
51;231;138;199;land;false;desert;1
52;180;218;169;land;false;desert;1
53;251;239;133;land;true;desert;1
54;164;220;248;land;false;plains;1
55;60;233;236;land;true;desert;1
56;219;154;184;land;true;plains;1
57;156;164;195;land;true;plains;1
58;191;238;188;land;true;urban;1
59;226;112;181;land;true;urban;1
60;237;161;229;land;true;plains;1
61;6;104;11;land;false;plains;1
62;244;147;247;land;true;plains;1
63;164;157;189;land;true;plains;1
64;234;92;227;land;true;desert;1
65;230;160;246;land;true;urban;1
66;131;131;247;land;false;desert;1
67;191;243;214;land;false;desert;1
68;253;183;104;land;true;desert;1
69;153;189;237;land;true;plains;1
70;101;216;252;land;true;urban;1
71;136;155;245;land;true;urban;1
72;125;204;248;land;true;plains;1
73;81;243;184;land;true;urban;1
74;254;159;248;land;false;mountain;1
75;217;227;191;land;false;desert;1
76;233;230;199;land;true;forest;1
77;167;250;135;land;true;plains;1
78;222;82;242;land;true;urban;1
79;230;111;166;land;true;desert;1
80;131;235;153;land;true;plains;1
81;166;198;175;land;false;plains;1
82;249;30;229;land;true;plains;1
83;122;147;246;land;true;plains;1
84;182;182;213;land;true;urban;1
85;122;214;248;land;true;plains;1
86;87;224;209;land;true;plains;1
87;202;235;82;land;true;plains;1
88;14;11;100;land;false;plains;1
89;105;212;214;land;true;plains;1
90;118;184;248;land;true;plains;1
91;151;135;250;land;true;urban;1
92;233;229;98;land;false;plains;1
93;218;147;178;land;true;plains;1
94;222;118;187;land;true;desert;1
95;104;194;240;land;true;plains;1
96;211;79;218;land;true;plains;1
97;227;196;254;land;true;plains;1
98;204;151;222;land;false;desert;1
99;251;158;203;land;true;urban;1
100;215;78;208;land;true;plains;1
101;205;215;192;land;true;plains;1
102;202;207;190;land;true;plains;1
103;234;117;161;land;true;urban;1
104;162;192;223;land;true;urban;1
105;254;181;176;land;true;forest;1
106;241;63;245;land;true;plains;1
107;219;139;248;land;false;desert;1
108;245;181;172;land;true;plains;1
109;233;189;220;land;false;plains;1
110;216;205;167;land;true;plains;1
111;245;70;254;land;true;plains;1
112;112;241;223;land;true;plains;1
113;189;198;226;land;true;urban;1
114;210;155;193;land;false;urban;1
115;35;5;61;land;true;urban;1
116;121;143;254;land;false;plains;1
117;109;203;225;land;true;plains;1
118;183;237;168;land;true;plains;1
119;251;70;210;land;true;desert;1
120;16;82;10;land;false;plains;1
121;228;192;104;land;false;desert;1
122;124;246;158;land;true;urban;1
123;239;220;64;land;true;plains;1
124;192;74;243;land;false;urban;1
125;225;211;232;land;true;plains;1
126;45;246;216;land;true;plains;1
127;200;206;159;land;false;desert;1
128;154;237;243;land;true;plains;1
129;190;248;95;land;true;urban;1
130;200;159;188;land;true;plains;1
131;254;180;224;land;true;hills;1
132;148;165;191;land;true;urban;1
133;205;136;190;land;false;plains;1
134;213;233;126;land;true;plains;1
135;104;183;243;land;true;plains;1
136;179;197;160;land;false;desert;1
137;227;172;246;land;true;plains;1
138;203;208;224;land;false;urban;1
139;159;215;220;land;true;urban;1
140;232;209;118;land;false;plains;1
141;120;246;174;land;true;plains;1
142;227;96;228;land;true;jungle;1
143;156;211;191;land;false;desert;1
144;252;246;241;land;true;urban;1
145;137;204;185;land;true;plains;1
146;212;131;246;land;false;desert;1
147;91;211;208;land;true;desert;1
148;214;215;131;land;true;jungle;1
149;205;137;227;land;true;urban;1
150;158;192;222;land;false;urban;1
151;38;247;231;land;false;plains;1
152;215;201;164;land;true;mountain;1
153;25;247;251;land;true;plains;1
154;204;200;150;land;true;forest;1
155;241;64;230;land;false;mountain;1
156;122;242;190;land;true;urban;1
157;244;166;157;land;true;plains;1
158;243;215;142;land;true;plains;1
159;172;153;241;land;true;plains;1
160;243;138;170;land;false;plains;1
161;190;132;238;land;true;urban;1
162;243;230;245;land;false;plains;1
163;250;72;246;land;false;desert;1
164;147;165;252;land;true;jungle;1
165;142;188;225;land;true;jungle;1
166;175;161;197;land;true;urban;1
167;194;203;227;land;true;hills;1
168;105;214;202;land;true;mountain;1
169;185;220;230;land;true;jungle;1
170;207;225;254;land;true;desert;1
171;48;28;69;land;false;plains;1
172;214;145;246;land;true;plains;1
173;23;99;24;land;true;urban;1
174;190;188;219;land;true;jungle;1
175;206;105;245;land;true;plains;1
176;194;195;114;land;true;desert;1
177;181;182;187;land;false;plains;1
178;189;170;228;land;false;plains;1
179;20;1;104;land;true;jungle;1
180;219;71;213;land;true;jungle;1
181;251;206;92;land;true;mountain;1
182;216;195;180;land;false;forest;1
183;251;137;169;land;true;plains;1
184;113;198;249;land;true;hills;1
185;44;19;65;land;false;plains;1
186;233;152;183;land;true;jungle;1
187;235;121;248;land;false;plains;1
188;239;74;201;land;false;mountain;1
189;223;178;169;land;false;mountain;1
190;38;95;1;land;true;urban;1
191;155;242;224;land;true;jungle;1
192;109;248;234;land;true;jungle;1
193;190;174;176;land;true;plains;1
194;56;10;70;land;false;urban;1
195;10;37;89;land;false;urban;1
196;18;41;44;land;false;mountain;1
197;250;114;201;land;true;urban;1
198;250;159;147;land;false;plains;1
199;56;239;240;land;true;urban;1
200;171;218;134;land;true;jungle;1
201;233;147;129;land;false;plains;1
202;38;72;25;land;true;urban;1
203;233;161;244;land;false;jungle;1
204;32;26;89;land;false;urban;1
205;165;115;228;land;false;plains;1
206;171;243;229;land;true;mountain;1
207;93;168;240;land;false;plains;1
208;218;214;97;land;false;plains;1
209;228;129;151;land;true;jungle;1
210;227;66;210;land;true;plains;1
211;123;242;146;land;true;plains;1
212;158;208;221;land;true;desert;1
213;223;151;251;land;false;plains;1
214;36;43;51;land;true;urban;1
215;50;66;4;land;true;urban;1
216;194;239;249;land;false;hills;1
217;94;229;234;land;true;mountain;1
218;238;166;191;land;true;jungle;1
219;106;233;230;land;false;plains;1
220;202;91;213;land;true;plains;1
221;155;171;181;land;false;plains;1
222;250;208;201;land;true;hills;1
223;104;203;218;land;true;hills;1
224;198;195;181;land;true;plains;1
225;215;240;97;land;true;plains;1
226;187;249;215;land;false;mountain;1
227;229;229;175;land;false;hills;1
228;226;186;218;land;false;urban;1
229;137;249;225;land;false;mountain;1
230;218;50;240;land;true;jungle;1
231;228;249;199;land;true;plains;1
232;253;179;103;land;true;mountain;1
233;216;254;76;land;false;hills;1
234;232;204;122;land;true;plains;1
235;230;159;216;land;true;plains;1
236;222;152;214;land;true;plains;1
237;251;202;233;land;false;mountain;1
238;210;232;119;land;true;jungle;1
239;67;24;48;land;false;plains;1
240;198;246;122;land;true;hills;1
241;254;240;112;land;true;jungle;1
242;240;140;179;land;false;plains;1
243;144;189;216;land;false;plains;1
244;237;106;162;land;true;desert;1
245;168;183;205;land;true;hills;1
246;165;116;243;land;true;urban;1
247;181;241;112;land;false;mountain;1
248;203;154;174;land;true;plains;1
249;199;252;208;land;true;urban;1
250;186;198;246;land;true;urban;1
251;228;181;180;land;false;hills;1
252;198;249;84;land;true;jungle;1
253;156;248;238;land;false;plains;1
254;175;147;191;land;false;plains;1
255;100;216;218;land;true;hills;1
256;132;152;250;land;true;urban;1
257;207;230;165;land;false;desert;1
258;217;63;231;land;true;jungle;1
259;134;224;217;land;false;plains;1
260;191;213;249;land;false;plains;1
261;199;196;161;land;false;desert;1
262;244;219;197;land;true;desert;1
263;217;125;243;land;false;mountain;1
264;242;233;195;land;true;jungle;1
265;160;216;167;land;true;plains;1
266;121;206;241;land;false;hills;1
267;168;162;229;land;true;plains;1
268;153;242;183;land;true;jungle;1
269;217;230;153;land;false;plains;1
270;211;208;198;land;true;jungle;1
271;208;237;124;land;false;hills;1
272;15;116;2;land;true;urban;1
273;169;159;189;land;true;plains;1
274;241;216;89;land;true;plains;1
275;236;111;170;land;true;jungle;1
276;169;114;242;land;true;jungle;1
277;2;139;4;land;false;urban;1
278;47;36;64;land;true;jungle;1
279;4;106;8;land;true;jungle;1
280;247;232;97;land;true;plains;1
281;138;238;147;land;false;plains;1
282;197;142;166;land;true;mountain;1
283;224;136;200;land;true;plains;1
284;168;225;216;land;false;plains;1
285;180;77;253;lake;false;lakes;0
286;240;191;113;land;true;urban;1
287;238;163;228;land;true;jungle;1
288;211;245;52;land;false;plains;1
289;224;183;232;land;true;plains;1
290;134;240;188;land;false;mountain;1
291;241;251;193;land;false;plains;1
292;122;157;243;land;false;mountain;1
293;229;76;238;land;true;jungle;1
294;254;224;59;land;false;plains;1
295;154;217;204;land;false;plains;1
296;241;222;96;land;false;mountain;1
297;102;210;217;land;false;desert;1
298;209;108;237;land;false;mountain;1
299;198;127;201;land;true;desert;1
300;206;224;242;land;false;plains;1
301;62;196;251;land;false;jungle;1
302;193;231;242;land;true;desert;1
303;129;191;215;land;false;mountain;1
304;244;191;67;land;true;urban;1
305;213;242;184;land;true;urban;1
306;225;149;252;land;true;desert;1
307;204;194;225;land;true;plains;1
308;247;244;246;land;false;mountain;1
309;240;233;150;land;true;plains;1
310;180;230;235;land;false;plains;1
311;210;253;122;land;true;hills;1
312;114;237;198;land;false;plains;1
313;153;241;195;land;false;mountain;1
314;221;221;70;land;true;plains;1
315;201;80;235;land;true;desert;1
316;172;144;196;land;true;jungle;1
317;156;174;219;land;false;mountain;1
318;25;248;230;land;true;plains;1
319;179;151;240;land;false;mountain;1
320;249;243;206;land;true;jungle;1
321;197;247;129;land;true;plains;1
322;180;242;246;land;true;forest;1
323;236;236;126;land;true;hills;1
324;161;165;248;land;false;plains;1
325;190;246;227;land;true;desert;1
326;64;16;49;land;true;urban;1
327;23;68;22;land;true;urban;1
328;252;51;222;land;false;plains;1
329;148;196;241;land;false;mountain;1
330;229;238;140;land;true;hills;1
331;86;247;244;land;true;hills;1
332;231;96;204;land;false;plains;1
333;183;244;194;land;false;plains;1
334;205;228;219;land;false;plains;1
335;154;119;236;land;false;desert;1
336;204;199;144;land;false;jungle;1
337;207;158;157;land;false;hills;1
338;201;227;74;land;false;mountain;1
339;178;93;249;land;false;plains;1
340;49;217;239;land;true;jungle;1
341;212;105;198;land;false;plains;1
342;210;106;198;land;false;plains;1
343;223;204;149;land;true;plains;1
344;105;245;163;land;true;hills;1
345;34;17;58;land;true;urban;1
346;150;197;207;land;true;jungle;1
347;205;153;236;land;true;plains;1
348;193;201;185;land;false;plains;1
349;126;226;159;land;false;mountain;1
350;71;15;28;land;true;urban;1
351;176;182;204;land;false;plains;1
352;214;116;233;land;false;plains;1
353;152;253;160;land;true;forest;1
354;120;188;249;land;false;desert;1
355;239;223;185;land;true;jungle;1
356;172;215;178;land;false;forest;1
357;234;241;162;land;true;plains;1
358;234;188;141;land;false;plains;1
359;213;233;250;land;true;desert;1
360;146;209;239;land;false;desert;1
361;110;244;157;land;true;plains;1
362;244;88;236;land;false;plains;1
363;133;253;152;land;true;hills;1
364;195;156;254;land;true;plains;1
365;220;206;91;land;false;plains;1
366;218;155;165;land;true;plains;1
367;135;178;247;land;true;desert;1
368;246;42;240;land;false;plains;1
369;119;219;192;land;true;plains;1
370;252;43;240;land;false;mountain;1
371;237;184;235;land;false;hills;1
372;196;225;195;land;true;jungle;1
373;227;145;139;land;true;plains;1
374;25;59;41;land;false;plains;1
375;180;116;249;land;false;plains;1
376;185;102;234;land;true;jungle;1
377;109;234;242;land;false;hills;1
378;194;127;210;land;true;plains;1
379;152;197;157;land;false;plains;1
380;242;226;36;land;false;plains;1
381;214;187;197;land;false;plains;1
382;236;238;107;land;false;plains;1
383;233;196;93;land;false;mountain;1
384;231;211;138;land;false;mountain;1
385;245;197;166;land;true;urban;1
386;208;179;138;land;false;plains;1
387;207;208;116;land;true;hills;1
388;239;140;149;land;true;urban;1
389;91;182;241;land;true;hills;1
390;212;197;143;land;false;plains;1
391;173;222;170;land;true;desert;1
392;211;133;185;land;true;jungle;1
393;244;102;227;land;true;desert;1
394;253;254;58;land;false;plains;1
395;104;213;231;land;false;desert;1
396;210;202;180;land;false;hills;1
397;51;216;237;land;false;plains;1
398;206;226;136;land;false;plains;1
399;245;134;254;land;false;plains;1
400;230;234;106;land;true;plains;1
401;211;129;203;land;true;plains;1
402;121;186;211;land;false;plains;1
403;230;141;144;land;true;hills;1
404;243;190;106;land;false;plains;1
405;188;243;243;land;true;mountain;1
406;189;171;152;land;true;plains;1
407;59;222;245;land;false;plains;1
408;172;196;166;land;false;hills;1
409;177;123;233;land;false;mountain;1
410;242;172;135;land;true;mountain;1
411;245;200;211;land;false;forest;1
412;252;232;18;land;true;urban;1
413;122;241;243;land;true;hills;1
414;199;94;249;land;false;plains;1
415;111;217;215;land;false;plains;1
416;78;217;239;land;false;plains;1
417;12;61;68;land;true;plains;1
418;224;237;247;land;false;plains;1
419;176;245;116;land;false;desert;1
420;184;194;129;land;false;plains;1
421;235;248;122;land;false;plains;1
422;249;223;242;land;false;desert;1
423;198;253;110;land;false;desert;1
424;154;130;229;land;false;plains;1
425;219;197;124;land;false;plains;1
426;51;226;227;land;true;jungle;1
427;152;187;205;land;true;hills;1
428;108;248;230;land;true;plains;1
429;244;206;194;land;true;plains;1
430;254;174;106;land;false;forest;1
431;199;90;223;land;true;plains;1
432;143;172;223;land;false;plains;1
433;122;246;232;land;false;forest;1
434;231;251;181;land;true;forest;1
435;0;43;72;land;true;urban;1
436;119;226;169;land;false;plains;1
437;224;253;156;land;false;mountain;1
438;143;198;208;land;true;plains;1
439;218;171;214;land;false;forest;1
440;73;51;25;land;true;urban;1
441;219;197;166;land;false;desert;1
442;189;222;195;land;false;hills;1
443;47;229;227;land;true;plains;1
444;249;195;163;land;false;plains;1
445;155;181;206;land;true;urban;1
446;183;184;229;land;false;hills;1
447;164;191;175;land;true;mountain;1
448;138;113;251;land;true;jungle;1
449;251;97;231;land;true;hills;1
450;93;37;8;land;true;urban;1
451;240;166;134;land;false;plains;1
452;237;75;237;land;true;plains;1
453;239;237;111;land;true;desert;1
454;146;200;204;land;true;plains;1
455;240;235;140;land;false;plains;1
456;252;237;60;land;false;plains;1
457;198;130;173;land;true;jungle;1
458;83;27;30;land;false;hills;1
459;36;81;15;land;true;urban;1
460;232;177;117;land;false;hills;1
461;228;176;224;land;false;hills;1
462;162;141;254;land;true;urban;1
463;224;138;204;land;true;urban;1
464;94;252;227;land;true;plains;1
465;155;210;251;land;false;hills;1
466;58;248;202;land;false;hills;1
467;162;253;246;land;false;forest;1
468;177;247;214;land;true;urban;1
469;246;90;238;land;true;desert;1
470;188;217;246;land;true;plains;1
471;227;157;143;land;true;plains;1
472;105;198;249;land;false;forest;1
473;227;61;218;land;false;forest;1
474;206;206;131;land;false;forest;1
475;240;65;199;land;true;desert;1
476;213;222;141;land;true;plains;1
477;198;190;182;land;false;plains;1
478;245;223;157;land;false;plains;1
479;244;167;184;land;true;plains;1
480;227;206;192;land;false;forest;1
481;139;177;210;land;true;plains;1
482;228;116;178;land;true;mountain;1
483;236;246;87;land;false;hills;1
484;232;201;96;land;false;hills;1
485;232;232;172;land;false;plains;1
486;219;190;235;land;false;plains;1
487;241;151;238;land;false;hills;1
488;233;223;103;land;true;hills;1
489;248;170;206;land;true;plains;1
490;212;67;234;land;false;mountain;1
491;191;158;252;land;false;desert;1
492;180;142;206;land;true;mountain;1
493;159;169;173;land;false;plains;1
494;209;202;107;land;true;hills;1
495;115;197;232;land;false;plains;1
496;235;198;214;land;false;hills;1
497;137;230;187;land;true;forest;1
498;227;175;186;land;true;plains;1
499;229;180;145;land;false;hills;1
500;73;240;210;land;false;plains;1
501;129;212;206;land;false;forest;1
502;235;177;193;land;false;forest;1
503;235;220;89;land;true;jungle;1
504;64;253;230;land;true;plains;1
505;150;146;254;land;false;plains;1
506;149;251;142;land;true;desert;1
507;196;192;169;land;false;plains;1
508;169;245;158;land;false;plains;1
509;194;181;156;land;true;forest;1
510;40;61;9;land;false;urban;1
511;223;153;129;land;true;hills;1
512;215;236;250;land;false;forest;1
513;166;174;184;land;true;plains;1
514;232;107;244;land;false;forest;1
515;221;148;171;land;true;plains;1
516;209;212;222;land;false;hills;1
517;229;106;172;land;false;hills;1
518;231;148;236;land;false;forest;1
519;180;223;244;land;true;forest;1
520;177;128;222;land;true;jungle;1
521;85;170;253;land;true;plains;1
522;243;151;170;land;true;hills;1
523;238;123;235;land;true;plains;1
524;106;168;245;land;false;plains;1
525;202;240;225;land;false;forest;1
526;165;137;218;land;false;forest;1
527;137;210;161;land;true;hills;1
528;190;240;192;land;true;plains;1
529;253;79;194;land;false;hills;1
530;239;254;73;land;false;hills;1
531;67;234;241;land;true;plains;1
532;210;131;172;land;false;forest;1
533;191;223;246;land;true;jungle;1
534;160;190;241;land;true;plains;1
535;251;154;124;land;false;hills;1
536;163;204;155;land;false;desert;1
537;153;153;234;land;false;forest;1
538;77;24;5;land;false;urban;1
539;202;122;230;land;true;plains;1
540;215;172;116;land;false;hills;1
541;203;194;140;land;true;plains;1
542;248;218;193;land;false;plains;1
543;252;212;253;land;false;plains;1
544;88;230;219;land;false;marsh;1
545;246;224;108;land;false;hills;1
546;168;149;221;land;false;plains;1
547;155;190;225;land;false;plains;1
548;220;245;182;land;false;forest;1
549;188;167;171;land;false;plains;1
550;209;195;213;land;true;jungle;1
551;186;213;144;land;true;jungle;1
552;190;243;88;land;true;plains;1
553;185;184;136;land;false;hills;1
554;196;221;244;land;true;plains;1
555;184;181;181;land;false;hills;1
556;207;164;197;land;false;hills;1
557;248;222;187;land;true;plains;1
558;213;99;193;land;false;hills;1
559;180;142;229;land;true;hills;1
560;167;228;113;land;true;mountain;1
561;168;174;240;land;true;mountain;1
562;213;86;251;land;false;forest;1
563;135;249;153;land;true;mountain;1
564;165;198;181;land;true;hills;1
565;44;64;17;land;true;urban;1
566;144;222;194;land;false;plains;1
567;192;244;213;land;false;plains;1
568;253;160;189;land;false;forest;1
569;46;16;47;land;false;urban;1
570;181;253;133;land;false;forest;1
571;192;216;236;land;true;plains;1
572;57;215;238;land;true;plains;1
573;13;41;69;land;false;urban;1
574;227;174;250;land;true;hills;1
575;221;243;112;land;false;plains;1
576;192;232;207;land;false;plains;1
577;182;171;199;land;false;forest;1
578;131;178;212;land;false;plains;1
579;33;5;65;land;true;plains;1
580;72;215;240;land;false;hills;1
581;124;241;140;land;true;desert;1
582;214;120;203;land;false;desert;1
583;12;67;48;land;false;marsh;1
584;240;234;128;land;false;plains;1
585;211;234;231;land;false;hills;1
586;231;54;220;land;true;mountain;1
587;194;236;85;land;false;desert;1
588;151;235;184;land;false;plains;1
589;12;90;28;land;false;urban;1
590;251;254;23;land;true;hills;1
591;199;97;248;land;false;hills;1
592;152;214;223;land;true;hills;1
593;215;222;132;land;true;plains;1
594;189;173;227;land;true;plains;1
595;214;239;130;land;false;forest;1
596;157;174;185;land;false;forest;1
597;246;248;161;land;false;jungle;1
598;253;191;208;land;false;plains;1
599;148;239;155;land;false;plains;1
600;111;2;19;land;false;plains;1
601;246;194;176;land;false;plains;1
602;245;202;133;land;false;plains;1
603;144;150;245;land;false;desert;1
604;231;126;232;land;false;forest;1
605;125;12;11;land;false;urban;1
606;244;106;206;land;false;hills;1
607;252;244;89;land;true;plains;1
608;169;250;137;land;true;plains;1
609;88;29;11;land;false;marsh;1
610;199;152;186;land;true;forest;1
611;100;22;2;land;false;desert;1
612;244;235;203;land;false;hills;1
613;178;244;94;land;true;mountain;1
614;254;194;247;land;false;hills;1
615;0;110;19;land;false;urban;1
616;243;247;91;land;false;plains;1
617;219;152;231;land;true;plains;1
618;32;9;105;land;false;urban;1
619;129;241;220;land;true;plains;1
620;104;210;194;land;true;plains;1
621;223;214;168;land;false;hills;1
622;107;223;228;land;false;plains;1
623;199;202;225;land;true;hills;1
624;209;100;236;land;false;jungle;1
625;61;226;254;land;true;plains;1
626;129;212;241;land;true;plains;1
627;61;47;3;land;false;forest;1
628;164;231;206;land;false;mountain;1
629;244;242;23;land;true;hills;1
630;161;245;165;land;false;plains;1
631;65;63;1;land;false;urban;1
632;176;127;198;land;false;hills;1
633;181;239;250;land;false;plains;1
634;188;191;193;land;false;forest;1
635;248;245;201;land;false;forest;1
636;112;213;238;land;false;forest;1
637;213;207;220;land;false;jungle;1
638;187;245;230;land;false;hills;1
639;250;142;226;land;false;forest;1
640;226;68;216;land;true;jungle;1
641;185;156;205;land;false;jungle;1
642;170;237;220;land;false;plains;1
643;124;238;245;land;false;hills;1
644;168;144;250;land;false;desert;1
645;164;252;188;land;false;marsh;1
646;228;236;92;land;false;forest;1
647;67;231;204;land;true;plains;1
648;1;70;39;land;false;urban;1
649;209;156;225;land;false;forest;1
650;251;205;176;land;false;plains;1
651;204;68;240;land;false;plains;1
652;0;84;60;land;false;urban;1
653;188;194;202;land;true;hills;1
654;146;192;191;land;true;mountain;1
655;228;116;193;land;false;plains;1
656;235;114;209;land;false;forest;1
657;226;124;236;land;false;hills;1
658;1;72;30;land;true;urban;1
659;202;162;149;land;false;jungle;1
660;209;193;153;land;false;hills;1
661;193;252;99;land;true;plains;1
662;224;182;127;land;false;forest;1
663;234;201;141;land;false;forest;1
664;242;229;235;land;false;plains;1
665;174;137;210;land;false;hills;1
666;254;48;224;land;false;plains;1
667;234;242;210;land;true;plains;1
668;195;182;142;land;false;plains;1
669;214;179;225;land;true;desert;1
670;234;250;169;land;false;forest;1
671;184;152;167;land;true;plains;1
672;189;169;153;land;true;forest;1
673;141;241;140;land;true;jungle;1
674;171;240;91;land;false;jungle;1
675;224;215;150;land;false;hills;1
676;166;188;196;land;true;forest;1
677;223;243;69;land;true;mountain;1
678;175;90;238;land;false;plains;1
679;225;178;191;land;false;forest;1
680;210;179;213;land;true;plains;1
681;173;230;129;land;false;jungle;1
682;145;227;243;land;true;mountain;1
683;8;34;77;land;false;urban;1
684;241;211;218;land;false;hills;1
685;249;165;241;land;false;mountain;1
686;245;103;221;land;false;plains;1
687;128;233;212;land;true;forest;1
688;183;158;168;land;false;jungle;1
689;248;93;203;land;false;plains;1
690;93;215;198;land;true;forest;1
691;244;181;164;land;false;forest;1
692;193;217;190;land;false;forest;1
693;232;185;231;land;true;jungle;1
694;197;194;245;land;false;jungle;1
695;115;207;186;land;false;jungle;1
696;173;209;212;land;true;forest;1
697;56;253;207;land;true;mountain;1
698;188;64;251;land;false;mountain;1
699;237;134;250;land;false;hills;1
700;195;103;251;land;false;hills;1
701;32;61;10;land;true;urban;1
702;157;240;162;land;false;plains;1
703;160;200;218;land;false;plains;1
704;223;228;245;land;true;hills;1
705;127;195;180;land;false;forest;1
706;250;239;28;land;true;plains;1
707;214;143;183;land;true;jungle;1
708;218;218;97;land;false;jungle;1
709;120;224;193;land;true;plains;1
710;197;88;224;land;false;plains;1
711;58;253;250;land;false;mountain;1
712;81;11;19;land;false;urban;1
713;98;216;188;land;false;mountain;1
714;132;204;234;land;false;plains;1
715;222;198;150;land;true;plains;1
716;254;76;253;land;true;forest;1
717;216;107;221;land;false;plains;1
718;183;214;137;land;true;mountain;1
719;206;209;227;land;false;forest;1
720;156;245;181;land;false;plains;1
721;171;243;182;land;false;jungle;1
722;34;3;110;land;false;urban;1
723;142;241;123;land;false;plains;1
724;245;68;225;land;false;mountain;1
725;251;209;72;land;false;mountain;1
726;53;253;232;land;true;plains;1
727;151;195;182;land;false;hills;1
728;248;242;196;land;false;mountain;1
729;251;230;72;land;true;mountain;1
730;241;116;196;land;true;plains;1
731;175;251;84;land;true;forest;1
732;175;182;176;land;true;desert;1
733;229;142;242;land;false;jungle;1
734;198;134;247;land;false;hills;1
735;218;130;244;land;false;forest;1
736;146;200;183;land;true;plains;1
737;238;192;97;land;false;forest;1
738;191;196;132;land;false;jungle;1
739;149;236;201;land;true;mountain;1
740;209;165;155;land;false;plains;1
741;112;214;177;land;false;forest;1
742;249;210;46;land;false;plains;1
743;246;129;141;land;false;jungle;1
744;210;250;117;land;false;hills;1
745;222;176;139;land;true;forest;1
746;225;154;215;land;false;plains;1
747;241;225;118;land;false;hills;1
748;168;234;126;land;false;mountain;1
749;172;208;149;land;false;mountain;1
750;163;158;254;land;false;jungle;1
751;243;234;237;land;false;mountain;1
752;71;13;28;land;false;urban;1
753;13;109;16;land;false;urban;1
754;106;165;248;land;true;plains;1
755;176;213;225;land;false;forest;1
756;143;230;131;land;false;hills;1
757;229;193;178;land;true;plains;1
758;225;248;227;land;false;desert;1
759;180;176;209;land;false;hills;1
760;0;57;71;land;false;urban;1
761;165;124;229;land;true;plains;1
762;170;98;246;land;false;hills;1
763;249;219;190;land;false;forest;1
764;230;158;134;land;false;forest;1
765;222;150;221;land;true;plains;1
766;240;190;105;land;true;plains;1
767;208;133;241;land;true;desert;1
768;145;202;159;land;true;desert;1
769;172;145;245;land;true;desert;1
770;243;209;147;land;true;desert;1
771;29;45;37;land;true;urban;1
772;114;203;203;land;true;hills;1
773;189;215;235;land;false;desert;1
774;172;243;229;land;true;desert;1
775;225;79;238;land;true;desert;1
776;158;183;242;land;true;jungle;1
777;243;226;249;land;false;plains;1
778;14;50;49;land;true;plains;1
779;210;159;232;land;false;marsh;1
780;241;115;254;land;false;desert;1
781;103;4;31;sea;true;ocean;0
782;68;54;7;land;false;urban;1
783;211;144;177;land;true;plains;1
784;189;128;187;land;true;plains;1
785;173;215;213;land;true;desert;1
786;95;249;250;land;false;forest;1
787;163;202;243;land;true;jungle;1
788;101;196;253;land;false;plains;1
789;213;233;122;land;false;plains;1
790;35;70;35;land;true;urban;1
791;50;64;13;land;false;urban;1
792;136;241;144;land;true;mountain;1
793;232;35;245;land;false;hills;1
794;151;192;224;land;true;mountain;1
795;214;208;90;land;true;plains;1
796;177;162;174;land;true;mountain;1
797;158;236;169;land;false;hills;1
798;233;193;205;land;false;forest;1
799;154;177;240;land;false;jungle;1
800;219;231;160;land;false;plains;1
801;225;240;78;land;false;hills;1
802;186;168;235;land;true;plains;1
803;231;185;106;land;false;hills;1
804;198;233;207;land;false;plains;1
805;157;206;203;land;false;jungle;1
806;22;52;52;land;false;forest;1
807;57;41;31;land;false;forest;1
808;140;232;236;land;false;plains;1
809;132;211;184;land;true;plains;1
810;233;196;163;land;true;hills;1
811;98;193;211;land;false;plains;1
812;199;139;221;land;false;forest;1
813;237;113;218;land;false;forest;1
814;149;159;222;land;false;desert;1
815;17;84;7;land;false;jungle;1
816;192;161;232;land;false;hills;1
817;126;240;208;land;true;hills;1
818;202;175;165;land;false;desert;1
819;8;91;17;land;true;urban;1
820;233;228;75;land;true;desert;1
821;201;235;95;land;false;jungle;1
822;253;254;137;land;false;plains;1
823;253;55;215;land;false;plains;1
824;140;169;246;land;true;mountain;1
825;202;254;207;land;false;desert;1
826;105;201;232;land;false;plains;1
827;191;224;174;land;false;plains;1
828;197;224;242;land;true;urban;1
829;227;233;214;land;false;plains;1
830;208;222;182;land;false;plains;1
831;208;66;233;land;false;forest;1
832;169;232;188;land;false;desert;1
833;133;203;196;land;false;hills;1
834;174;97;252;land;true;plains;1
835;116;227;199;land;false;hills;1
836;187;158;164;land;false;hills;1
837;112;249;212;land;false;hills;1
838;181;143;230;land;false;forest;1
839;246;231;31;land;false;mountain;1
840;169;196;164;land;true;forest;1
841;173;157;188;land;false;jungle;1
842;159;225;179;land;true;plains;1
843;98;238;173;land;false;hills;1
844;228;195;110;land;true;hills;1
845;66;247;203;land;false;plains;1
846;232;238;192;land;true;plains;1
847;180;227;111;land;true;plains;1
848;47;248;219;land;false;forest;1
849;37;224;247;land;false;mountain;1
850;89;10;46;land;false;urban;1
851;121;193;236;land;false;jungle;1
852;162;210;154;land;true;mountain;1
853;219;209;223;land;false;forest;1
854;22;90;29;sea;true;ocean;0
855;154;205;231;land;true;desert;1
856;166;188;192;land;false;jungle;1
857;16;104;14;land;false;jungle;1
858;33;234;252;land;false;forest;1
859;132;237;195;land;true;desert;1
860;165;204;181;land;false;desert;1
861;17;100;6;land;false;urban;1
862;160;121;235;land;false;hills;1
863;147;210;180;land;true;desert;1
864;240;248;176;land;false;plains;1
865;131;249;246;land;true;plains;1
866;183;248;84;land;true;desert;1
867;218;139;169;land;false;forest;1
868;97;167;244;land;false;hills;1
869;125;212;210;land;false;mountain;1
870;208;87;223;land;false;jungle;1
871;229;162;161;land;true;forest;1
872;254;252;165;land;true;plains;1
873;88;35;10;land;false;urban;1
874;177;139;231;land;false;forest;1
875;222;171;126;land;false;desert;1
876;12;48;46;land;true;urban;1
877;187;214;134;land;false;jungle;1
878;212;245;191;land;true;hills;1
879;253;199;244;land;false;plains;1
880;6;49;72;land;false;urban;1
881;3;251;248;land;false;forest;1
882;222;178;175;land;false;plains;1
883;184;198;140;land;true;plains;1
884;144;231;191;land;true;plains;1
885;225;252;101;land;true;plains;1
886;205;135;199;land;false;urban;1
887;250;199;182;land;false;desert;1
888;254;203;100;land;false;plains;1
889;245;234;205;land;false;plains;1
890;218;136;203;land;true;plains;1
891;187;241;243;land;false;desert;1
892;221;133;245;land;true;mountain;1
893;236;175;149;land;false;hills;1
894;230;211;109;land;false;forest;1
895;244;95;214;land;false;hills;1
896;183;183;219;land;false;hills;1
897;130;180;221;land;false;plains;1
898;238;112;156;land;false;hills;1
899;163;235;134;land;false;plains;1
900;81;242;178;land;false;desert;1
901;244;130;178;land;false;forest;1
902;151;211;148;land;true;plains;1
903;158;191;200;land;false;jungle;1
904;109;225;227;land;false;plains;1
905;238;249;100;land;false;plains;1
906;147;233;215;land;true;plains;1
907;251;147;176;land;false;forest;1
908;241;179;132;land;true;desert;1
909;185;148;231;land;true;jungle;1
910;197;136;214;land;true;mountain;1
911;173;207;145;land;false;hills;1
912;109;204;209;land;false;mountain;1
913;229;253;115;land;true;desert;1
914;230;110;241;land;true;desert;1
915;161;251;114;land;false;plains;1
916;222;210;106;land;false;plains;1
917;67;56;8;land;false;plains;1
918;154;214;158;land;true;mountain;1
919;174;221;215;land;false;forest;1
920;238;155;187;land;false;forest;1
921;207;245;76;land;true;desert;1
922;155;183;226;land;true;desert;1
923;214;120;210;land;false;hills;1
924;195;205;162;land;true;forest;1
925;209;134;161;land;false;forest;1
926;47;246;246;land;true;forest;1
927;83;240;219;land;false;desert;1
928;252;85;232;land;false;plains;1
929;28;40;38;land;true;urban;1
930;159;185;207;land;true;hills;1
931;129;176;231;land;false;plains;1
932;166;199;170;land;false;forest;1
933;231;181;210;land;false;desert;1
934;213;248;163;land;false;jungle;1
935;131;252;160;land;false;jungle;1
936;248;198;161;land;true;plains;1
937;124;177;229;land;false;hills;1
938;72;8;57;land;true;urban;1
939;164;191;174;land;false;mountain;1
940;197;243;189;land;true;desert;1
941;139;209;194;land;false;mountain;1
942;119;227;221;land;true;mountain;1
943;250;241;153;land;false;mountain;1
944;211;204;222;land;false;mountain;1
945;192;228;180;land;true;mountain;1
946;192;188;129;land;true;plains;1
947;218;177;217;land;false;hills;1
948;200;68;248;land;true;plains;1
949;253;145;134;land;false;forest;1
950;155;219;245;land;true;mountain;1
951;247;137;152;land;false;jungle;1
952;104;197;248;land;true;hills;1
953;10;125;9;land;false;urban;1
954;182;229;126;land;false;mountain;1
955;75;208;222;land;false;plains;1
956;165;174;184;land;false;hills;1
957;24;53;24;land;true;urban;1
958;185;221;155;land;true;hills;1
959;158;243;143;land;false;hills;1
960;221;178;190;land;true;desert;1
961;226;233;91;land;false;mountain;1
962;244;188;140;land;true;mountain;1
963;192;79;245;land;false;jungle;1
964;190;198;173;land;false;hills;1
965;245;128;226;land;false;plains;1
966;209;99;247;land;false;plains;1
967;246;222;110;land;true;hills;1
968;161;193;171;land;true;desert;1
969;246;241;164;land;false;hills;1
970;231;164;112;land;true;hills;1
971;172;247;171;land;true;plains;1
972;214;182;190;land;true;plains;1
973;231;219;226;land;false;plains;1
974;133;208;230;land;true;plains;1
975;204;245;126;land;false;mountain;1
976;234;254;129;land;false;forest;1
977;222;177;120;land;false;jungle;1
978;100;187;248;land;false;plains;1
979;214;176;169;land;false;mountain;1
980;3;40;69;land;true;urban;1
981;228;31;254;land;false;jungle;1
982;251;210;155;land;true;hills;1
983;227;50;233;land;false;hills;1
984;103;254;174;land;true;hills;1
985;82;246;192;land;true;mountain;1
986;82;232;244;land;false;hills;1
987;245;178;188;land;false;mountain;1
988;182;182;226;land;false;plains;1
989;124;225;189;land;false;hills;1
990;177;160;175;land;false;hills;1
991;39;82;24;land;false;forest;1
992;166;201;185;land;true;forest;1
993;106;214;222;land;false;desert;1
994;209;223;101;land;false;jungle;1
995;79;243;222;land;false;hills;1
996;100;191;215;land;true;mountain;1
997;220;227;70;land;true;plains;1
998;196;233;187;land;true;plains;1
999;203;57;253;land;false;hills;1
1000;189;214;192;land;false;forest;1
1001;223;228;196;land;false;forest;1
1002;240;143;173;land;true;desert;1
1003;208;186;215;land;true;desert;1
1004;12;2;117;land;false;urban;1
1005;242;200;201;land;true;hills;1
1006;125;209;254;land;true;desert;1
1007;213;183;157;land;false;forest;1
1008;243;237;247;land;true;desert;1
1009;146;205;214;land;false;plains;1
1010;159;249;236;land;false;jungle;1
1011;229;64;250;land;false;jungle;1
1012;185;147;177;land;true;hills;1
1013;227;196;81;land;true;forest;1
1014;105;168;240;land;true;mountain;1
1015;223;250;186;land;false;forest;1
1016;163;253;254;land;false;mountain;1
1017;167;173;189;land;true;desert;1
1018;217;194;190;land;true;hills;1
1019;176;165;168;land;false;hills;1
1020;139;207;162;land;false;jungle;1
1021;48;253;243;land;true;plains;1
1022;236;214;210;land;true;plains;1
1023;230;202;167;land;false;hills;1
1024;158;119;235;land;false;hills;1
1025;220;148;137;land;false;mountain;1
1026;187;147;252;land;true;mountain;1
1027;250;176;111;land;true;plains;1
1028;254;190;91;land;true;desert;1
1029;166;225;113;land;false;forest;1
1030;239;196;98;land;false;plains;1
1031;238;151;167;land;false;jungle;1
1032;182;168;164;land;true;plains;1
1033;234;158;142;land;true;desert;1
1034;193;133;181;land;false;mountain;1
1035;222;193;96;land;true;jungle;1
1036;203;240;121;land;false;mountain;1
1037;73;184;253;land;true;desert;1
1038;73;6;41;land;true;urban;1
1039;23;43;65;land;true;urban;1
1040;254;160;157;land;true;mountain;1
1041;238;221;215;land;true;hills;1
1042;162;148;252;land;false;forest;1
1043;239;121;226;land;true;desert;1
1044;151;150;214;land;false;plains;1
1045;235;205;99;land;true;hills;1
1046;116;219;242;land;false;hills;1
1047;25;8;91;land;false;urban;1
1048;213;82;210;land;false;hills;1
1049;133;234;169;land;false;forest;1
1050;233;26;252;land;false;forest;1
1051;164;148;211;land;false;forest;1
1052;227;225;174;land;true;forest;1
1053;204;132;232;land;true;jungle;1
1054;229;212;70;land;false;mountain;1
1055;70;229;228;land;true;forest;1
1056;191;171;169;land;true;jungle;1
1057;49;245;216;land;false;plains;1
1058;223;97;181;land;false;plains;1
1059;194;235;77;land;false;mountain;1
1060;156;231;155;land;false;mountain;1
1061;136;239;157;land;false;jungle;1
1062;155;125;222;land;false;jungle;1
1063;250;192;214;land;true;hills;1
1064;251;248;175;land;false;plains;1
1065;77;217;241;land;false;urban;1
1066;158;148;203;land;false;mountain;1
1067;8;27;81;land;false;urban;1
1068;146;244;234;land;false;desert;1
1069;199;222;173;land;false;jungle;1
1070;111;191;208;land;true;plains;1
1071;205;176;120;land;false;forest;1
1072;250;4;254;land;false;forest;1
1073;159;236;188;land;true;desert;1
1074;72;52;9;land;true;urban;1
1075;228;217;79;land;false;jungle;1
1076;229;137;155;land;false;jungle;1
1077;220;149;158;land;false;plains;1
1078;91;234;246;land;false;hills;1
1079;207;125;230;land;true;desert;1
1080;47;234;250;land;false;mountain;1
1081;213;71;222;land;true;desert;1
1082;224;83;211;land;true;desert;1
1083;237;217;204;land;false;hills;1
1084;244;244;154;land;true;plains;1
1085;154;233;200;land;false;hills;1
1086;150;200;184;land;false;jungle;1
1087;9;17;101;land;true;urban;1
1088;244;203;101;land;true;plains;1
1089;113;172;245;land;false;hills;1
1090;208;203;142;land;true;hills;1
1091;253;238;218;land;false;mountain;1
1092;28;0;116;land;true;urban;1
1093;117;192;199;land;false;forest;1
1094;149;205;218;land;false;desert;1
1095;250;197;138;land;false;jungle;1
1096;184;229;169;land;false;jungle;1
1097;204;222;113;land;true;hills;1
1098;225;167;244;land;false;desert;1
1099;16;55;32;lake;false;lakes;0
1100;197;78;251;land;true;plains;1
1101;241;162;134;land;false;desert;1
1102;178;149;222;land;false;jungle;1
1103;4;1;141;land;false;urban;1
1104;225;238;163;land;false;hills;1
1105;142;216;231;land;false;mountain;1
1106;74;238;209;land;false;mountain;1
1107;32;225;251;land;true;plains;1
1108;207;208;100;land;false;mountain;1
1109;228;173;219;land;false;mountain;1
1110;234;253;149;land;false;forest;1
1111;210;90;241;land;false;plains;1
1112;230;149;167;land;true;plains;1
1113;236;94;211;land;false;urban;1
1114;240;143;190;land;true;plains;1
1115;230;244;139;land;false;mountain;1
1116;46;235;254;land;false;jungle;1
1117;99;222;195;land;false;plains;1
1118;234;139;143;land;false;mountain;1
1119;228;226;112;land;false;desert;1
1120;173;253;246;land;false;jungle;1
1121;252;82;213;land;false;forest;1
1122;214;162;249;land;true;desert;1
1123;174;162;177;land;false;plains;1
1124;168;174;172;land;true;plains;1
1125;246;96;242;land;false;forest;1
1126;228;139;156;land;true;plains;1
1127;172;188;163;land;false;jungle;1
1128;144;116;247;land;true;plains;1
1129;187;200;196;land;false;mountain;1
1130;25;249;243;land;false;forest;1
1131;187;100;245;land;false;plains;1
1132;243;221;120;land;false;desert;1
1133;219;236;192;land;false;jungle;1
1134;200;149;156;land;true;hills;1
1135;44;36;27;land;true;urban;1
1136;82;221;203;land;false;mountain;1
1137;224;165;213;land;false;mountain;1
1138;240;155;254;land;true;mountain;1
1139;209;104;193;land;true;jungle;1
1140;186;195;137;land;false;mountain;1
1141;84;197;245;land;false;forest;1
1142;128;221;203;land;true;desert;1
1143;251;190;169;land;true;desert;1
1144;171;113;243;land;false;forest;1
1145;19;68;22;land;true;mountain;1
1146;123;137;244;land;false;mountain;1
1147;173;169;251;land;true;plains;1
1148;129;226;221;land;true;desert;1
1149;243;212;146;land;false;forest;1
1150;107;157;238;land;false;desert;1
1151;227;191;96;land;true;hills;1
1152;224;204;214;land;true;plains;1
1153;247;173;188;land;true;jungle;1
1154;45;74;14;land;false;forest;1
1155;248;229;155;land;true;urban;1
1156;209;194;185;land;true;desert;1
1157;46;40;28;land;true;desert;1
1158;4;63;68;land;false;urban;1
1159;222;215;184;land;false;jungle;1
1160;194;163;144;land;true;plains;1
1161;212;220;108;land;false;plains;1
1162;225;154;184;land;false;forest;1
1163;151;229;172;land;false;forest;1
1164;96;250;236;land;false;hills;1
1165;228;174;202;land;true;mountain;1
1166;159;195;251;land;true;desert;1
1167;245;192;139;land;false;jungle;1
1168;172;244;177;land;true;mountain;1
1169;175;103;231;land;false;desert;1
1170;216;210;90;land;false;plains;1
1171;186;122;213;land;false;jungle;1
1172;149;176;200;land;true;plains;1
1173;111;210;191;land;false;mountain;1
1174;168;222;157;land;false;hills;1
1175;245;226;154;land;true;forest;1
1176;228;234;191;land;false;mountain;1
1177;245;241;35;land;true;hills;1
1178;232;232;186;land;false;hills;1
1179;102;4;7;land;true;urban;1
1180;169;168;172;land;false;forest;1
1181;226;186;100;land;false;forest;1
1182;97;178;238;land;false;forest;1
1183;176;241;92;land;true;desert;1
1184;119;173;212;land;true;desert;1
1185;238;180;203;land;false;jungle;1
1186;15;58;64;land;true;urban;1
1187;234;171;218;land;false;mountain;1
1188;210;168;140;land;false;hills;1
1189;178;200;144;land;false;mountain;1
1190;87;221;231;land;false;desert;1
1191;197;247;209;land;true;plains;1
1192;33;248;228;land;false;mountain;1
1193;178;241;201;land;true;mountain;1
1194;124;221;220;land;false;mountain;1
1195;186;248;155;land;false;mountain;1
1196;242;233;108;land;false;jungle;1
1197;195;240;72;land;false;jungle;1
1198;129;206;223;land;true;plains;1
1199;240;226;84;land;false;hills;1
1200;121;181;221;land;true;plains;1
1201;214;230;99;land;false;forest;1
1202;224;96;208;land;false;desert;1
1203;162;127;231;land;false;mountain;1
1204;225;192;90;land;false;mountain;1
1205;193;221;156;land;false;forest;1
1206;220;201;143;land;true;plains;1
1207;150;204;210;land;false;desert;1
1208;210;214;182;land;false;mountain;1
1209;246;150;247;land;false;hills;1
1210;210;231;111;land;true;hills;1
1211;209;224;81;land;true;desert;1
1212;254;157;156;land;true;jungle;1
1213;176;223;214;land;true;mountain;1
1214;197;211;169;land;false;urban;1
1215;208;212;143;land;false;jungle;1
1216;248;187;150;land;false;plains;1
1217;240;183;186;land;true;hills;1
1218;55;253;195;land;false;hills;1
1219;237;147;243;land;true;desert;1
1220;154;187;226;land;false;desert;1
1221;219;224;198;land;false;jungle;1
1222;241;94;182;land;false;jungle;1
1223;189;91;245;land;false;mountain;1
1224;193;72;242;land;false;forest;1
1225;116;243;231;land;true;jungle;1
1226;158;149;194;land;false;forest;1
1227;252;117;165;land;false;desert;1
1228;229;207;67;land;false;mountain;1
1229;144;237;150;land;false;jungle;1
1230;221;154;175;land;false;mountain;1
1231;156;167;246;land;false;hills;1
1232;106;252;241;land;false;desert;1
1233;170;247;129;land;false;forest;1
1234;204;187;189;land;true;desert;1
1235;228;220;137;land;false;forest;1
1236;180;172;236;land;false;forest;1
1237;228;213;154;land;false;forest;1
1238;219;192;181;land;false;hills;1
1239;190;221;253;land;false;desert;1
1240;241;135;218;land;false;plains;1
1241;91;214;209;land;false;plains;1
1242;244;195;217;land;false;mountain;1
1243;252;213;155;land;false;hills;1
1244;149;225;184;land;true;mountain;1
1245;13;2;93;land;false;urban;1
1246;84;175;248;land;false;hills;1
1247;242;218;145;land;false;forest;1
1248;248;162;210;land;true;desert;1
1249;58;7;57;land;false;urban;1
1250;235;192;123;land;true;plains;1
1251;38;231;243;land;true;jungle;1
1252;246;135;148;land;false;hills;1
1253;197;252;124;land;true;urban;1
1254;152;165;217;land;true;urban;1
1255;225;83;225;land;true;plains;1
1256;209;144;204;land;false;desert;1
1257;112;209;248;land;false;jungle;1
1258;172;232;103;land;false;hills;1
1259;228;126;205;land;false;hills;1
1260;215;181;224;land;false;urban;1
1261;171;198;240;land;true;desert;1
1262;141;168;209;land;false;hills;1
1263;252;136;174;land;true;hills;1
1264;151;148;247;land;false;forest;1
1265;246;156;239;land;false;forest;1
1266;164;251;189;land;false;jungle;1
1267;199;164;159;land;false;forest;1
1268;219;238;238;land;false;desert;1
1269;168;236;231;land;false;desert;1
1270;225;236;112;land;false;desert;1
1271;56;245;254;land;true;desert;1
1272;197;69;250;land;false;forest;1
1273;238;41;231;land;false;urban;1
1274;246;33;233;land;false;mountain;1
1275;242;243;251;land;true;hills;1
1276;43;252;231;land;true;plains;1
1277;216;136;152;land;false;desert;1
1278;156;229;234;land;false;hills;1
1279;155;212;185;land;true;urban;1
1280;34;47;54;land;true;urban;1
1281;183;164;171;land;false;urban;1
1282;209;133;228;land;false;urban;1
1283;184;139;241;land;false;desert;1
1284;177;198;192;land;false;desert;1
1285;98;222;201;land;false;mountain;1
1286;93;54;1;land;true;urban;1
1287;236;251;91;land;false;forest;1
1288;190;250;230;land;false;jungle;1
1289;236;227;220;land;true;hills;1
1290;221;93;193;land;true;plains;1
1291;96;180;249;land;true;jungle;1
1292;243;131;146;land;true;forest;1
1293;245;75;204;land;true;mountain;1
1294;242;109;226;land;false;forest;1
1295;102;5;13;land;false;forest;1
1296;173;141;193;land;false;forest;1
1297;128;210;209;land;true;mountain;1
1298;246;243;71;land;true;plains;1
1299;185;193;164;land;false;plains;1
1300;226;225;227;land;false;jungle;1
1301;72;195;244;land;false;hills;1
1302;43;239;232;land;true;plains;1
1303;247;196;100;land;false;forest;1
1304;140;247;147;land;true;plains;1
1305;74;217;219;land;true;desert;1
1306;129;235;201;land;true;plains;1
1307;78;25;0;land;false;forest;1
1308;247;224;148;land;false;forest;1
1309;213;238;73;land;false;desert;1
1310;131;250;183;land;true;plains;1
1311;228;194;147;land;false;mountain;1
1312;19;47;59;land;false;urban;1
1313;228;77;216;land;false;forest;1
1314;251;121;169;land;true;plains;1
1315;236;185;245;land;false;urban;1
1316;237;129;207;land;true;mountain;1
1317;227;204;227;land;true;desert;1
1318;254;162;148;land;true;desert;1
1319;235;99;239;land;false;forest;1
1320;163;198;203;land;true;urban;1
1321;242;153;109;land;true;desert;1
1322;23;75;16;land;false;mountain;1
1323;216;220;80;land;false;plains;1
1324;243;201;124;land;false;plains;1
1325;245;187;138;land;false;mountain;1
1326;247;198;156;land;false;hills;1
1327;117;223;246;land;true;mountain;1
1328;135;149;254;land;true;mountain;1
1329;242;170;171;land;false;forest;1
1330;83;201;253;land;false;forest;1
1331;229;182;195;land;false;hills;1
1332;170;178;200;land;false;hills;1
1333;246;169;213;land;true;desert;1
1334;160;200;154;land;true;mountain;1
1335;167;189;213;land;false;desert;1
1336;182;229;229;land;false;plains;1
1337;183;209;169;land;false;mountain;1
1338;204;156;164;land;false;hills;1
1339;2;34;111;land;false;forest;1
1340;221;254;186;land;false;hills;1
1341;228;248;167;land;false;urban;1
1342;243;236;182;land;true;plains;1
1343;193;138;213;land;false;forest;1
1344;198;60;243;land;true;hills;1
1345;166;223;249;land;true;jungle;1
1346;219;123;250;land;false;forest;1
1347;161;138;221;land;true;desert;1
1348;143;190;196;land;false;mountain;1
1349;218;204;188;land;true;jungle;1
1350;93;191;226;land;false;hills;1
1351;247;147;162;land;false;mountain;1
1352;241;211;76;land;false;hills;1
1353;242;219;118;land;true;plains;1
1354;225;230;106;land;false;hills;1
1355;241;211;244;land;false;desert;1
1356;214;243;85;land;false;hills;1
1357;233;209;203;land;false;mountain;1
1358;197;99;205;land;false;desert;1
1359;158;232;233;land;false;jungle;1
1360;188;189;132;land;false;mountain;1
1361;153;173;195;land;false;forest;1
1362;0;82;53;land;false;urban;1
1363;166;221;119;land;false;desert;1
1364;224;140;161;land;false;desert;1
1365;183;228;243;land;true;forest;1
1366;182;90;237;land;false;forest;1
1367;236;196;139;land;false;forest;1
1368;125;219;247;land;false;forest;1
1369;175;223;183;land;false;plains;1
1370;165;154;246;land;false;urban;1
1371;207;98;198;land;false;urban;1
1372;169;140;253;land;true;mountain;1
1373;138;238;228;land;false;jungle;1
1374;165;141;218;land;false;jungle;1
1375;248;141;248;land;false;forest;1
1376;248;201;78;land;false;urban;1
1377;220;197;194;land;true;urban;1
1378;109;218;183;land;true;mountain;1
1379;254;173;146;land;false;mountain;1
1380;250;249;251;land;false;desert;1
1381;64;36;34;land;false;urban;1
1382;244;56;251;land;false;hills;1
1383;213;116;228;land;true;plains;1
1384;233;189;188;land;false;desert;1
1385;67;32;19;land;false;urban;1
1386;19;38;77;land;false;urban;1
1387;210;251;241;land;false;mountain;1
1388;44;13;80;land;false;urban;1
1389;56;57;28;land;false;jungle;1
1390;239;202;69;land;false;hills;1
1391;195;236;129;land;false;hills;1
1392;149;237;247;land;true;hills;1
1393;219;113;213;land;true;plains;1
1394;166;191;176;land;false;desert;1
1395;151;180;206;land;false;mountain;1
1396;68;220;245;land;false;desert;1
1397;235;240;89;land;false;desert;1
1398;237;229;116;land;false;hills;1
1399;94;219;213;land;false;urban;1
1400;247;164;233;land;true;urban;1
1401;200;203;131;land;true;forest;1
1402;253;129;131;land;false;desert;1
1403;237;213;207;land;true;jungle;1
1404;80;232;243;land;true;hills;1
1405;112;195;251;land;false;jungle;1
1406;219;241;133;land;false;forest;1
1407;129;218;235;land;false;urban;1
1408;213;235;58;land;false;plains;1
1409;236;238;214;land;true;plains;1
1410;189;231;178;land;false;mountain;1
1411;115;211;238;land;false;desert;1
1412;89;22;12;lake;false;lakes;0
1413;217;169;204;land;true;plains;1
1414;234;87;180;land;true;desert;1
1415;133;232;249;land;false;mountain;1
1416;155;178;219;land;false;mountain;1
1417;223;229;219;land;false;forest;1
1418;183;228;120;land;false;plains;1
1419;3;32;71;land;false;urban;1
1420;175;254;99;land;true;desert;1
1421;225;198;224;land;false;forest;1
1422;204;88;209;land;false;forest;1
1423;230;45;239;land;false;forest;1
1424;192;231;99;land;true;urban;1
1425;212;154;231;land;true;desert;1
1426;209;232;83;land;false;desert;1
1427;242;158;201;land;false;desert;1
1428;137;247;223;land;true;plains;1
1429;166;201;192;land;true;mountain;1
1430;145;124;239;land;true;hills;1
1431;166;206;242;land;true;urban;1
1432;229;234;206;land;true;desert;1
1433;236;108;201;land;false;desert;1
1434;229;186;157;land;false;plains;1
1435;234;253;116;land;false;plains;1
1436;192;196;246;land;false;jungle;1
1437;45;246;247;land;false;plains;1
1438;105;200;254;land;false;mountain;1
1439;230;193;188;land;false;jungle;1
1440;118;214;240;land;false;mountain;1
1441;123;221;215;land;false;hills;1
1442;203;176;129;land;true;mountain;1
1443;210;198;147;land;true;mountain;1
1444;13;41;48;land;false;urban;1
1445;137;248;117;land;false;mountain;1
1446;243;186;246;land;false;urban;1
1447;26;37;85;land;true;urban;1
1448;47;230;238;land;false;jungle;1
1449;154;173;212;land;true;jungle;1
1450;201;113;197;land;false;forest;1
1451;161;157;195;land;true;plains;1
1452;187;228;88;land;false;urban;1
1453;222;218;225;land;false;mountain;1
1454;233;181;136;land;false;plains;1
1455;195;206;149;land;false;desert;1
1456;124;238;206;land;false;forest;1
1457;200;253;105;land;true;plains;1
1458;140;226;240;land;true;mountain;1
1459;247;236;50;land;false;desert;1
1460;39;232;243;land;false;mountain;1
1461;161;170;171;land;false;jungle;1
1462;254;65;225;land;true;plains;1
1463;215;51;240;land;false;hills;1
1464;70;15;37;land;false;urban;1
1465;221;193;102;land;false;forest;1
1466;198;189;215;land;false;jungle;1
1467;151;251;224;land;false;jungle;1
1468;62;242;207;land;false;mountain;1
1469;15;99;26;sea;true;ocean;0
1470;179;231;120;land;true;desert;1
1471;90;221;219;land;false;desert;1
1472;236;158;171;land;false;forest;1
1473;173;238;159;land;false;mountain;1
1474;233;63;224;land;true;urban;1
1475;253;224;173;land;true;plains;1
1476;5;6;132;land;false;urban;1
1477;161;246;180;land;false;jungle;1
1478;247;232;224;land;false;mountain;1
1479;239;223;166;land;true;hills;1
1480;254;244;145;land;false;desert;1
1481;228;242;104;land;true;plains;1
1482;241;96;224;land;true;urban;1
1483;244;242;108;land;false;urban;1
1484;232;102;183;land;true;urban;1
1485;196;193;217;land;true;plains;1
1486;239;139;201;land;false;hills;1
1487;225;220;224;land;false;desert;1
1488;198;184;224;land;true;plains;1
1489;178;131;201;land;false;desert;1
1490;144;202;164;land;false;desert;1
1491;11;5;103;land;true;hills;1
1492;83;237;223;land;false;forest;1
1493;134;208;185;land;false;forest;1
1494;205;216;232;land;false;desert;1
1495;145;239;193;land;false;urban;1
1496;191;216;241;land;true;plains;1
1497;35;53;15;land;true;urban;1
1498;111;222;208;land;false;desert;1
1499;218;238;53;land;true;forest;1
1500;5;65;38;land;false;jungle;1
1501;239;209;69;land;true;hills;1
1502;187;220;196;land;false;desert;1
1503;238;212;102;land;false;plains;1
1504;79;17;21;land;false;urban;1
1505;8;40;92;land;true;plains;1
1506;201;112;190;land;false;jungle;1
1507;245;58;215;land;false;jungle;1
1508;95;200;215;land;true;plains;1
1509;245;236;254;land;true;plains;1
1510;245;220;171;land;true;hills;1
1511;239;241;224;land;true;mountain;1
1512;193;181;167;land;false;plains;1
1513;248;128;182;land;true;desert;1
1514;130;164;224;land;false;mountain;1
1515;100;199;248;land;false;mountain;1
1516;164;177;253;land;false;plains;1
1517;242;124;207;land;true;hills;1
1518;160;214;217;land;false;forest;1
1519;159;243;190;land;false;plains;1
1520;184;168;191;land;false;mountain;1
1521;242;168;181;land;true;hills;1
1522;145;206;227;land;true;plains;1
1523;193;169;168;land;false;plains;1
1524;224;155;181;land;false;desert;1
1525;254;180;90;land;true;mountain;1
1526;148;196;190;land;false;forest;1
1527;154;242;248;land;false;desert;1
1528;158;233;197;land;true;mountain;1
1529;132;186;208;land;true;mountain;1
1530;191;221;218;land;false;jungle;1
1531;111;168;250;land;false;plains;1
1532;253;97;245;land;false;plains;1
1533;249;60;239;land;true;hills;1
1534;241;107;193;land;false;desert;1
1535;128;144;242;land;false;desert;1
1536;163;175;231;land;false;plains;1
1537;251;98;175;land;true;jungle;1
1538;225;223;247;land;true;forest;1
1539;253;175;222;land;false;forest;1
1540;211;89;226;land;false;forest;1
1541;10;78;39;land;false;plains;1
1542;95;167;244;land;true;mountain;1
1543;105;199;224;land;true;forest;1
1544;230;122;163;land;true;desert;1
1545;175;240;89;land;false;desert;1
1546;199;173;145;land;false;desert;1
1547;196;226;162;land;false;desert;1
1548;67;244;254;land;false;mountain;1
1549;208;251;88;land;false;desert;1
1550;215;166;149;land;true;plains;1
1551;189;252;221;land;true;desert;1
1552;223;69;212;land;false;desert;1
1553;117;217;248;land;false;mountain;1
1554;229;234;186;land;false;jungle;1
1555;74;241;248;land;true;plains;1
1556;217;92;215;land;true;forest;1
1557;209;112;191;land;true;mountain;1
1558;244;138;155;land;false;forest;1
1559;213;78;237;land;false;mountain;1
1560;244;161;129;land;true;plains;1
1561;204;123;228;land;true;forest;1
1562;237;87;184;land;false;plains;1
1563;212;96;221;land;true;jungle;1
1564;101;212;235;land;false;jungle;1
1565;158;150;204;land;false;forest;1
1566;150;246;243;land;false;mountain;1
1567;207;130;243;land;false;plains;1
1568;144;211;252;land;true;plains;1
1569;130;204;186;land;false;desert;1
1570;201;75;241;land;false;hills;1
1571;254;142;209;land;false;forest;1
1572;75;249;178;land;false;plains;1
1573;230;177;177;land;false;hills;1
1574;64;253;188;land;false;forest;1
1575;207;174;207;land;false;plains;1
1576;153;194;235;land;false;mountain;1
1577;215;227;150;land;false;forest;1
1578;155;226;214;land;false;desert;1
1579;217;193;144;land;true;jungle;1
1580;65;204;244;land;true;hills;1
1581;119;150;233;land;false;hills;1
1582;133;182;250;land;false;plains;1
1583;140;243;155;land;false;plains;1
1584;175;206;152;land;false;jungle;1
1585;177;131;194;land;false;desert;1
1586;82;175;248;land;false;desert;1
1587;227;73;253;land;false;forest;1
1588;136;223;204;land;false;forest;1
1589;136;149;248;land;false;plains;1
1590;175;216;112;land;true;plains;1
1591;83;12;14;land;true;urban;1
1592;171;162;245;land;true;hills;1
1593;165;96;249;land;true;plains;1
1594;191;217;197;land;true;forest;1
1595;233;221;224;land;false;jungle;1
1596;227;230;89;land;false;mountain;1
1597;176;115;235;land;false;desert;1
1598;123;145;237;land;false;forest;1
1599;155;173;193;land;false;hills;1
1600;231;254;140;land;true;desert;1
1601;248;65;219;land;true;mountain;1
1602;145;220;232;land;true;mountain;1
1603;53;254;195;land;false;mountain;1
1604;183;210;171;land;false;mountain;1
1605;192;235;126;land;false;hills;1
1606;209;254;238;land;true;jungle;1
1607;185;230;154;land;false;forest;1
1608;88;201;246;land;false;jungle;1
1609;234;43;249;land;false;plains;1
1610;250;197;212;land;true;mountain;1
1611;250;173;152;land;false;hills;1
1612;252;152;106;land;false;hills;1
1613;242;175;215;land;false;forest;1
1614;246;46;235;land;false;jungle;1
1615;117;253;247;land;false;mountain;1
1616;199;161;149;land;false;desert;1
1617;193;249;147;land;true;mountain;1
1618;155;171;196;land;true;plains;1
1619;253;219;109;land;false;mountain;1
1620;206;195;244;land;true;hills;1
1621;130;246;172;land;true;plains;1
1622;50;219;251;land;true;forest;1
1623;41;29;31;land;true;urban;1
1624;170;254;151;land;false;forest;1
1625;156;188;242;land;false;plains;1
1626;232;223;170;land;false;forest;1
1627;44;43;54;land;false;hills;1
1628;173;209;213;land;false;hills;1
1629;159;166;178;land;false;hills;1
1630;192;252;241;land;true;mountain;1
1631;172;227;191;land;true;forest;1
1632;200;194;178;land;false;jungle;1
1633;186;246;192;land;false;desert;1
1634;232;254;88;land;true;plains;1
1635;177;179;242;land;false;hills;1
1636;118;205;235;land;false;forest;1
1637;150;178;238;land;true;desert;1
1638;226;216;67;land;true;desert;1
1639;226;167;232;land;false;desert;1
1640;172;178;211;land;false;desert;1
1641;241;41;240;land;true;hills;1
1642;214;239;204;land;false;hills;1
1643;114;198;221;land;false;forest;1
1644;59;234;217;land;false;desert;1
1645;39;49;39;land;false;plains;1
1646;57;250;243;land;false;plains;1
1647;222;233;149;land;false;desert;1
1648;193;169;188;land;false;desert;1
1649;181;209;190;lake;false;lakes;0
1650;152;232;192;land;false;mountain;1
1651;171;179;154;land;false;jungle;1
1652;212;89;244;land;true;plains;1
1653;232;204;177;land;false;plains;1
1654;82;211;217;land;true;hills;1
1655;248;202;249;land;true;plains;1
1656;235;187;174;land;true;desert;1
1657;216;194;229;land;true;desert;1
1658;16;79;32;land;true;urban;1
1659;59;47;32;land;false;urban;1
1660;12;70;30;land;false;urban;1
1661;156;135;228;land;false;forest;1
1662;53;245;225;land;false;forest;1
1663;219;140;247;land;true;mountain;1
1664;120;231;227;land;false;forest;1
1665;225;191;91;land;true;hills;1
1666;157;115;248;land;false;desert;1
1667;249;160;113;land;false;hills;1
1668;241;152;229;land;false;mountain;1
1669;254;42;219;land;true;hills;1
1670;34;221;250;land;false;mountain;1
1671;83;203;235;land;false;forest;1
1672;192;130;213;land;false;jungle;1
1673;183;141;209;land;true;hills;1
1674;59;22;28;land;false;hills;1
1675;206;87;231;land;true;mountain;1
1676;211;222;234;land;false;desert;1
1677;208;199;188;land;false;mountain;1
1678;98;238;196;land;true;hills;1
1679;116;177;233;land;false;mountain;1
1680;177;248;183;land;false;jungle;1
1681;181;228;99;land;false;plains;1
1682;87;238;253;land;false;desert;1
1683;228;114;244;land;true;plains;1
1684;74;226;230;land;false;desert;1
1685;213;189;197;land;false;desert;1
1686;177;219;175;land;true;desert;1
1687;167;246;156;land;false;jungle;1
1688;38;246;228;land;false;mountain;1
1689;252;155;121;land;false;mountain;1
1690;17;23;103;land;true;urban;1
1691;112;242;167;land;false;mountain;1
1692;233;57;223;land;false;mountain;1
1693;221;242;69;land;true;mountain;1
1694;249;108;168;land;true;jungle;1
1695;220;137;167;land;true;plains;1
1696;219;206;101;land;true;desert;1
1697;194;227;208;land;false;desert;1
1698;235;250;126;land;false;desert;1
1699;251;117;254;land;true;hills;1
1700;220;147;147;land;false;forest;1
1701;46;39;55;land;false;jungle;1
1702;166;170;254;land;false;forest;1
1703;12;70;24;land;false;forest;1
1704;243;30;240;land;false;plains;1
1705;1;131;10;land;true;urban;1
1706;184;75;253;land;false;plains;1
1707;227;238;45;land;false;desert;1
1708;178;244;196;land;true;plains;1
1709;203;174;205;land;false;mountain;1
1710;226;186;154;land;false;desert;1
1711;164;144;220;land;false;plains;1
1712;224;245;67;lake;false;lakes;0
1713;201;233;156;land;false;forest;1
1714;252;231;165;land;false;mountain;1
1715;100;178;228;land;false;forest;1
1716;190;243;106;land;true;plains;1
1717;161;215;157;land;false;desert;1
1718;205;243;55;land;false;desert;1
1719;231;228;125;land;false;plains;1
1720;234;81;221;land;true;hills;1
1721;157;164;206;land;true;forest;1
1722;228;246;73;land;false;desert;1
1723;75;220;208;land;false;plains;1
1724;149;248;196;land;false;plains;1
1725;227;160;237;land;false;mountain;1
1726;251;146;107;land;true;hills;1
1727;200;193;236;land;false;mountain;1
1728;238;230;189;land;true;mountain;1
1729;247;33;227;land;true;plains;1
1730;173;177;240;land;true;desert;1
1731;234;162;231;land;true;desert;1
1732;223;198;205;land;true;plains;1
1733;227;185;106;land;true;jungle;1
1734;230;249;254;land;false;jungle;1
1735;241;190;85;land;false;jungle;1
1736;226;199;164;land;false;desert;1
1737;97;244;177;land;false;hills;1
1738;234;196;207;land;true;desert;1
1739;252;208;114;land;false;desert;1
1740;232;25;248;land;false;desert;1
1741;185;103;214;land;true;plains;1
1742;124;190;210;land;false;mountain;1
1743;243;190;174;land;false;forest;1
1744;240;197;64;land;false;jungle;1
1745;231;201;131;land;true;hills;1
1746;1;22;97;land;true;urban;1
1747;166;233;225;land;false;forest;1
1748;179;231;161;land;false;plains;1
1749;253;164;140;land;false;plains;1
1750;202;243;147;land;true;mountain;1
1751;253;105;231;land;false;desert;1
1752;221;150;147;land;true;plains;1
1753;196;247;220;land;true;plains;1
1754;231;207;116;land;false;plains;1
1755;247;240;180;land;true;plains;1
1756;231;57;224;land;false;mountain;1
1757;206;133;241;lake;false;lakes;0
1758;191;254;169;land;true;hills;1
1759;231;182;192;land;false;mountain;1
1760;210;188;228;land;false;jungle;1
1761;243;252;67;land;false;jungle;1
1762;190;191;230;land;false;jungle;1
1763;210;102;189;land;false;forest;1
1764;186;243;141;land;false;desert;1
1765;203;246;126;land;false;hills;1
1766;73;247;210;land;false;forest;1
1767;8;68;68;land;false;urban;1
1768;240;218;99;land;false;hills;1
1769;101;247;233;land;true;hills;1
1770;191;110;237;land;false;jungle;1
1771;202;247;179;land;false;forest;1
1772;240;245;130;land;false;forest;1
1773;248;209;52;land;false;desert;1
1774;142;154;246;land;false;desert;1
1775;206;77;222;land;false;plains;1
1776;227;124;210;land;false;hills;1
1777;172;239;118;land;false;plains;1
1778;245;226;195;land;false;desert;1
1779;209;138;194;land;false;plains;1
1780;205;231;131;land;false;desert;1
1781;11;77;29;land;false;plains;1
1782;150;248;126;land;false;desert;1
1783;183;170;243;land;true;desert;1
1784;254;37;226;land;true;plains;1
1785;227;194;118;land;true;hills;1
1786;245;227;212;land;true;plains;1
1787;216;248;91;land;true;hills;1
1788;122;176;222;land;false;mountain;1
1789;207;220;85;land;false;desert;1
1790;133;247;244;land;false;desert;1
1791;236;100;186;land;false;desert;1
1792;183;203;194;land;true;jungle;1
1793;99;180;246;land;false;mountain;1
1794;223;191;116;land;false;desert;1
1795;129;251;245;land;false;mountain;1
1796;74;22;33;land;true;urban;1
1797;136;211;234;land;false;forest;1
1798;231;222;235;land;false;plains;1
1799;228;181;168;land;true;plains;1
1800;244;169;215;land;false;desert;1
1801;216;224;247;land;false;plains;1
1802;50;52;1;land;false;urban;1
1803;179;202;136;land;false;mountain;1
1804;202;173;207;land;false;jungle;1
1805;192;231;124;land;false;hills;1
1806;220;104;201;land;false;hills;1
1807;251;111;227;land;false;hills;1
1808;197;197;219;land;true;desert;1
1809;218;217;159;land;false;mountain;1
1810;153;150;212;land;false;plains;1
1811;199;113;203;land;false;plains;1
1812;103;172;229;land;true;hills;1
1813;237;90;211;land;false;mountain;1
1814;177;109;249;land;false;hills;1
1815;208;218;184;land;false;desert;1
1816;177;160;207;land;false;desert;1
1817;121;235;222;land;false;desert;1
1818;246;134;143;land;false;plains;1
1819;31;58;45;land;false;urban;1
1820;180;234;150;land;false;plains;1
1821;120;184;199;land;true;hills;1
1822;12;52;47;land;false;hills;1
1823;229;200;111;land;false;desert;1
1824;196;226;85;land;false;desert;1
1825;83;226;203;land;false;mountain;1
1826;193;83;251;land;false;plains;1
1827;184;205;148;land;true;hills;1
1828;216;233;202;land;false;mountain;1
1829;152;233;123;land;true;mountain;1
1830;92;210;242;land;false;hills;1
1831;198;232;214;land;false;mountain;1
1832;227;237;136;land;false;mountain;1
1833;251;80;194;land;true;hills;1
1834;231;217;65;land;false;desert;1
1835;76;244;232;land;false;plains;1
1836;5;8;102;land;true;urban;1
1837;213;246;214;land;true;plains;1
1838;195;229;130;land;true;desert;1
1839;155;254;241;land;false;jungle;1
1840;251;227;80;land;false;plains;1
1841;113;212;197;land;false;jungle;1
1842;202;243;83;land;false;plains;1
1843;96;224;199;land;true;plains;1
1844;230;207;209;land;true;plains;1
1845;234;122;235;land;false;hills;1
1846;220;223;146;land;false;hills;1
1847;219;68;231;land;false;mountain;1
1848;179;173;254;land;false;desert;1
1849;168;161;210;land;false;desert;1
1850;7;19;89;land;true;urban;1
1851;187;254;108;land;false;mountain;1
1852;206;207;121;land;false;jungle;1
1853;136;253;144;land;false;hills;1
1854;250;241;146;land;false;desert;1
1855;179;242;81;land;false;desert;1
1856;195;244;117;land;true;hills;1
1857;245;200;65;land;false;plains;1
1858;208;102;200;land;false;forest;1
1859;242;175;207;land;false;hills;1
1860;183;143;201;land;true;plains;1
1861;80;239;221;land;true;urban;1
1862;187;226;140;land;true;hills;1
1863;169;156;225;land;true;mountain;1
1864;177;179;165;land;true;hills;1
1865;119;214;193;land;false;mountain;1
1866;108;202;204;land;false;mountain;1
1867;231;243;158;land;true;plains;1
1868;223;221;199;land;true;plains;1
1869;252;230;25;land;true;jungle;1
1870;233;208;105;land;false;forest;1
1871;113;162;250;land;false;jungle;1
1872;146;252;166;land;true;desert;1
1873;152;189;250;land;true;hills;1
1874;215;206;86;land;true;plains;1
1875;244;247;62;land;false;plains;1
1876;193;246;195;land;true;desert;1
1877;5;39;101;land;true;urban;1
1878;215;233;225;land;true;jungle;1
1879;223;207;253;land;true;jungle;1
1880;196;188;147;land;false;jungle;1
1881;142;202;201;land;false;hills;1
1882;175;191;164;land;false;mountain;1
1883;243;228;77;land;false;forest;1
1884;101;213;222;land;true;desert;1
1885;207;233;68;land;false;desert;1
1886;150;252;200;land;true;plains;1
1887;221;134;163;land;false;hills;1
1888;201;217;238;land;true;hills;1
1889;196;233;183;land;false;jungle;1
1890;183;248;91;land;true;jungle;1
1891;222;181;111;land;false;desert;1
1892;221;202;163;land;false;desert;1
1893;224;138;176;land;false;desert;1
1894;181;160;174;land;false;plains;1
1895;230;107;174;land;false;mountain;1
1896;252;210;206;land;false;mountain;1
1897;128;201;187;land;true;hills;1
1898;186;148;228;land;true;hills;1
1899;191;222;163;land;false;mountain;1
1900;228;195;250;land;false;plains;1
1901;159;254;174;land;true;plains;1
1902;207;218;158;land;true;hills;1
1903;240;131;152;land;false;desert;1
1904;250;95;165;land;false;plains;1
1905;239;66;201;land;false;mountain;1
1906;205;217;220;land;false;forest;1
1907;226;244;115;land;false;plains;1
1908;199;165;164;land;false;hills;1
1909;99;248;241;land;false;hills;1
1910;240;242;200;land;false;hills;1
1911;239;185;89;land;false;desert;1
1912;108;222;182;land;true;jungle;1
1913;57;57;20;land;false;plains;1
1914;219;102;194;land;false;forest;1
1915;228;117;202;land;false;hills;1
1916;230;167;244;land;false;desert;1
1917;231;233;204;land;false;mountain;1
1918;42;40;44;land;false;urban;1
1919;112;247;199;land;false;jungle;1
1920;111;179;229;land;true;plains;1
1921;76;30;18;land;false;plains;1
1922;191;251;238;land;false;mountain;1
1923;250;97;214;land;false;plains;1
1924;248;157;120;land;true;plains;1
1925;254;242;81;land;true;hills;1
1926;189;144;181;land;true;jungle;1
1927;54;229;245;land;false;desert;1
1928;196;174;192;land;true;desert;1
1929;228;182;246;land;false;plains;1
1930;102;227;225;land;false;plains;1
1931;201;148;197;land;false;plains;1
1932;162;137;210;land;false;mountain;1
1933;94;251;244;land;false;desert;1
1934;102;194;212;land;true;hills;1
1935;115;180;248;land;false;forest;1
1936;90;208;210;land;false;plains;1
1937;241;181;236;land;false;plains;1
1938;174;217;185;land;false;hills;1
1939;243;184;252;land;false;mountain;1
1940;233;236;34;land;false;desert;1
1941;167;149;252;land;false;desert;1
1942;115;193;216;land;false;mountain;1
1943;247;192;217;land;true;plains;1
1944;81;18;26;land;true;urban;1
1945;145;158;213;land;false;hills;1
1946;143;253;152;land;true;hills;1
1947;218;251;88;land;true;jungle;1
1948;183;218;131;land;false;forest;1
1949;238;221;250;land;false;plains;1
1950;251;97;245;land;true;hills;1
1951;173;229;174;land;true;desert;1
1952;206;94;223;land;false;desert;1
1953;163;157;196;land;true;desert;1
1954;51;56;11;land;false;urban;1
1955;220;197;100;land;false;desert;1
1956;249;44;246;land;false;plains;1
1957;254;7;240;land;false;forest;1
1958;234;61;245;land;true;mountain;1
1959;221;228;148;land;false;jungle;1
1960;228;190;175;land;false;jungle;1
1961;143;142;228;land;false;jungle;1
1962;243;242;29;land;false;plains;1
1963;78;206;233;land;false;jungle;1
1964;233;229;154;land;false;jungle;1
1965;105;187;225;land;false;hills;1
1966;236;229;69;land;true;plains;1
1967;14;0;130;land;false;plains;1
1968;221;131;168;land;false;desert;1
1969;65;253;201;land;false;desert;1
1970;193;171;176;land;true;plains;1
1971;218;170;166;land;false;plains;1
1972;216;176;126;land;true;plains;1
1973;200;205;187;land;true;urban;1
1974;167;212;172;land;true;mountain;1
1975;217;171;163;land;false;mountain;1
1976;114;142;248;land;false;plains;1
1977;229;170;184;land;false;desert;1
1978;117;248;226;land;false;mountain;1
1979;151;118;254;land;false;desert;1
1980;220;144;194;land;false;desert;1
1981;234;200;151;land;false;desert;1
1982;169;247;118;land;false;jungle;1
1983;178;235;146;land;false;hills;1
1984;76;246;222;land;false;hills;1
1985;187;151;219;land;false;mountain;1
1986;154;212;165;land;false;desert;1
1987;172;225;221;land;false;desert;1
1988;196;236;102;land;false;desert;1
1989;244;226;227;land;false;desert;1
1990;206;178;152;land;false;desert;1
1991;197;216;242;land;false;plains;1
1992;254;234;233;lake;false;lakes;0
1993;177;123;202;land;false;forest;1
1994;165;186;196;land;false;forest;1
1995;193;147;179;land;true;plains;1
1996;164;161;245;land;false;hills;1
1997;69;253;233;land;false;mountain;1
1998;130;245;250;land;true;desert;1
1999;242;98;232;land;false;desert;1
2000;221;75;240;land;false;plains;1
2001;201;201;177;land;false;plains;1
2002;169;250;114;land;false;desert;1
2003;116;217;188;land;false;forest;1
2004;179;186;153;land;false;plains;1
2005;233;75;233;land;false;mountain;1
2006;12;97;31;land;false;urban;1
2007;224;178;110;land;false;plains;1
2008;223;139;156;land;true;hills;1
2009;237;244;62;land;true;hills;1
2010;136;218;187;land;false;plains;1
2011;209;242;200;land;false;desert;1
2012;174;197;195;land;false;mountain;1
2013;224;127;188;land;true;hills;1
2014;194;243;175;land;false;mountain;1
2015;231;219;70;land;true;mountain;1
2016;184;125;238;land;true;mountain;1
2017;215;118;197;land;false;jungle;1
2018;213;251;52;land;false;jungle;1
2019;181;183;234;land;false;jungle;1
2020;241;185;89;land;false;jungle;1
2021;235;222;101;land;false;plains;1
2022;253;179;88;land;false;plains;1
2023;245;222;208;land;false;forest;1
2024;253;217;122;land;false;plains;1
2025;103;228;231;land;false;desert;1
2026;160;234;179;land;false;plains;1
2027;163;174;178;land;true;hills;1
2028;16;36;62;land;false;urban;1
2029;189;235;253;land;false;mountain;1
2030;169;100;239;land;false;mountain;1
2031;160;171;253;land;false;mountain;1
2032;201;166;170;land;false;plains;1
2033;246;193;157;land;false;mountain;1
2034;182;172;184;land;false;plains;1
2035;139;196;185;land;false;desert;1
2036;93;211;233;land;false;plains;1
2037;141;182;238;lake;false;lakes;0
2038;253;202;178;land;true;jungle;1
2039;249;226;118;land;false;jungle;1
2040;206;209;192;land;true;desert;1
2041;117;213;203;land;false;desert;1
2042;219;29;107;lake;false;lakes;0
2043;195;127;226;land;true;hills;1
2044;92;232;241;land;false;jungle;1
2045;79;249;247;land;false;plains;1
2046;234;161;160;land;false;mountain;1
2047;166;236;249;land;false;mountain;1
2048;136;182;208;land;false;hills;1
2049;195;111;214;land;true;mountain;1
2050;213;222;153;land;false;plains;1
2051;156;234;112;land;true;desert;1
2052;35;234;246;land;false;desert;1
2053;214;220;84;land;true;hills;1
2054;153;130;219;land;true;hills;1
2055;159;220;146;land;false;hills;1
2056;63;29;12;land;false;mountain;1
2057;149;135;236;land;false;jungle;1
2058;227;224;223;land;false;jungle;1
2059;173;158;219;land;false;plains;1
2060;177;224;205;land;true;plains;1
2061;254;228;207;land;false;hills;1
2062;200;220;169;land;false;desert;1
2063;228;136;171;land;false;mountain;1
2064;165;220;243;land;true;hills;1
2065;208;178;160;lake;false;lakes;0
2066;230;225;59;land;false;hills;1
2067;192;123;249;land;true;hills;1
2068;206;192;114;land;false;plains;1
2069;184;185;180;land;false;mountain;1
2070;203;222;157;land;false;plains;1
2071;248;213;50;land;false;desert;1
2072;208;157;249;land;false;desert;1
2073;175;87;248;land;false;mountain;1
2074;53;83;2;land;false;urban;1
2075;197;201;175;land;false;desert;1
2076;147;241;217;land;true;hills;1
2077;124;249;136;land;true;jungle;1
2078;251;83;185;land;false;jungle;1
2079;252;199;182;land;false;forest;1
2080;215;150;208;land;false;plains;1
2081;222;128;204;land;false;desert;1
2082;79;183;248;land;false;desert;1
2083;241;254;51;land;true;mountain;1
2084;135;253;229;land;false;plains;1
2085;213;145;223;land;true;desert;1
2086;174;126;234;land;false;desert;1
2087;209;209;91;land;false;mountain;1
2088;233;192;77;land;false;desert;1
2089;59;47;15;land;false;urban;1
2090;246;45;212;land;true;hills;1
2091;221;164;185;land;false;mountain;1
2092;105;200;196;land;false;jungle;1
2093;192;212;179;land;false;plains;1
2094;221;148;145;land;true;desert;1
2095;135;5;0;land;true;urban;1
2096;147;155;234;land;false;mountain;1
2097;224;98;246;land;false;hills;1
2098;211;188;175;land;true;plains;1
2099;187;154;182;land;false;hills;1
2100;116;214;213;land;false;mountain;1
2101;231;180;229;land;false;desert;1
2102;233;131;201;land;false;desert;1
2103;247;174;152;land;false;plains;1
2104;115;205;244;land;false;plains;1
2105;161;142;245;land;false;hills;1
2106;146;161;248;land;false;hills;1
2107;246;161;181;land;false;mountain;1
2108;186;248;216;land;true;hills;1
2109;225;208;198;land;false;plains;1
2110;17;1;114;land;false;plains;1
2111;246;165;229;land;false;plains;1
2112;253;168;137;land;true;mountain;1
2113;111;180;219;lake;false;lakes;0
2114;2;6;107;land;true;urban;1
2115;143;197;199;land;false;mountain;1
2116;161;228;175;land;true;jungle;1
2117;202;118;217;land;false;jungle;1
2118;231;111;228;land;false;forest;1
2119;159;216;171;land;false;plains;1
2120;229;166;184;land;false;desert;1
2121;204;145;153;land;false;desert;1
2122;145;193;168;land;false;plains;1
2123;193;201;124;land;true;plains;1
2124;115;216;219;land;false;hills;1
2125;173;229;240;land;false;hills;1
2126;234;225;46;land;false;hills;1
2127;77;246;211;land;false;plains;1
2128;245;48;237;land;false;plains;1
2129;190;189;169;land;true;plains;1
2130;201;235;166;land;false;desert;1
2131;229;239;92;land;false;desert;1
2132;243;239;230;land;false;plains;1
2133;249;238;85;land;false;hills;1
2134;205;86;252;land;false;jungle;1
2135;247;177;180;land;false;plains;1
2136;146;254;233;land;true;plains;1
2137;13;89;41;land;false;urban;1
2138;251;153;204;land;false;desert;1
2139;143;198;165;lake;false;lakes;0
2140;151;233;145;land;false;hills;1
2141;142;206;163;land;true;mountain;1
2142;154;159;193;land;false;jungle;1
2143;143;214;247;land;false;mountain;1
2144;248;236;161;land;false;mountain;1
2145;249;38;219;land;true;plains;1
2146;235;221;122;land;false;desert;1
2147;246;218;60;land;true;desert;1
2148;230;34;253;land;false;desert;1
2149;242;164;217;land;false;desert;1
2150;194;234;114;land;false;mountain;1
2151;241;59;251;land;true;plains;1
2152;126;176;231;land;true;hills;1
2153;184;190;251;land;false;hills;1
2154;6;98;7;land;true;plains;1
2155;222;211;124;land;true;hills;1
2156;249;241;20;land;true;hills;1
2157;99;164;245;land;false;mountain;1
2158;5;25;84;land;false;jungle;1
2159;224;92;239;land;false;desert;1
2160;218;63;254;land;false;plains;1
2161;230;186;129;land;true;desert;1
2162;230;192;169;land;false;mountain;1
2163;199;219;239;land;true;hills;1
2164;249;172;162;land;false;hills;1
2165;134;196;194;land;false;plains;1
2166;97;254;170;land;false;mountain;1
2167;171;165;176;land;true;desert;1
2168;206;245;112;land;false;plains;1
2169;161;250;155;land;false;plains;1
2170;249;252;85;land;true;desert;1
2171;51;20;53;land;false;urban;1
2172;148;160;207;land;false;desert;1
2173;208;248;200;land;false;plains;1
2174;148;198;232;land;true;hills;1
2175;242;149;183;land;true;jungle;1
2176;251;152;167;land;false;forest;1
2177;250;157;198;land;true;desert;1
2178;210;175;238;land;false;hills;1
2179;52;0;70;land;false;plains;1
2180;166;147;200;land;false;plains;1
2181;242;173;250;land;false;hills;1
2182;98;191;246;land;false;forest;1
2183;186;154;206;land;false;hills;1
2184;213;135;243;land;true;desert;1
2185;48;40;52;land;false;urban;1
2186;165;215;204;land;false;desert;1
2187;175;138;228;land;false;desert;1
2188;111;205;217;land;false;hills;1
2189;232;172;118;land;false;mountain;1
2190;253;175;254;land;true;desert;1
2191;226;252;235;land;false;mountain;1
2192;228;104;231;land;true;hills;1
2193;209;159;175;land;true;mountain;1
2194;59;23;38;land;false;urban;1
2195;224;207;162;land;false;plains;1
2196;202;231;211;land;false;jungle;1
2197;246;170;106;land;false;plains;1
2198;239;243;54;land;false;mountain;1
2199;201;238;170;land;false;mountain;1
2200;100;214;216;land;true;hills;1
2201;198;217;217;land;true;plains;1
2202;151;192;253;land;false;desert;1
2203;248;238;123;land;true;hills;1
2204;232;204;79;land;true;mountain;1
2205;202;166;251;land;false;forest;1
2206;71;239;228;land;false;forest;1
2207;170;242;200;land;false;mountain;1
2208;20;68;38;land;false;plains;1
2209;223;230;193;land;false;plains;1
2210;209;213;215;land;true;plains;1
2211;240;235;122;land;false;desert;1
2212;224;211;69;land;false;desert;1
2213;65;62;5;land;false;mountain;1
2214;221;222;226;land;true;mountain;1
2215;207;210;153;land;false;forest;1
2216;186;143;208;land;false;forest;1
2217;231;238;133;land;false;hills;1
2218;194;118;247;land;true;hills;1
2219;176;160;175;land;false;mountain;1
2220;195;92;242;land;false;desert;1
2221;158;249;189;land;true;mountain;1
2222;150;240;160;land;false;mountain;1
2223;235;249;33;land;true;jungle;1
2224;153;202;216;land;true;jungle;1
2225;158;245;108;land;true;desert;1
2226;137;235;183;land;false;forest;1
2227;198;150;253;land;false;plains;1
2228;135;240;199;land;false;plains;1
2229;48;231;243;land;false;desert;1
2230;116;237;180;land;false;desert;1
2231;76;239;200;land;false;desert;1
2232;225;227;91;land;false;hills;1
2233;71;254;204;land;true;hills;1
2234;171;200;252;land;true;plains;1
2235;46;72;29;land;true;urban;1
2236;116;189;207;land;false;mountain;1
2237;200;204;147;land;true;plains;1
2238;217;150;174;land;false;hills;1
2239;109;1;27;land;false;urban;1
2240;176;124;226;land;false;plains;1
2241;55;192;254;land;false;mountain;1
2242;223;168;237;land;false;desert;1
2243;95;245;207;land;false;mountain;1
2244;211;216;142;land;false;plains;1
2245;197;125;244;land;true;hills;1
2246;192;203;202;land;false;mountain;1
2247;215;235;72;land;false;mountain;1
2248;192;215;149;land;false;plains;1
2249;245;89;237;land;false;forest;1
2250;174;115;219;land;false;forest;1
2251;235;182;142;lake;false;lakes;0
2252;205;120;196;land;false;desert;1
2253;176;244;152;land;true;desert;1
2254;172;147;247;land;false;desert;1
2255;231;231;213;land;false;plains;1
2256;139;226;201;lake;false;lakes;0
2257;240;109;233;land;false;jungle;1
2258;196;249;66;land;false;forest;1
2259;168;182;160;land;false;hills;1
2260;166;193;172;land;false;hills;1
2261;238;240;24;land;false;hills;1
2262;129;244;139;land;true;plains;1
2263;148;243;221;land;true;plains;1
2264;96;193;245;land;false;mountain;1
2265;236;204;130;land;false;desert;1
2266;230;120;152;land;false;plains;1
2267;245;227;60;land;false;plains;1
2268;199;193;118;land;false;hills;1
2269;216;150;208;land;false;hills;1
2270;189;215;185;land;true;mountain;1
2271;185;230;191;land;false;mountain;1
2272;168;254;109;land;false;jungle;1
2273;204;171;177;land;false;mountain;1
2274;18;56;70;land;false;hills;1
2275;156;234;181;land;false;desert;1
2276;219;157;229;land;true;plains;1
2277;38;68;32;land;true;urban;1
2278;56;17;43;land;true;urban;1
2279;51;22;66;land;true;urban;1
2280;26;247;251;land;false;plains;1
2281;253;107;230;land;false;mountain;1
2282;55;248;227;land;false;mountain;1
2283;181;156;200;land;true;plains;1
2284;53;59;25;land;true;urban;1
2285;243;167;206;land;false;forest;1
2286;243;223;123;land;false;plains;1
2287;245;199;178;land;false;mountain;1
2288;3;93;38;land;true;urban;1
2289;235;170;176;land;false;plains;1
2290;252;150;154;land;true;desert;1
2291;183;235;181;land;false;mountain;1
2292;177;217;185;land;true;desert;1
2293;100;177;233;land;false;desert;1
2294;250;158;168;land;false;hills;1
2295;158;167;239;land;true;mountain;1
2296;119;241;240;land;false;mountain;1
2297;203;178;166;land;true;mountain;1
2298;111;247;147;land;false;forest;1
2299;240;71;224;land;false;plains;1
2300;71;246;239;land;false;plains;1
2301;192;142;204;land;false;hills;1
2302;40;1;82;land;false;urban;1
2303;90;242;241;land;true;hills;1
2304;199;155;230;land;true;hills;1
2305;208;192;244;land;false;desert;1
2306;17;34;69;land;false;desert;1
2307;193;189;164;land;false;desert;1
2308;245;227;232;land;false;plains;1
2309;208;192;125;land;true;plains;1
2310;186;239;186;land;false;plains;1
2311;100;9;40;land;false;plains;1
2312;210;156;214;land;false;desert;1
2313;246;198;164;land;false;desert;1
2314;170;246;246;land;false;hills;1
2315;105;10;1;land;true;urban;1
2316;226;55;247;land;true;mountain;1
2317;211;72;218;land;true;plains;1
2318;244;225;74;land;false;mountain;1
2319;166;247;239;land;false;plains;1
2320;217;229;112;land;false;jungle;1
2321;160;147;231;land;false;plains;1
2322;138;133;252;land;false;hills;1
2323;246;91;175;land;false;desert;1
2324;205;185;246;land;false;desert;1
2325;150;221;204;land;false;desert;1
2326;243;176;155;land;false;mountain;1
2327;222;199;220;land;false;mountain;1
2328;123;186;225;land;false;mountain;1
2329;132;218;224;land;false;mountain;1
2330;249;161;163;land;false;forest;1
2331;216;223;78;land;false;mountain;1
2332;213;112;222;land;false;mountain;1
2333;34;39;59;land;false;urban;1
2334;252;233;161;land;true;plains;1
2335;231;108;212;land;true;plains;1
2336;110;207;246;land;true;mountain;1
2337;198;102;227;land;false;desert;1
2338;138;239;236;land;false;desert;1
2339;238;121;170;land;false;hills;1
2340;209;101;235;land;false;mountain;1
2341;112;240;180;land;false;mountain;1
2342;95;254;173;land;false;mountain;1
2343;46;29;34;land;false;mountain;1
2344;191;214;151;land;false;jungle;1
2345;207;248;101;land;false;forest;1
2346;178;178;229;land;false;hills;1
2347;232;115;226;land;true;plains;1
2348;207;102;218;land;false;desert;1
2349;142;125;234;land;true;desert;1
2350;55;54;30;land;true;hills;1
2351;121;222;232;land;true;mountain;1
2352;229;223;124;land;false;mountain;1
2353;22;78;18;land;false;plains;1
2354;253;154;104;land;false;jungle;1
2355;209;91;219;land;true;plains;1
2356;124;186;221;land;true;hills;1
2357;207;183;172;land;true;plains;1
2358;172;152;228;land;true;desert;1
2359;164;165;233;land;false;desert;1
2360;199;214;89;land;false;mountain;1
2361;241;130;246;land;false;plains;1
2362;204;155;201;land;false;mountain;1
2363;95;228;201;land;true;urban;1
2364;0;77;69;land;true;urban;1
2365;241;180;151;land;false;mountain;1
2366;208;154;172;land;true;mountain;1
2367;167;189;219;land;false;mountain;1
2368;14;40;76;land;false;urban;1
2369;215;53;238;land;true;jungle;1
2370;81;234;216;land;false;forest;1
2371;225;231;191;land;false;plains;1
2372;54;41;12;land;false;hills;1
2373;243;151;192;land;true;hills;1
2374;132;238;229;land;false;desert;1
2375;94;211;243;land;false;desert;1
2376;249;120;171;land;false;desert;1
2377;223;203;232;land;false;mountain;1
2378;228;169;149;land;false;hills;1
2379;54;38;37;land;false;urban;1
2380;211;211;240;land;false;desert;1
2381;130;210;179;land;true;jungle;1
2382;243;177;84;land;false;forest;1
2383;24;94;1;land;false;plains;1
2384;214;192;238;land;false;desert;1
2385;40;9;60;land;false;desert;1
2386;97;14;26;land;false;urban;1
2387;197;247;236;land;false;plains;1
2388;67;46;12;land;false;urban;1
2389;93;23;11;land;false;urban;1
2390;190;158;235;land;false;mountain;1
2391;193;174;232;land;false;mountain;1
2392;227;182;187;land;true;hills;1
2393;100;243;192;land;false;mountain;1
2394;182;210;161;land;false;forest;1
2395;228;201;99;land;false;forest;1
2396;75;20;47;land;false;urban;1
2397;252;111;188;land;false;desert;1
2398;186;199;244;land;false;plains;1
2399;58;230;216;land;true;hills;1
2400;216;233;56;land;false;plains;1
2401;98;248;170;land;false;mountain;1
2402;223;252;176;land;false;mountain;1
2403;149;211;170;land;false;desert;1
2404;131;228;175;land;true;desert;1
2405;251;231;185;land;false;desert;1
2406;187;70;244;land;false;plains;1
2407;202;149;250;land;false;plains;1
2408;179;228;117;land;true;forest;1
2409;243;65;219;land;true;mountain;1
2410;241;120;202;land;false;mountain;1
2411;223;253;66;land;true;desert;1
2412;236;211;212;land;false;plains;1
2413;243;185;151;land;false;hills;1
2414;242;121;193;land;false;plains;1
2415;224;177;228;land;false;plains;1
2416;235;87;184;land;true;plains;1
2417;123;230;170;land;false;hills;1
2418;189;228;167;land;true;plains;1
2419;46;43;28;land;false;urban;1
2420;16;24;89;land;false;desert;1
2421;238;113;242;land;false;desert;1
2422;216;229;159;land;false;plains;1
2423;146;167;235;lake;false;lakes;0
2424;146;243;236;land;true;forest;1
2425;172;243;174;land;false;mountain;1
2426;172;235;175;land;true;mountain;1
2427;232;201;89;land;false;plains;1
2428;13;36;88;land;false;urban;1
2429;178;245;238;land;false;hills;1
2430;193;212;197;land;false;plains;1
2431;168;194;247;land;false;plains;1
2432;248;217;159;land;false;mountain;1
2433;150;175;223;land;false;desert;1
2434;241;95;210;land;false;desert;1
2435;205;220;234;land;false;desert;1
2436;67;230;227;land;false;plains;1
2437;109;12;23;land;true;hills;1
2438;36;37;44;land;true;urban;1
2439;244;120;142;land;false;plains;1
2440;73;193;247;land;true;desert;1
2441;16;117;9;land;false;plains;1
2442;193;185;232;land;false;hills;1
2443;111;254;208;land;false;plains;1
2444;157;202;225;land;true;mountain;1
2445;124;247;151;land;true;jungle;1
2446;162;225;252;land;true;jungle;1
2447;224;250;84;land;false;mountain;1
2448;100;223;233;land;false;hills;1
2449;117;228;194;land;false;desert;1
2450;72;236;230;land;false;mountain;1
2451;242;96;253;land;false;mountain;1
2452;202;234;66;land;true;hills;1
2453;49;43;10;land;true;urban;1
2454;32;2;109;land;true;hills;1
2455;173;135;230;land;false;mountain;1
2456;131;243;167;land;false;mountain;1
2457;200;237;211;land;false;desert;1
2458;99;220;252;land;false;hills;1
2459;57;31;42;land;false;urban;1
2460;218;221;149;land;false;hills;1
2461;141;186;207;land;true;desert;1
2462;0;61;55;land;false;urban;1
2463;242;225;69;land;false;desert;1
2464;218;165;144;land;false;desert;1
2465;32;84;30;land;true;hills;1
2466;207;56;242;land;false;mountain;1
2467;238;180;206;land;false;plains;1
2468;222;123;221;land;false;desert;1
2469;196;159;239;land;false;desert;1
2470;189;236;174;land;false;mountain;1
2471;113;205;246;land;false;desert;1
2472;238;52;221;land;true;hills;1
2473;152;120;243;land;false;hills;1
2474;21;22;66;land;true;urban;1
2475;229;173;144;land;false;forest;1
2476;151;203;230;land;false;forest;1
2477;200;125;176;land;false;plains;1
2478;254;252;236;land;true;desert;1
2479;80;22;4;land;false;urban;1
2480;87;236;219;land;false;hills;1
2481;215;245;233;land;false;hills;1
2482;203;157;233;land;true;plains;1
2483;11;66;67;land;true;urban;1
2484;99;251;192;land;false;desert;1
2485;206;227;182;land;false;plains;1
2486;220;237;128;land;false;plains;1
2487;253;176;184;land;false;mountain;1
2488;212;187;142;land;true;plains;1
2489;58;14;75;land;true;urban;1
2490;229;181;247;land;false;forest;1
2491;167;201;213;land;true;plains;1
2492;221;117;190;land;false;hills;1
2493;231;142;249;land;false;hills;1
2494;144;221;233;land;false;plains;1
2495;8;88;48;land;false;plains;1
2496;220;174;235;land;false;hills;1
2497;148;195;218;land;false;desert;1
2498;216;212;236;land;true;desert;1
2499;220;231;59;land;false;desert;1
2500;99;215;200;land;false;desert;1
2501;131;230;239;land;false;desert;1
2502;247;185;116;lake;false;lakes;0
2503;251;106;215;land;true;hills;1
2504;229;214;213;land;false;mountain;1
2505;239;158;137;land;false;forest;1
2506;180;233;234;land;false;forest;1
2507;55;208;240;land;false;forest;1
2508;252;131;188;land;false;mountain;1
2509;84;34;19;land;false;urban;1
2510;221;135;166;land;true;urban;1
2511;139;180;221;land;true;desert;1
2512;182;235;114;land;false;desert;1
2513;161;179;210;land;false;mountain;1
2514;158;183;236;land;false;plains;1
2515;139;225;238;land;false;desert;1
2516;193;193;205;lake;false;lakes;0
2517;216;198;137;land;true;hills;1
2518;182;236;113;land;true;hills;1
2519;242;104;170;land;true;mountain;1
2520;236;156;191;land;true;jungle;1
2521;32;248;245;land;false;jungle;1
2522;199;191;142;land;false;forest;1
2523;132;223;159;land;false;forest;1
2524;112;193;217;land;true;hills;1
2525;214;194;116;land;false;desert;1
2526;148;126;249;land;true;desert;1
2527;42;16;88;land;false;mountain;1
2528;46;36;57;land;false;desert;1
2529;247;224;168;land;false;desert;1
2530;13;83;17;land;false;urban;1
2531;27;17;58;land;false;hills;1
2532;35;20;66;land;true;urban;1
2533;125;227;244;land;false;plains;1
2534;114;162;254;land;true;hills;1
2535;235;178;183;land;true;mountain;1
2536;121;247;214;land;true;plains;1
2537;222;248;80;land;true;desert;1
2538;104;178;224;land;false;mountain;1
2539;57;234;220;land;false;desert;1
2540;143;224;168;land;false;desert;1
2541;229;189;145;land;false;mountain;1
2542;157;207;208;land;false;mountain;1
2543;244;234;238;land;true;jungle;1
2544;252;205;46;land;true;jungle;1
2545;254;196;99;land;false;forest;1
2546;13;69;49;land;false;desert;1
2547;241;130;173;land;false;plains;1
2548;213;234;104;land;true;mountain;1
2549;190;243;174;land;false;mountain;1
2550;43;3;71;land;false;urban;1
2551;148;177;209;land;false;mountain;1
2552;253;149;229;land;false;plains;1
2553;212;104;234;land;false;mountain;1
2554;164;203;243;land;true;hills;1
2555;230;223;113;land;false;mountain;1
2556;159;239;202;land;true;hills;1
2557;153;242;187;land;false;plains;1
2558;241;252;201;land;false;desert;1
2559;162;215;191;land;false;desert;1
2560;77;1;51;land;false;mountain;1
2561;222;251;149;land;false;desert;1
2562;245;52;236;land;false;plains;1
2563;81;252;231;land;false;hills;1
2564;88;245;230;land;false;mountain;1
2565;7;82;46;land;true;mountain;1
2566;94;21;14;land;false;urban;1
2567;197;209;254;land;true;mountain;1
2568;157;158;219;land;false;forest;1
2569;215;214;245;land;false;plains;1
2570;236;233;147;land;false;mountain;1
2571;246;243;51;land;true;plains;1
2572;247;146;248;land;false;plains;1
2573;117;207;208;land;false;hills;1
2574;252;226;132;land;false;desert;1
2575;223;86;248;land;true;desert;1
2576;152;229;203;land;false;desert;1
2577;249;167;168;land;false;desert;1
2578;227;220;121;land;false;desert;1
2579;194;122;214;land;false;plains;1
2580;214;70;235;land;true;forest;1
2581;232;239;157;land;true;mountain;1
2582;6;52;70;land;true;urban;1
2583;43;66;27;land;false;mountain;1
2584;72;40;31;land;false;mountain;1
2585;199;67;239;land;false;forest;1
2586;83;248;233;land;false;forest;1
2587;190;219;190;land;false;plains;1
2588;167;110;232;land;true;plains;1
2589;243;87;183;land;false;hills;1
2590;215;253;87;land;false;desert;1
2591;235;135;156;land;false;mountain;1
2592;182;144;219;land;false;mountain;1
2593;109;233;184;land;false;plains;1
2594;245;194;246;land;false;mountain;1
2595;195;208;190;land;true;plains;1
2596;180;150;183;land;true;hills;1
2597;201;175;138;land;false;hills;1
2598;162;118;228;land;true;hills;1
2599;226;240;183;land;true;desert;1
2600;224;207;254;land;false;desert;1
2601;27;244;252;land;true;mountain;1
2602;80;247;235;land;false;mountain;1
2603;219;246;93;land;false;mountain;1
2604;185;200;120;land;false;mountain;1
2605;242;130;175;land;false;mountain;1
2606;28;15;104;land;true;urban;1
2607;9;19;79;land;true;urban;1
2608;180;87;247;land;false;mountain;1
2609;105;250;199;land;true;mountain;1
2610;42;246;246;land;false;forest;1
2611;189;187;210;land;false;forest;1
2612;151;134;241;land;true;plains;1
2613;10;93;25;land;true;urban;1
2614;148;230;132;land;false;desert;1
2615;160;223;130;land;true;desert;1
2616;242;194;225;land;false;desert;1
2617;56;21;54;land;false;desert;1
2618;60;7;75;land;false;urban;1
2619;58;12;58;land;false;urban;1
2620;99;243;232;land;false;mountain;1
2621;246;237;65;land;false;mountain;1
2622;155;111;244;land;true;mountain;1
2623;191;160;191;land;false;mountain;1
2624;200;220;235;land;true;jungle;1
2625;223;169;192;land;false;forest;1
2626;217;97;204;land;false;forest;1
2627;226;204;250;land;false;forest;1
2628;249;33;229;land;false;hills;1
2629;129;228;241;land;true;plains;1
2630;213;119;184;land;true;plains;1
2631;204;220;112;land;true;plains;1
2632;55;46;13;land;true;urban;1
2633;233;202;224;land;false;desert;1
2634;218;157;235;land;false;plains;1
2635;129;224;150;land;true;hills;1
2636;247;195;126;land;true;mountain;1
2637;119;182;222;land;true;mountain;1
2638;127;186;253;land;true;jungle;1
2639;179;254;156;land;false;jungle;1
2640;118;11;12;land;true;urban;1
2641;73;221;234;land;false;plains;1
2642;38;31;39;land;false;mountain;1
2643;151;140;224;land;false;plains;1
2644;243;44;239;land;false;plains;1
2645;213;189;238;lake;false;lakes;0
2646;151;182;204;land;true;hills;1
2647;0;109;16;land;true;urban;1
2648;28;5;83;land;true;urban;1
2649;171;204;141;land;false;mountain;1
2650;240;209;112;land;false;plains;1
2651;184;224;171;land;false;plains;1
2652;125;184;252;land;true;desert;1
2653;204;208;244;land;true;plains;1
2654;161;146;247;land;true;plains;1
2655;48;28;28;land;false;desert;1
2656;89;226;198;land;false;desert;1
2657;236;220;117;land;false;desert;1
2658;22;20;77;land;true;urban;1
2659;155;219;224;land;true;hills;1
2660;118;193;248;land;false;mountain;1
2661;163;178;201;land;false;forest;1
2662;153;198;210;land;false;forest;1
2663;220;143;233;land;false;plains;1
2664;230;195;254;land;true;plains;1
2665;180;172;203;land;true;plains;1
2666;40;252;251;land;false;hills;1
2667;186;153;242;land;true;desert;1
2668;155;137;247;land;false;desert;1
2669;233;76;210;land;false;plains;1
2670;143;165;252;land;false;desert;1
2671;203;248;160;land;true;hills;1
2672;239;237;86;land;true;hills;1
2673;134;217;232;land;false;plains;1
2674;180;206;199;land;false;plains;1
2675;254;250;234;land;true;plains;1
2676;42;17;49;land;true;urban;1
2677;254;88;202;land;false;desert;1
2678;146;173;188;land;false;hills;1
2679;152;194;208;land;false;mountain;1
2680;225;251;85;land;false;hills;1
2681;3;48;86;land;true;urban;1
2682;134;218;223;land;false;jungle;1
2683;246;163;172;land;false;hills;1
2684;228;176;217;land;false;mountain;1
2685;218;250;158;land;false;forest;1
2686;193;254;164;land;false;mountain;1
2687;212;205;127;land;true;plains;1
2688;1;46;101;land;true;urban;1
2689;188;202;224;land;true;plains;1
2690;56;61;12;land;false;desert;1
2691;102;228;186;land;false;desert;1
2692;221;240;87;land;false;desert;1
2693;169;136;246;land;false;desert;1
2694;163;197;212;land;true;hills;1
2695;132;191;222;land;false;mountain;1
2696;158;156;207;land;false;mountain;1
2697;214;193;166;land;true;mountain;1
2698;155;251;168;land;false;plains;1
2699;113;208;254;land;false;jungle;1
2700;118;213;207;land;false;hills;1
2701;176;222;134;land;false;plains;1
2702;224;249;105;land;true;plains;1
2703;223;203;228;land;true;desert;1
2704;190;128;184;land;true;desert;1
2705;160;241;171;land;true;desert;1
2706;64;41;30;land;false;desert;1
2707;250;56;221;land;false;plains;1
2708;211;221;194;land;false;mountain;1
2709;150;135;237;land;true;hills;1
2710;192;178;203;land;true;hills;1
2711;47;236;234;land;true;mountain;1
2712;240;182;99;land;false;mountain;1
2713;175;187;155;land;true;plains;1
2714;181;157;217;land;true;desert;1
2715;190;212;191;land;false;hills;1
2716;218;176;253;land;false;hills;1
2717;249;228;144;land;true;hills;1
2718;115;154;245;land;false;mountain;1
2719;197;109;251;land;false;forest;1
2720;146;209;162;land;false;mountain;1
2721;247;172;114;land;false;plains;1
2722;241;215;225;land;false;hills;1
2723;205;198;226;land;false;desert;1
2724;237;198;216;land;false;desert;1
2725;73;248;232;land;false;desert;1
2726;235;146;162;land;false;desert;1
2727;218;115;201;land;false;desert;1
2728;3;86;59;land;false;hills;1
2729;131;214;228;land;true;mountain;1
2730;190;205;142;land;false;plains;1
2731;148;241;135;land;true;plains;1
2732;211;181;216;land;true;plains;1
2733;189;143;177;land;false;hills;1
2734;237;65;232;land;false;desert;1
2735;203;138;160;land;false;desert;1
2736;182;220;136;land;false;desert;1
2737;252;135;119;land;true;hills;1
2738;105;3;13;land;true;urban;1
2739;229;114;246;land;true;plains;1
2740;168;218;127;land;false;hills;1
2741;177;160;228;land;true;plains;1
2742;163;202;219;land;true;desert;1
2743;211;185;239;land;true;plains;1
2744;129;211;246;land;false;mountain;1
2745;207;234;200;land;true;desert;1
2746;219;250;200;land;false;desert;1
2747;149;246;114;land;false;plains;1
2748;253;207;182;land;true;mountain;1
2749;225;210;137;land;false;mountain;1
2750;235;231;148;land;true;hills;1
2751;155;216;163;land;true;jungle;1
2752;26;112;3;land;false;urban;1
2753;242;246;232;land;false;forest;1
2754;241;119;236;land;false;hills;1
2755;217;221;186;land;true;desert;1
2756;207;83;224;land;false;desert;1
2757;252;188;80;land;true;mountain;1
2758;247;247;80;land;false;mountain;1
2759;84;28;13;land;true;urban;1
2760;5;49;89;land;true;desert;1
2761;224;44;245;land;true;plains;1
2762;230;169;238;land;true;plains;1
2763;213;243;173;land;false;hills;1
2764;170;210;214;land;true;desert;1
2765;75;17;56;land;false;mountain;1
2766;240;213;220;land;true;hills;1
2767;215;217;88;land;false;forest;1
2768;246;119;218;land;true;hills;1
2769;77;26;2;land;true;plains;1
2770;199;157;227;land;true;hills;1
2771;215;236;178;land;false;forest;1
2772;183;243;218;land;false;plains;1
2773;178;168;172;land;false;plains;1
2774;202;212;204;land;false;forest;1
2775;232;144;153;land;false;forest;1
2776;223;89;237;land;true;hills;1
2777;166;173;204;land;false;desert;1
2778;216;229;76;land;false;desert;1
2779;67;235;218;land;false;mountain;1
2780;197;204;173;land;false;desert;1
2781;15;97;0;land;false;desert;1
2782;133;251;205;land;false;desert;1
2783;176;233;126;land;true;hills;1
2784;5;43;67;land;false;urban;1
2785;245;153;235;land;false;hills;1
2786;47;35;23;land;true;urban;1
2787;46;249;249;land;true;hills;1
2788;248;83;194;land;false;desert;1
2789;202;172;223;land;false;desert;1
2790;218;220;155;land;false;desert;1
2791;43;232;229;land;false;mountain;1
2792;215;183;236;land;false;mountain;1
2793;0;60;81;land;true;urban;1
2794;248;254;73;land;true;hills;1
2795;22;92;29;land;true;urban;1
2796;43;39;56;land;false;urban;1
2797;182;84;246;land;false;hills;1
2798;176;221;232;land;false;hills;1
2799;254;181;87;land;false;plains;1
2800;210;86;251;land;false;hills;1
2801;244;54;248;land;true;desert;1
2802;238;209;126;land;false;desert;1
2803;161;232;132;land;false;desert;1
2804;151;252;167;land;false;desert;1
2805;58;239;226;land;false;desert;1
2806;108;228;226;land;false;hills;1
2807;188;233;177;land;false;forest;1
2808;243;250;36;land;true;mountain;1
2809;183;216;147;land;false;plains;1
2810;149;219;221;land;true;desert;1
2811;245;241;97;land;false;desert;1
2812;231;240;103;land;false;desert;1
2813;13;24;70;land;false;desert;1
2814;216;181;180;land;false;desert;1
2815;208;75;222;land;false;plains;1
2816;174;238;128;land;false;mountain;1
2817;249;219;116;land;false;mountain;1
2818;213;66;229;land;false;forest;1
2819;194;207;130;land;false;hills;1
2820;215;116;235;land;true;plains;1
2821;163;221;123;land;false;plains;1
2822;187;89;241;land;false;desert;1
2823;224;161;231;land;true;desert;1
2824;183;245;219;land;false;desert;1
2825;159;147;246;land;false;plains;1
2826;55;201;254;lake;false;lakes;0
2827;215;151;227;land;false;hills;1
2828;53;36;33;land;true;urban;1
2829;244;144;172;land;false;mountain;1
2830;137;240;152;land;false;plains;1
2831;187;123;235;land;false;forest;1
2832;196;251;223;land;false;plains;1
2833;69;25;32;land;false;desert;1
2834;221;206;78;land;false;desert;1
2835;156;252;122;land;false;desert;1
2836;237;132;150;land;false;mountain;1
2837;230;146;236;land;false;desert;1
2838;238;115;164;land;true;hills;1
2839;216;157;206;land;false;hills;1
2840;21;11;73;land;false;urban;1
2841;233;154;224;land;false;mountain;1
2842;212;211;119;land;false;forest;1
2843;206;246;151;land;true;jungle;1
2844;77;188;236;land;false;forest;1
2845;238;65;246;land;false;hills;1
2846;177;129;238;land;true;hills;1
2847;141;195;192;land;false;desert;1
2848;165;190;175;land;true;mountain;1
2849;59;28;54;land;true;urban;1
2850;98;6;0;land;true;urban;1
2851;204;245;129;land;false;mountain;1
2852;93;238;212;land;false;hills;1
2853;205;194;151;land;true;plains;1
2854;201;120;189;land;true;desert;1
2855;172;102;253;land;false;mountain;1
2856;191;246;226;land;true;desert;1
2857;4;91;11;land;false;desert;1
2858;132;251;184;land;false;desert;1
2859;181;254;124;land;false;plains;1
2860;126;243;194;land;false;hills;1
2861;90;12;31;land;true;urban;1
2862;220;224;213;land;false;mountain;1
2863;171;242;180;land;false;jungle;1
2864;240;193;149;land;false;hills;1
2865;169;233;156;land;false;plains;1
2866;156;226;217;land;false;plains;1
2867;203;123;221;land;false;mountain;1
2868;224;251;179;land;true;plains;1
2869;239;205;164;land;false;mountain;1
2870;204;142;238;land;true;desert;1
2871;154;231;223;land;false;desert;1
2872;16;38;57;land;false;desert;1
2873;223;142;200;land;false;mountain;1
2874;186;98;221;land;true;hills;1
2875;6;57;53;land;false;hills;1
2876;242;140;224;land;false;forest;1
2877;238;180;226;land;false;plains;1
2878;161;215;213;land;false;plains;1
2879;232;83;239;land;false;plains;1
2880;224;237;217;land;false;plains;1
2881;232;172;210;land;false;desert;1
2882;228;72;204;land;false;mountain;1
2883;233;147;177;land;true;hills;1
2884;8;31;71;land;true;urban;1
2885;24;5;105;land;true;urban;1
2886;236;142;170;land;false;mountain;1
2887;243;152;189;land;false;mountain;1
2888;207;145;158;land;false;plains;1
2889;136;251;216;land;false;plains;1
2890;251;44;222;land;false;desert;1
2891;171;188;199;land;true;desert;1
2892;253;208;214;land;true;desert;1
2893;202;245;229;land;false;desert;1
2894;156;192;241;land;false;desert;1
2895;64;44;4;land;false;urban;1
2896;22;77;107;sea;true;ocean;0
2897;131;242;253;land;false;forest;1
2898;195;155;233;land;false;forest;1
2899;175;219;180;land;true;desert;1
2900;145;245;215;land;true;plains;1
2901;106;236;214;land;true;urban;1
2902;228;148;232;land;false;desert;1
2903;234;66;234;land;false;desert;1
2904;153;244;113;land;false;desert;1
2905;13;34;81;land;false;desert;1
2906;162;223;247;land;false;desert;1
2907;237;134;158;land;false;desert;1
2908;162;176;228;land;false;desert;1
2909;244;101;252;land;false;mountain;1
2910;159;234;196;land;false;hills;1
2911;112;200;244;land;false;mountain;1
2912;204;176;254;land;false;mountain;1
2913;12;18;78;land;true;forest;1
2914;189;184;157;land;false;hills;1
2915;106;252;149;land;false;desert;1
2916;125;166;252;land;false;hills;1
2917;146;218;168;land;true;desert;1
2918;144;157;250;land;false;mountain;1
2919;33;80;1;land;false;desert;1
2920;91;220;201;land;false;plains;1
2921;66;200;244;land;false;forest;1
2922;77;17;8;land;false;urban;1
2923;77;21;33;land;true;urban;1
2924;234;156;238;land;true;plains;1
2925;163;246;158;land;false;forest;1
2926;177;140;184;land;false;forest;1
2927;176;246;130;land;false;desert;1
2928;193;76;249;land;true;desert;1
2929;164;182;213;land;false;desert;1
2930;250;77;200;land;false;mountain;1
2931;201;236;191;land;false;hills;1
2932;80;6;53;land;false;urban;1
2933;200;137;184;land;true;plains;1
2934;144;223;209;land;false;plains;1
2935;170;138;224;land;false;desert;1
2936;225;235;187;land;false;mountain;1
2937;201;100;248;land;false;hills;1
2938;227;218;218;lake;false;lakes;0
2939;245;205;118;land;false;mountain;1
2940;232;121;211;land;true;mountain;1
2941;208;138;211;land;false;jungle;1
2942;243;187;209;land;false;forest;1
2943;212;166;217;land;false;plains;1
2944;193;240;137;land;false;plains;1
2945;225;206;217;land;false;plains;1
2946;87;234;233;land;true;hills;1
2947;14;63;24;land;false;urban;1
2948;237;210;190;land;false;mountain;1
2949;91;216;214;land;false;desert;1
2950;251;208;143;land;false;hills;1
2951;118;200;185;land;false;hills;1
2952;169;245;210;land;false;hills;1
2953;220;145;180;land;false;mountain;1
2954;185;135;224;land;false;hills;1
2955;242;161;187;land;false;forest;1
2956;105;10;18;land;true;urban;1
2957;166;237;240;land;false;forest;1
2958;209;249;189;land;false;forest;1
2959;234;237;249;land;false;mountain;1
2960;222;216;110;land;true;desert;1
2961;173;144;198;land;false;desert;1
2962;190;117;203;land;false;desert;1
2963;134;248;212;land;false;desert;1
2964;236;185;145;land;true;mountain;1
2965;197;113;219;land;false;mountain;1
2966;6;41;99;land;true;urban;1
2967;253;231;49;land;true;plains;1
2968;212;207;195;land;true;forest;1
2969;69;247;227;land;false;plains;1
2970;233;136;182;land;false;plains;1
2971;105;244;177;land;false;desert;1
2972;166;254;139;land;false;desert;1
2973;200;179;214;land;false;desert;1
2974;27;45;51;land;false;desert;1
2975;155;150;199;land;false;mountain;1
2976;243;233;150;land;false;hills;1
2977;23;110;7;land;true;urban;1
2978;205;254;186;land;true;forest;1
2979;69;28;48;land;false;plains;1
2980;184;227;224;land;false;forest;1
2981;203;214;109;land;false;plains;1
2982;236;140;165;land;false;plains;1
2983;126;252;155;land;false;desert;1
2984;246;212;96;land;false;desert;1
2985;211;138;187;land;false;desert;1
2986;168;230;104;land;false;desert;1
2987;42;36;52;land;false;urban;1
2988;134;248;198;land;false;hills;1
2989;203;222;171;land;true;plains;1
2990;17;36;83;land;true;hills;1
2991;83;11;49;land;true;urban;1
2992;73;0;66;land;true;urban;1
2993;251;207;225;land;false;jungle;1
2994;100;199;221;land;false;hills;1
2995;155;176;181;land;true;urban;1
2996;244;175;182;land;false;desert;1
2997;3;11;114;land;false;urban;1
2998;180;181;147;land;false;desert;1
2999;199;171;137;land;false;mountain;1
3000;203;126;207;land;false;hills;1
3001;170;209;153;land;false;hills;1
3002;224;234;111;land;false;hills;1
3003;195;126;242;land;true;hills;1
3004;168;180;230;land;false;forest;1
3005;145;235;186;land;true;desert;1
3006;251;231;79;land;false;plains;1
3007;167;219;186;land;true;hills;1
3008;211;230;79;land;true;forest;1
3009;215;239;87;land;false;mountain;1
3010;170;178;196;land;false;mountain;1
3011;2;84;41;land;false;urban;1
3012;79;169;253;land;false;plains;1
3013;207;134;250;land;false;mountain;1
3014;77;246;226;land;false;hills;1
3015;51;19;34;land;true;urban;1
3016;81;244;216;land;false;forest;1
3017;49;37;33;land;false;forest;1
3018;217;242;95;land;false;forest;1
3019;186;237;97;land;true;plains;1
3020;200;92;239;land;false;mountain;1
3021;168;189;235;land;false;desert;1
3022;211;191;196;land;false;desert;1
3023;186;204;246;land;true;forest;1
3024;248;219;160;land;false;hills;1
3025;252;178;229;land;false;plains;1
3026;216;167;181;land;false;jungle;1
3027;252;220;195;land;false;forest;1
3028;107;248;172;land;false;plains;1
3029;178;177;166;land;true;plains;1
3030;85;232;226;land;false;plains;1
3031;178;196;188;land;true;hills;1
3032;159;219;184;land;false;desert;1
3033;202;139;248;land;false;desert;1
3034;237;197;92;land;false;desert;1
3035;85;214;215;land;false;desert;1
3036;21;30;75;land;false;urban;1
3037;141;211;202;land;true;hills;1
3038;58;47;35;land;false;mountain;1
3039;239;191;107;land;false;hills;1
3040;156;196;220;land;false;urban;1
3041;191;206;231;land;false;plains;1
3042;159;223;120;land;false;plains;1
3043;212;133;170;land;false;plains;1
3044;242;186;102;land;false;mountain;1
3045;47;242;238;land;false;mountain;1
3046;219;206;172;land;false;plains;1
3047;216;217;81;land;false;plains;1
3048;231;79;239;land;true;plains;1
3049;232;163;176;land;true;hills;1
3050;242;177;230;land;true;hills;1
3051;243;198;68;land;false;desert;1
3052;198;195;115;land;false;desert;1
3053;222;178;167;land;false;mountain;1
3054;249;254;53;land;false;desert;1
3055;228;218;122;land;false;desert;1
3056;243;254;51;land;false;mountain;1
3057;154;214;220;land;false;forest;1
3058;189;166;188;land;false;hills;1
3059;80;21;32;land;true;urban;1
3060;40;71;23;land;true;hills;1
3061;24;41;45;land;false;hills;1
3062;140;176;218;land;false;mountain;1
3063;209;112;199;land;true;hills;1
3064;221;184;121;land;false;forest;1
3065;222;250;226;land;false;forest;1
3066;241;208;103;land;false;plains;1
3067;165;164;187;land;false;plains;1
3068;129;190;247;land;true;plains;1
3069;203;147;166;land;false;desert;1
3070;111;197;197;land;false;desert;1
3071;249;247;194;land;false;desert;1
3072;221;152;167;land;false;desert;1
3073;183;218;154;land;true;mountain;1
3074;9;96;12;land;true;urban;1
3075;28;90;21;land;true;urban;1
3076;18;22;109;land;false;mountain;1
3077;44;19;61;land;false;hills;1
3078;252;178;107;land;true;plains;1
3079;221;75;241;land;true;mountain;1
3080;172;245;205;land;false;forest;1
3081;234;155;210;land;false;forest;1
3082;156;225;193;land;false;plains;1
3083;205;205;128;land;false;plains;1
3084;145;152;216;land;false;plains;1
3085;138;190;186;land;false;plains;1
3086;162;200;190;land;true;plains;1
3087;227;247;235;land;false;desert;1
3088;50;55;16;land;false;urban;1
3089;208;234;170;land;false;desert;1
3090;38;66;9;land;false;desert;1
3091;43;24;35;land;false;desert;1
3092;177;171;203;land;false;mountain;1
3093;224;221;158;land;false;plains;1
3094;216;218;136;land;false;forest;1
3095;223;217;103;land;true;desert;1
3096;156;207;158;land;true;hills;1
3097;251;196;205;land;false;mountain;1
3098;203;182;236;land;false;mountain;1
3099;224;254;200;land;false;mountain;1
3100;99;7;23;land;false;urban;1
3101;215;205;101;land;false;mountain;1
3102;219;78;228;land;false;hills;1
3103;222;142;252;land;false;jungle;1
3104;167;115;234;land;false;plains;1
3105;232;204;72;land;false;plains;1
3106;254;242;24;land;true;plains;1
3107;180;134;246;land;false;plains;1
3108;210;152;229;land;false;desert;1
3109;175;160;217;land;false;desert;1
3110;151;206;180;land;false;desert;1
3111;187;170;230;land;false;desert;1
3112;116;232;180;land;false;desert;1
3113;192;202;210;land;true;hills;1
3114;224;245;69;land;false;hills;1
3115;202;165;238;land;false;desert;1
3116;89;34;15;land;true;plains;1
3117;192;199;134;land;false;desert;1
3118;146;195;213;land;false;desert;1
3119;154;194;219;land;false;desert;1
3120;16;48;58;land;false;desert;1
3121;208;198;110;land;false;desert;1
3122;179;163;231;land;false;desert;1
3123;29;18;76;land;false;hills;1
3124;104;13;3;land;false;urban;1
3125;113;217;212;land;false;hills;1
3126;254;84;193;land;false;mountain;1
3127;74;16;29;land;true;hills;1
3128;228;234;250;land;false;jungle;1
3129;93;199;241;land;false;forest;1
3130;184;207;237;land;false;plains;1
3131;175;171;208;land;false;plains;1
3132;160;209;246;land;false;plains;1
3133;166;138;212;land;false;desert;1
3134;206;194;217;land;false;urban;1
3135;230;162;240;land;true;plains;1
3136;230;208;102;land;true;plains;1
3137;194;253;120;land;false;mountain;1
3138;34;1;96;land;false;desert;1
3139;228;41;254;land;false;desert;1
3140;7;65;48;land;true;urban;1
3141;92;6;33;land;false;hills;1
3142;52;71;9;land;false;urban;1
3143;204;104;218;land;true;mountain;1
3144;15;7;107;land;false;plains;1
3145;176;200;175;land;false;hills;1
3146;218;163;158;land;false;desert;1
3147;204;168;203;land;false;desert;1
3148;222;178;111;lake;false;lakes;0
3149;8;10;119;land;false;mountain;1
3150;195;125;253;land;true;mountain;1
3151;41;63;34;land;true;urban;1
3152;210;146;188;land;true;hills;1
3153;44;59;11;land;true;urban;1
3154;190;193;220;land;false;forest;1
3155;116;193;202;land;true;desert;1
3156;134;250;209;land;false;desert;1
3157;212;238;124;land;false;desert;1
3158;214;222;125;land;false;desert;1
3159;240;195;212;land;false;desert;1
3160;224;124;254;land;false;plains;1
3161;108;198;204;land;false;mountain;1
3162;184;182;183;land;false;mountain;1
3163;99;4;36;land;true;urban;1
3164;132;164;245;land;false;mountain;1
3165;227;241;252;land;true;forest;1
3166;141;213;149;land;false;forest;1
3167;236;132;182;land;false;forest;1
3168;219;241;156;land;false;plains;1
3169;249;229;193;land;false;hills;1
3170;199;250;122;land;false;desert;1
3171;163;224;252;land;false;plains;1
3172;233;183;115;land;false;hills;1
3173;192;165;217;land;true;mountain;1
3174;250;189;217;land;false;mountain;1
3175;196;138;210;land;false;mountain;1
3176;97;11;29;land;true;urban;1
3177;227;234;246;land;false;jungle;1
3178;143;252;177;land;false;forest;1
3179;250;168;183;land;false;plains;1
3180;112;194;234;land;false;plains;1
3181;211;121;187;land;true;urban;1
3182;154;141;243;land;false;desert;1
3183;210;229;116;land;false;mountain;1
3184;33;75;21;land;false;urban;1
3185;249;101;234;land;false;desert;1
3186;137;228;250;land;false;desert;1
3187;40;5;83;land;false;desert;1
3188;210;129;208;land;true;urban;1
3189;80;239;182;land;false;hills;1
3190;246;113;165;land;true;forest;1
3191;213;135;203;land;false;forest;1
3192;241;132;223;land;false;jungle;1
3193;136;158;208;land;false;plains;1
3194;225;239;160;land;false;desert;1
3195;213;101;252;land;false;desert;1
3196;219;118;228;land;false;desert;1
3197;165;244;246;land;false;desert;1
3198;143;244;199;land;false;desert;1
3199;165;200;187;land;false;hills;1
3200;244;63;221;land;false;mountain;1
3201;9;2;96;land;true;urban;1
3202;157;226;221;land;false;hills;1
3203;200;178;174;land;true;plains;1
3204;180;183;171;land;false;desert;1
3205;139;173;239;land;false;plains;1
3206;235;226;99;land;false;hills;1
3207;217;108;225;land;true;mountain;1
3208;176;251;206;land;false;mountain;1
3209;198;241;216;land;true;hills;1
3210;29;26;55;land;false;hills;1
3211;8;112;1;land;false;urban;1
3212;169;170;212;land;true;mountain;1
3213;107;234;228;land;false;desert;1
3214;163;137;202;land;false;plains;1
3215;180;226;130;land;false;desert;1
3216;29;99;7;land;true;plains;1
3217;118;200;210;land;true;plains;1
3218;242;163;201;land;false;desert;1
3219;204;248;213;land;false;desert;1
3220;205;144;173;land;false;desert;1
3221;233;208;65;land;true;desert;1
3222;251;197;147;land;false;desert;1
3223;128;221;182;land;false;desert;1
3224;16;35;97;land;false;urban;1
3225;248;228;111;land;false;hills;1
3226;225;234;85;land;false;desert;1
3227;2;3;101;land;true;urban;1
3228;56;29;37;land;false;urban;1
3229;239;197;248;land;true;mountain;1
3230;23;53;55;land;true;urban;1
3231;32;50;50;land;true;urban;1
3232;31;55;51;land;false;urban;1
3233;207;253;153;land;false;hills;1
3234;194;170;163;land;false;forest;1
3235;208;185;167;land;false;desert;1
3236;233;84;215;land;false;plains;1
3237;181;118;210;land;false;plains;1
3238;139;253;151;land;false;hills;1
3239;242;254;110;land;false;plains;1
3240;113;254;237;land;true;plains;1
3241;182;242;247;land;false;plains;1
3242;176;238;142;land;false;desert;1
3243;126;177;222;land;false;desert;1
3244;182;109;217;land;false;mountain;1
3245;147;174;192;land;false;desert;1
3246;109;174;246;land;false;hills;1
3247;216;187;123;land;false;desert;1
3248;118;234;211;land;true;mountain;1
3249;44;248;239;land;false;hills;1
3250;125;218;161;land;false;forest;1
3251;254;240;91;land;true;jungle;1
3252;36;33;75;land;false;urban;1
3253;161;206;167;land;false;desert;1
3254;196;234;191;land;false;desert;1
3255;249;237;23;land;false;mountain;1
3256;114;188;206;land;false;plains;1
3257;125;203;176;land;false;plains;1
3258;226;229;176;land;false;plains;1
3259;207;230;204;land;false;desert;1
3260;188;233;210;land;false;desert;1
3261;39;62;32;land;false;desert;1
3262;193;231;143;land;false;jungle;1
3263;97;253;208;land;true;hills;1
3264;52;55;6;land;true;mountain;1
3265;123;205;195;land;false;mountain;1
3266;227;246;173;land;false;mountain;1
3267;33;31;64;land;true;urban;1
3268;53;15;56;land;true;urban;1
3269;251;231;244;land;false;forest;1
3270;151;188;166;land;false;plains;1
3271;241;231;56;land;false;hills;1
3272;160;250;143;land;false;plains;1
3273;122;238;180;land;true;desert;1
3274;243;252;111;land;false;mountain;1
3275;171;135;238;land;false;desert;1
3276;222;207;232;land;false;hills;1
3277;23;36;81;land;false;urban;1
3278;241;128;163;land;false;mountain;1
3279;205;96;217;land;false;plains;1
3280;244;210;74;land;true;plains;1
3281;216;222;120;land;false;desert;1
3282;211;190;161;land;false;mountain;1
3283;227;193;112;land;true;forest;1
3284;179;225;211;land;false;plains;1
3285;205;225;238;land;false;desert;1
3286;233;138;158;land;true;plains;1
3287;127;142;246;land;true;plains;1
3288;226;117;212;land;true;plains;1
3289;207;136;181;land;false;desert;1
3290;189;183;137;land;false;mountain;1
3291;195;226;137;land;false;mountain;1
3292;3;77;29;land;false;mountain;1
3293;232;154;227;land;false;desert;1
3294;238;155;182;land;true;hills;1
3295;242;199;231;land;false;mountain;1
3296;82;13;37;land;false;mountain;1
3297;151;138;221;land;false;plains;1
3298;150;172;201;land;false;plains;1
3299;218;94;221;land;false;plains;1
3300;31;249;252;land;false;desert;1
3301;238;162;173;land;false;desert;1
3302;248;216;250;land;false;desert;1
3303;152;216;152;land;false;desert;1
3304;250;205;191;land;false;plains;1
3305;187;76;251;land;false;hills;1
3306;150;171;206;land;true;hills;1
3307;173;253;81;land;true;hills;1
3308;64;12;57;land;false;urban;1
3309;172;176;227;land;false;mountain;1
3310;140;237;142;land;false;mountain;1
3311;165;230;154;land;false;desert;1
3312;217;216;68;land;false;plains;1
3313;168;174;229;land;false;forest;1
3314;201;177;163;land;false;plains;1
3315;190;143;200;land;false;plains;1
3316;203;77;223;land;true;plains;1
3317;146;247;201;land;false;hills;1
3318;208;200;217;land;true;plains;1
3319;237;213;206;land;true;desert;1
3320;139;243;239;land;false;mountain;1
3321;232;219;56;land;false;mountain;1
3322;215;173;162;land;true;mountain;1
3323;185;151;253;land;true;plains;1
3324;73;6;61;land;false;plains;1
3325;200;240;88;land;true;plains;1
3326;244;126;174;land;false;desert;1
3327;145;239;194;land;false;desert;1
3328;206;160;224;land;false;mountain;1
3329;191;90;247;land;false;plains;1
3330;182;200;184;land;true;hills;1
3331;16;62;51;land;false;urban;1
3332;143;242;233;land;false;mountain;1
3333;211;73;252;land;false;mountain;1
3334;184;152;182;land;false;forest;1
3335;217;141;203;land;false;plains;1
3336;235;181;226;land;false;desert;1
3337;245;181;247;land;false;desert;1
3338;248;216;235;land;true;mountain;1
3339;224;216;185;land;false;desert;1
3340;185;219;229;land;false;desert;1
3341;134;194;246;land;false;hills;1
3342;186;228;209;land;false;desert;1
3343;250;240;87;land;false;hills;1
3344;211;233;115;land;false;mountain;1
3345;1;72;32;land;true;urban;1
3346;168;243;144;land;true;forest;1
3347;174;155;220;land;false;forest;1
3348;59;30;57;land;false;urban;1
3349;249;126;138;land;false;plains;1
3350;207;171;203;land;false;plains;1
3351;149;201;191;land;false;plains;1
3352;177;164;165;land;false;hills;1
3353;223;235;73;land;false;desert;1
3354;239;154;172;land;false;desert;1
3355;186;139;240;land;false;hills;1
3356;249;181;146;land;true;mountain;1
3357;228;165;250;land;false;mountain;1
3358;124;19;3;land;false;hills;1
3359;176;77;250;land;false;forest;1
3360;174;147;224;land;false;forest;1
3361;193;146;208;land;false;forest;1
3362;201;93;209;land;false;desert;1
3363;87;162;254;land;false;desert;1
3364;86;206;243;land;true;plains;1
3365;194;198;216;land;true;desert;1
3366;212;118;193;land;false;hills;1
3367;96;10;20;land;true;mountain;1
3368;247;205;102;land;false;desert;1
3369;169;247;116;land;false;desert;1
3370;32;55;23;land;false;mountain;1
3371;36;74;31;land;false;urban;1
3372;234;218;223;land;false;forest;1
3373;241;211;127;land;true;desert;1
3374;200;210;112;land;false;plains;1
3375;177;237;98;land;false;plains;1
3376;180;240;236;land;false;desert;1
3377;220;84;203;land;false;desert;1
3378;56;23;36;land;false;urban;1
3379;12;66;63;land;false;desert;1
3380;244;188;80;sea;true;ocean;0
3381;158;200;254;land;false;forest;1
3382;239;214;178;land;false;forest;1
3383;153;251;158;land;false;desert;1
3384;24;46;45;land;false;urban;1
3385;45;5;60;land;false;urban;1
3386;221;183;129;land;false;mountain;1
3387;183;103;237;land;false;mountain;1
3388;68;68;3;land;true;urban;1
3389;94;226;245;land;true;forest;1
3390;227;212;241;land;false;plains;1
3391;230;225;162;land;false;plains;1
3392;181;120;226;land;false;plains;1
3393;184;184;222;land;false;hills;1
3394;239;196;92;land;false;desert;1
3395;207;169;205;land;false;desert;1
3396;245;112;249;land;false;desert;1
3397;82;54;10;land;false;desert;1
3398;241;191;253;land;false;plains;1
3399;197;232;76;land;false;mountain;1
3400;20;82;47;land;true;urban;1
3401;220;248;108;land;false;forest;1
3402;207;80;246;land;false;plains;1
3403;238;112;195;land;false;hills;1
3404;176;164;209;land;true;urban;1
3405;225;152;144;land;false;desert;1
3406;23;56;68;land;false;desert;1
3407;180;115;217;land;false;desert;1
3408;207;133;200;land;false;forest;1
3409;194;207;184;land;false;desert;1
3410;117;198;244;land;false;desert;1
3411;3;99;0;land;false;urban;1
3412;36;63;43;land;false;desert;1
3413;2;18;89;land;false;urban;1
3414;190;142;188;land;false;mountain;1
3415;194;224;197;land;false;mountain;1
3416;239;209;236;land;false;mountain;1
3417;65;245;239;land;false;mountain;1
3418;221;125;159;land;false;forest;1
3419;157;142;219;land;false;forest;1
3420;133;239;135;land;false;plains;1
3421;172;153;215;land;false;plains;1
3422;84;9;40;land;false;urban;1
3423;253;10;242;land;true;plains;1
3424;61;239;225;land;true;plains;1
3425;223;166;245;land;true;plains;1
3426;235;70;248;land;false;desert;1
3427;159;209;201;land;false;desert;1
3428;49;36;60;land;false;mountain;1
3429;235;105;233;land;false;mountain;1
3430;203;249;162;land;false;desert;1
3431;244;194;208;land;false;desert;1
3432;145;206;153;land;false;mountain;1
3433;137;245;216;land;false;mountain;1
3434;81;17;48;land;false;urban;1
3435;57;43;42;land;false;urban;1
3436;159;223;128;land;false;forest;1
3437;183;253;170;land;false;plains;1
3438;57;88;1;land;false;plains;1
3439;210;253;152;land;true;desert;1
3440;45;229;228;land;false;hills;1
3441;183;233;183;land;true;hills;1
3442;233;248;160;land;true;hills;1
3443;235;184;183;land;true;desert;1
3444;2;74;59;land;false;urban;1
3445;176;173;167;land;false;desert;1
3446;44;59;14;land;false;desert;1
3447;63;14;69;land;false;mountain;1
3448;150;227;182;land;false;mountain;1
3449;254;223;103;land;false;mountain;1
3450;243;160;114;land;false;mountain;1
3451;241;254;138;land;false;mountain;1
3452;160;213;254;land;false;forest;1
3453;225;233;171;land;false;forest;1
3454;78;230;234;land;false;plains;1
3455;239;129;212;land;false;desert;1
3456;251;176;240;land;false;plains;1
3457;171;235;211;land;false;desert;1
3458;203;118;184;land;true;desert;1
3459;182;99;224;land;false;desert;1
3460;122;250;234;land;false;desert;1
3461;45;251;250;land;false;mountain;1
3462;237;171;193;land;false;desert;1
3463;79;28;11;land;false;desert;1
3464;232;188;198;land;false;plains;1
3465;175;159;214;land;false;desert;1
3466;226;143;158;land;false;forest;1
3467;142;213;239;land;false;plains;1
3468;201;195;176;land;true;plains;1
3469;227;84;217;land;false;plains;1
3470;26;70;28;land;false;mountain;1
3471;162;168;229;land;false;desert;1
3472;131;241;197;land;false;desert;1
3473;8;47;82;land;false;desert;1
3474;205;215;86;land;false;desert;1
3475;187;147;210;land;false;desert;1
3476;190;207;163;land;false;mountain;1
3477;227;233;204;land;true;forest;1
3478;227;86;225;land;false;forest;1
3479;217;212;153;land;false;plains;1
3480;211;175;235;land;false;plains;1
3481;183;225;185;land;true;desert;1
3482;221;181;134;land;false;hills;1
3483;252;59;206;land;false;hills;1
3484;214;211;160;land;false;mountain;1
3485;22;252;238;land;false;desert;1
3486;222;188;92;land;true;forest;1
3487;247;154;177;land;false;mountain;1
3488;229;223;92;land;false;mountain;1
3489;230;120;195;land;false;mountain;1
3490;192;124;243;land;false;forest;1
3491;148;249;187;land;false;desert;1
3492;12;252;251;land;true;plains;1
3493;211;124;213;land;true;desert;1
3494;175;212;240;land;true;plains;1
3495;31;32;51;land;false;urban;1
3496;200;106;234;land;false;desert;1
3497;238;56;235;land;false;desert;1
3498;196;91;231;land;false;desert;1
3499;224;240;87;land;false;mountain;1
3500;221;201;144;land;true;hills;1
3501;43;40;45;land;false;urban;1
3502;155;228;254;land;false;mountain;1
3503;84;11;22;land;true;urban;1
3504;116;213;182;land;false;hills;1
3505;180;216;204;land;false;hills;1
3506;165;233;112;land;true;plains;1
3507;238;178;102;land;true;desert;1
3508;232;203;85;land;false;plains;1
3509;199;196;253;land;false;mountain;1
3510;253;186;118;land;false;desert;1
3511;17;64;24;land;false;desert;1
3512;254;132;227;land;false;desert;1
3513;209;163;163;land;false;mountain;1
3514;243;27;232;land;false;mountain;1
3515;73;48;16;land;true;urban;1
3516;225;168;113;land;false;plains;1
3517;222;101;190;land;false;plains;1
3518;245;189;214;land;false;hills;1
3519;233;243;113;land;true;plains;1
3520;216;234;164;land;true;hills;1
3521;248;235;199;land;false;desert;1
3522;151;182;231;land;false;desert;1
3523;211;163;212;land;true;desert;1
3524;246;151;252;land;false;mountain;1
3525;251;135;205;land;false;mountain;1
3526;12;117;20;land;false;desert;1
3527;3;90;52;land;false;desert;1
3528;52;60;3;land;false;desert;1
3529;210;141;155;land;false;mountain;1
3530;193;212;249;land;false;forest;1
3531;228;104;248;land;false;forest;1
3532;169;221;232;land;false;plains;1
3533;24;62;60;land;false;plains;1
3534;211;165;156;land;true;desert;1
3535;149;138;215;land;true;hills;1
3536;2;6;123;land;true;urban;1
3537;205;199;183;land;false;desert;1
3538;226;250;44;land;false;desert;1
3539;123;247;222;land;false;mountain;1
3540;143;190;174;land;false;desert;1
3541;220;72;236;land;false;desert;1
3542;242;116;206;land;false;desert;1
3543;101;6;26;land;false;urban;1
3544;224;214;119;land;false;mountain;1
3545;249;245;187;land;false;forest;1
3546;228;153;133;land;false;plains;1
3547;172;173;216;land;true;hills;1
3548;209;142;221;land;true;plains;1
3549;202;164;206;land;false;plains;1
3550;132;198;252;land;false;desert;1
3551;245;176;87;land;false;desert;1
3552;136;211;171;land;false;mountain;1
3553;36;35;34;land;false;desert;1
3554;213;83;244;land;false;desert;1
3555;245;111;205;land;false;mountain;1
3556;139;220;158;land;true;hills;1
3557;115;236;195;land;false;desert;1
3558;108;168;247;land;false;mountain;1
3559;235;190;254;land;false;mountain;1
3560;228;56;247;land;false;desert;1
3561;76;25;12;land;false;desert;1
3562;241;205;221;land;false;mountain;1
3563;195;168;186;land;false;mountain;1
3564;232;238;186;land;false;desert;1
3565;52;60;34;land;false;hills;1
3566;212;218;108;land;true;mountain;1
3567;217;212;121;land;false;mountain;1
3568;172;242;92;land;false;desert;1
3569;124;172;226;land;true;mountain;1
3570;182;183;239;land;false;mountain;1
3571;21;88;37;land;true;urban;1
3572;243;203;212;land;false;forest;1
3573;252;144;162;land;false;plains;1
3574;210;171;195;land;true;plains;1
3575;226;253;125;land;true;desert;1
3576;237;218;165;land;false;desert;1
3577;241;254;226;land;false;plains;1
3578;199;112;232;land;true;desert;1
3579;140;240;241;land;false;desert;1
3580;13;75;58;land;false;desert;1
3581;146;191;171;land;false;desert;1
3582;120;187;234;land;false;mountain;1
3583;236;236;227;land;false;mountain;1
3584;17;58;69;land;true;urban;1
3585;104;225;241;land;false;hills;1
3586;123;249;203;land;false;hills;1
3587;187;236;218;land;true;plains;1
3588;190;66;247;land;false;mountain;1
3589;211;72;235;land;false;desert;1
3590;23;21;93;land;false;desert;1
3591;211;206;217;land;false;desert;1
3592;153;118;248;land;false;desert;1
3593;106;248;243;land;false;desert;1
3594;46;36;48;land;true;urban;1
3595;104;30;13;land;true;forest;1
3596;161;146;248;land;true;forest;1
3597;173;237;152;land;false;forest;1
3598;173;224;117;land;false;plains;1
3599;248;242;37;land;false;desert;1
3600;157;168;231;land;false;plains;1
3601;226;190;183;land;false;hills;1
3602;190;137;227;land;false;plains;1
3603;221;185;126;land;true;hills;1
3604;237;144;137;land;true;desert;1
3605;253;203;245;land;false;desert;1
3606;213;100;225;land;true;desert;1
3607;32;225;248;land;false;desert;1
3608;60;30;49;land;true;urban;1
3609;204;164;143;land;true;forest;1
3610;192;141;161;land;false;forest;1
3611;147;246;248;land;false;plains;1
3612;158;206;226;land;false;hills;1
3613;225;107;231;land;true;plains;1
3614;195;196;162;land;false;hills;1
3615;203;244;92;land;false;desert;1
3616;154;140;253;land;false;desert;1
3617;232;157;196;land;false;desert;1
3618;242;221;155;land;true;desert;1
3619;235;246;167;land;false;desert;1
3620;86;41;10;land;false;desert;1
3621;237;100;235;land;false;mountain;1
3622;88;21;8;land;false;mountain;1
3623;28;52;34;land;false;desert;1
3624;177;158;222;land;false;desert;1
3625;251;249;192;land;false;mountain;1
3626;83;1;53;land;false;mountain;1
3627;165;212;216;land;false;plains;1
3628;239;253;246;land;false;forest;1
3629;161;250;200;land;false;forest;1
3630;162;182;250;land;true;plains;1
3631;159;225;154;land;false;hills;1
3632;98;8;20;land;false;hills;1
3633;200;233;108;land;true;hills;1
3634;209;124;170;land;false;mountain;1
3635;209;196;180;land;false;desert;1
3636;30;31;88;land;false;mountain;1
3637;153;231;178;land;false;desert;1
3638;95;250;244;land;false;mountain;1
3639;233;92;215;land;false;mountain;1
3640;244;158;241;land;false;plains;1
3641;250;105;163;land;false;plains;1
3642;26;21;59;land;false;plains;1
3643;160;201;170;land;false;mountain;1
3644;208;193;169;land;false;plains;1
3645;16;108;7;land;true;urban;1
3646;17;47;67;land;false;mountain;1
3647;205;237;227;land;false;forest;1
3648;144;214;201;land;false;desert;1
3649;43;26;52;land;false;forest;1
3650;166;228;157;land;true;plains;1
3651;113;204;236;land;false;desert;1
3652;243;75;211;land;false;plains;1
3653;253;39;234;land;false;desert;1
3654;250;251;23;land;false;desert;1
3655;175;246;123;land;false;desert;1
3656;215;144;161;land;false;mountain;1
3657;133;230;233;land;false;mountain;1
3658;212;248;147;land;true;mountain;1
3659;236;165;164;land;false;mountain;1
3660;132;204;230;land;false;mountain;1
3661;214;157;231;land;false;mountain;1
3662;158;189;218;land;false;mountain;1
3663;113;211;209;land;false;plains;1
3664;248;168;121;land;false;plains;1
3665;239;191;81;land;false;desert;1
3666;251;167;186;land;false;plains;1
3667;169;136;227;land;false;desert;1
3668;218;253;181;land;false;desert;1
3669;189;200;170;land;false;forest;1
3670;179;115;234;land;false;plains;1
3671;178;215;184;land;false;plains;1
3672;3;106;15;land;false;urban;1
3673;113;219;172;land;false;plains;1
3674;165;206;215;land;false;forest;1
3675;183;138;224;land;false;forest;1
3676;212;215;192;land;true;plains;1
3677;84;40;16;land;true;urban;1
3678;232;82;246;land;false;hills;1
3679;184;116;214;land;true;desert;1
3680;26;250;228;land;false;plains;1
3681;214;180;236;land;false;desert;1
3682;196;186;235;land;true;mountain;1
3683;98;194;252;land;false;mountain;1
3684;177;249;129;land;false;plains;1
3685;204;165;228;land;false;desert;1
3686;192;218;115;land;false;desert;1
3687;114;215;198;land;false;desert;1
3688;209;116;215;land;false;desert;1
3689;211;233;253;land;false;desert;1
3690;124;20;1;land;false;urban;1
3691;249;226;185;land;false;hills;1
3692;209;152;252;land;true;forest;1
3693;158;143;221;land;false;forest;1
3694;165;192;246;land;false;forest;1
3695;222;53;228;land;false;plains;1
3696;245;135;136;land;false;plains;1
3697;240;130;224;land;false;plains;1
3698;155;137;245;land;false;hills;1
3699;95;29;18;land;false;urban;1
3700;228;147;199;land;false;hills;1
3701;192;120;221;land;false;hills;1
3702;201;216;113;land;false;hills;1
3703;215;214;240;land;false;mountain;1
3704;124;247;193;land;false;plains;1
3705;171;171;248;land;false;desert;1
3706;246;149;226;land;false;desert;1
3707;163;109;229;land;false;mountain;1
3708;230;247;133;land;false;mountain;1
3709;28;88;30;land;true;urban;1
3710;47;52;40;land;true;urban;1
3711;179;194;162;land;false;forest;1
3712;147;180;253;land;false;plains;1
3713;43;29;61;land;false;plains;1
3714;14;62;51;land;false;plains;1
3715;201;195;188;land;false;desert;1
3716;123;202;251;land;false;desert;1
3717;169;189;151;land;false;desert;1
3718;168;240;116;land;false;desert;1
3719;52;53;14;land;false;urban;1
3720;242;250;76;land;false;plains;1
3721;185;149;216;land;false;plains;1
3722;245;164;109;land;false;plains;1
3723;57;32;56;land;false;plains;1
3724;20;111;8;land;true;urban;1
3725;22;2;89;land;true;urban;1
3726;2;102;21;land;false;urban;1
3727;44;35;23;land;false;plains;1
3728;142;162;231;land;false;plains;1
3729;220;149;199;land;false;hills;1
3730;246;240;80;land;true;hills;1
3731;124;188;213;land;false;plains;1
3732;208;222;246;land;false;desert;1
3733;201;160;149;land;false;desert;1
3734;164;223;135;land;false;mountain;1
3735;176;175;212;land;false;hills;1
3736;147;205;190;land;false;desert;1
3737;254;65;207;land;true;plains;1
3738;228;249;43;land;false;mountain;1
3739;208;220;74;land;false;mountain;1
3740;33;43;43;land;false;plains;1
3741;129;253;182;land;false;plains;1
3742;218;232;240;land;false;plains;1
3743;238;170;224;land;false;forest;1
3744;250;33;219;land;true;marsh;1
3745;114;233;235;land;false;desert;1
3746;170;193;224;land;false;mountain;1
3747;249;179;238;land;false;mountain;1
3748;46;2;77;land;true;urban;1
3749;241;234;148;land;false;forest;1
3750;220;169;219;land;false;plains;1
3751;238;33;233;land;false;plains;1
3752;147;185;169;land;false;forest;1
3753;235;252;127;land;false;plains;1
3754;41;227;253;land;true;mountain;1
3755;224;218;82;land;false;desert;1
3756;99;206;210;land;false;desert;1
3757;204;239;225;land;false;desert;1
3758;249;228;92;land;false;mountain;1
3759;220;207;203;land;false;mountain;1
3760;236;252;219;land;true;plains;1
3761;0;128;11;land;true;urban;1
3762;31;104;8;land;true;plains;1
3763;242;225;58;land;false;plains;1
3764;221;165;227;land;false;plains;1
3765;214;211;86;land;false;plains;1
3766;254;181;121;land;false;plains;1
3767;244;110;214;land;false;desert;1
3768;199;247;195;land;false;desert;1
3769;132;254;252;land;true;plains;1
3770;135;206;248;land;true;plains;1
3771;230;99;177;land;false;plains;1
3772;254;124;208;land;false;hills;1
3773;121;252;206;land;true;hills;1
3774;171;242;174;land;false;desert;1
3775;245;216;201;land;true;mountain;1
3776;234;68;253;land;false;desert;1
3777;169;243;178;land;false;desert;1
3778;224;101;226;land;false;mountain;1
3779;253;77;192;land;false;forest;1
3780;16;56;69;land;false;plains;1
3781;206;127;211;land;true;hills;1
3782;204;149;252;land;false;mountain;1
3783;220;249;234;land;true;plains;1
3784;187;123;197;land;false;hills;1
3785;238;111;204;land;true;forest;1
3786;170;93;239;land;false;desert;1
3787;117;182;248;land;false;mountain;1
3788;189;153;235;land;false;desert;1
3789;166;223;168;land;false;hills;1
3790;247;203;102;land;false;desert;1
3791;140;253;215;land;false;plains;1
3792;134;244;235;land;true;hills;1
3793;154;115;252;land;false;mountain;1
3794;58;70;1;land;false;urban;1
3795;248;91;227;land;false;plains;1
3796;210;251;117;land;true;plains;1
3797;191;143;184;land;false;hills;1
3798;81;204;247;land;false;hills;1
3799;234;149;209;land;false;desert;1
3800;250;181;93;land;false;desert;1
3801;125;202;177;land;false;mountain;1
3802;221;128;161;land;false;mountain;1
3803;25;70;37;land;true;urban;1
3804;30;73;5;land;false;urban;1
3805;48;24;74;land;true;forest;1
3806;191;204;118;land;false;forest;1
3807;204;146;188;land;false;plains;1
3808;224;202;253;land;false;desert;1
3809;229;252;183;land;false;desert;1
3810;244;191;107;land;false;plains;1
3811;5;110;34;land;false;urban;1
3812;246;148;197;land;false;plains;1
3813;192;214;152;land;false;hills;1
3814;196;221;200;land;false;desert;1
3815;50;251;248;land;false;desert;1
3816;228;214;94;land;false;mountain;1
3817;178;175;160;land;false;desert;1
3818;227;235;224;land;false;mountain;1
3819;164;206;220;land;false;hills;1
3820;103;226;232;land;false;mountain;1
3821;22;3;86;land;true;urban;1
3822;56;58;11;land;false;urban;1
3823;83;55;5;land;false;urban;1
3824;66;27;8;land;false;hills;1
3825;87;233;250;land;true;hills;1
3826;144;212;201;land;false;forest;1
3827;202;218;173;land;false;forest;1
3828;213;162;136;land;true;mountain;1
3829;168;229;199;land;true;plains;1
3830;230;164;222;land;true;plains;1
3831;240;54;228;land;false;desert;1
3832;107;11;9;land;false;plains;1
3833;153;236;224;land;false;plains;1
3834;178;134;218;land;false;desert;1
3835;211;134;197;land;true;hills;1
3836;0;65;44;land;false;plains;1
3837;49;20;80;land;false;urban;1
3838;237;247;238;land;false;plains;1
3839;15;70;30;land;false;forest;1
3840;29;53;61;land;false;plains;1
3841;66;203;247;land;false;hills;1
3842;230;185;96;land;false;desert;1
3843;237;216;254;land;false;desert;1
3844;194;243;122;land;false;desert;1
3845;246;222;133;land;false;mountain;1
3846;179;182;176;land;false;hills;1
3847;117;253;228;land;false;hills;1
3848;254;88;211;land;false;mountain;1
3849;126;225;203;land;false;mountain;1
3850;138;139;254;land;false;mountain;1
3851;54;7;61;land;false;plains;1
3852;201;189;193;land;false;plains;1
3853;0;64;74;land;false;urban;1
3854;42;45;25;land;false;plains;1
3855;48;251;220;land;false;hills;1
3856;224;178;215;land;false;desert;1
3857;207;170;246;land;false;desert;1
3858;15;125;2;land;false;desert;1
3859;187;115;254;land;false;desert;1
3860;161;204;235;land;false;hills;1
3861;82;216;238;land;false;forest;1
3862;106;242;192;land;false;forest;1
3863;183;174;207;land;false;forest;1
3864;178;144;221;land;false;plains;1
3865;135;174;218;land;true;plains;1
3866;114;252;161;land;false;plains;1
3867;144;223;152;land;true;hills;1
3868;218;164;253;land;false;desert;1
3869;210;182;158;land;true;desert;1
3870;187;159;158;land;false;desert;1
3871;28;3;82;land;false;urban;1
3872;28;53;26;land;false;hills;1
3873;1;90;12;land;false;urban;1
3874;158;217;146;land;false;hills;1
3875;184;230;163;land;false;desert;1
3876;226;95;206;land;false;plains;1
3877;120;243;173;land;false;hills;1
3878;132;191;231;land;false;plains;1
3879;176;178;205;land;false;plains;1
3880;240;136;167;land;true;plains;1
3881;234;113;181;land;true;plains;1
3882;181;198;162;land;false;desert;1
3883;198;92;236;land;false;desert;1
3884;243;159;105;land;false;plains;1
3885;209;156;202;land;false;desert;1
3886;17;67;31;land;false;urban;1
3887;244;125;222;land;false;mountain;1
3888;222;144;147;land;false;mountain;1
3889;236;178;89;land;false;mountain;1
3890;248;136;176;land;false;mountain;1
3891;59;11;47;land;false;urban;1
3892;12;17;80;land;false;plains;1
3893;89;248;248;land;false;forest;1
3894;232;221;104;land;false;plains;1
3895;238;194;183;land;false;desert;1
3896;211;220;236;land;true;plains;1
3897;31;54;48;land;false;urban;1
3898;241;126;193;land;false;hills;1
3899;7;127;1;land;true;urban;1
3900;49;21;56;land;false;desert;1
3901;88;254;240;land;false;hills;1
3902;218;147;174;land;false;mountain;1
3903;204;251;156;land;true;plains;1
3904;76;63;3;land;true;urban;1
3905;180;253;156;land;true;plains;1
3906;8;110;6;land;false;urban;1
3907;110;172;242;land;false;mountain;1
3908;244;140;125;land;false;desert;1
3909;254;182;239;land;false;hills;1
3910;131;11;0;land;false;urban;1
3911;151;183;177;land;false;mountain;1
3912;48;97;4;land;false;urban;1
3913;162;155;250;land;false;hills;1
3914;237;191;128;land;false;plains;1
3915;234;219;48;land;false;forest;1
3916;252;162;166;land;true;plains;1
3917;207;158;170;land;false;hills;1
3918;245;69;203;land;false;hills;1
3919;176;200;242;land;false;mountain;1
3920;229;126;224;land;false;desert;1
3921;7;3;135;land;false;desert;1
3922;251;177;149;land;false;desert;1
3923;52;48;7;land;false;urban;1
3924;234;147;221;land;false;plains;1
3925;228;195;165;land;false;plains;1
3926;3;48;87;land;false;forest;1
3927;234;169;190;land;true;plains;1
3928;147;216;173;land;false;plains;1
3929;190;133;252;land;false;plains;1
3930;33;65;12;land;true;urban;1
3931;226;130;179;land;false;desert;1
3932;162;155;215;land;false;desert;1
3933;105;163;248;land;false;desert;1
3934;239;127;169;land;false;desert;1
3935;254;113;161;land;false;mountain;1
3936;221;254;158;land;false;forest;1
3937;249;161;143;land;false;forest;1
3938;97;253;164;land;false;plains;1
3939;203;154;224;land;true;desert;1
3940;178;245;222;land;true;desert;1
3941;13;28;92;land;true;urban;1
3942;209;111;230;land;false;desert;1
3943;254;105;174;land;false;plains;1
3944;242;143;148;land;false;desert;1
3945;252;254;57;land;true;desert;1
3946;126;237;227;land;true;desert;1
3947;119;233;156;land;false;desert;1
3948;224;178;120;land;false;desert;1
3949;243;244;20;land;false;mountain;1
3950;13;240;251;land;true;hills;1
3951;234;252;140;land;false;mountain;1
3952;250;180;85;land;false;mountain;1
3953;236;186;165;land;false;hills;1
3954;161;190;189;land;false;plains;1
3955;154;116;231;land;false;plains;1
3956;242;155;145;land;false;plains;1
3957;191;230;236;land;false;desert;1
3958;173;216;179;land;false;forest;1
3959;201;221;251;land;true;mountain;1
3960;244;144;187;land;true;desert;1
3961;220;179;209;land;true;desert;1
3962;205;205;180;land;false;hills;1
3963;218;195;141;land;false;plains;1
3964;121;243;239;land;true;mountain;1
3965;117;220;175;land;false;desert;1
3966;182;226;162;land;false;plains;1
3967;242;112;216;land;false;desert;1
3968;201;190;233;land;true;mountain;1
3969;38;46;58;land;false;urban;1
3970;225;196;102;land;false;plains;1
3971;244;238;57;land;false;plains;1
3972;229;234;169;land;false;hills;1
3973;113;230;234;land;true;hills;1
3974;226;201;121;land;true;desert;1
3975;229;104;198;land;true;plains;1
3976;211;253;88;land;false;hills;1
3977;250;60;222;land;false;plains;1
3978;180;128;238;land;true;hills;1
3979;109;162;237;land;true;plains;1
3980;108;245;176;land;false;desert;1
3981;124;246;243;land;false;desert;1
3982;246;218;174;land;true;desert;1
3983;179;129;235;land;false;desert;1
3984;2;73;41;land;false;desert;1
3985;220;102;211;land;false;mountain;1
3986;207;225;235;land;false;desert;1
3987;250;232;61;land;false;hills;1
3988;243;55;235;land;false;hills;1
3989;203;201;188;land;false;mountain;1
3990;232;164;160;land;false;mountain;1
3991;72;27;17;land;false;urban;1
3992;56;44;46;land;true;urban;1
3993;170;163;183;land;false;forest;1
3994;225;249;209;land;false;plains;1
3995;36;21;69;land;false;plains;1
3996;233;148;223;land;false;mountain;1
3997;107;230;171;land;true;desert;1
3998;145;216;158;land;true;plains;1
3999;138;229;216;land;false;hills;1
4000;245;76;238;land;true;desert;1
4001;230;252;59;land;false;desert;1
4002;205;183;166;land;false;desert;1
4003;240;182;182;land;false;desert;1
4004;230;232;80;land;false;mountain;1
4005;222;87;221;land;false;desert;1
4006;173;201;219;land;false;desert;1
4007;205;187;200;land;false;desert;1
4008;246;17;239;land;true;plains;1
4009;207;203;138;land;true;plains;1
4010;198;229;220;land;false;desert;1
4011;220;123;254;land;false;desert;1
4012;223;243;249;land;false;desert;1
4013;251;126;222;land;true;hills;1
4014;75;51;0;land;false;forest;1
4015;228;159;164;land;true;forest;1
4016;126;238;173;land;false;plains;1
4017;253;130;194;land;true;plains;1
4018;253;124;179;land;true;plains;1
4019;107;0;15;land;false;urban;1
4020;187;169;174;land;false;desert;1
4021;153;179;218;land;false;desert;1
4022;207;113;208;land;false;desert;1
4023;61;230;247;land;false;desert;1
4024;10;10;112;land;true;urban;1
4025;171;121;239;land;false;mountain;1
4026;231;135;170;land;false;mountain;1
4027;226;228;171;land;false;plains;1
4028;253;225;74;land;false;plains;1
4029;185;239;175;land;false;desert;1
4030;123;184;254;land;false;desert;1
4031;181;164;202;land;false;desert;1
4032;140;206;225;land;false;hills;1
4033;233;96;182;land;false;hills;1
4034;254;211;123;land;true;plains;1
4035;247;230;227;land;true;hills;1
4036;170;151;199;land;true;desert;1
4037;199;224;241;land;false;desert;1
4038;201;169;174;land;false;plains;1
4039;197;233;124;land;false;plains;1
4040;43;64;34;land;false;urban;1
4041;104;209;197;land;true;hills;1
4042;224;189;153;land;false;mountain;1
4043;224;162;170;land;false;plains;1
4044;212;216;151;land;false;desert;1
4045;169;217;160;land;false;desert;1
4046;253;161;225;land;false;desert;1
4047;246;122;201;land;true;plains;1
4048;209;201;109;land;true;hills;1
4049;66;38;43;land;false;urban;1
4050;104;225;202;land;false;plains;1
4051;235;247;248;land;false;plains;1
4052;195;230;120;land;false;desert;1
4053;203;235;181;land;false;desert;1
4054;254;189;159;land;false;desert;1
4055;230;253;118;land;false;desert;1
4056;47;39;51;land;false;desert;1
4057;205;196;199;land;false;mountain;1
4058;233;246;64;land;false;mountain;1
4059;45;80;15;land;false;urban;1
4060;46;0;84;land;false;forest;1
4061;252;95;164;land;false;plains;1
4062;166;225;217;land;false;plains;1
4063;253;244;72;land;false;plains;1
4064;217;130;166;land;false;hills;1
4065;245;186;181;land;false;desert;1
4066;165;205;171;land;false;desert;1
4067;51;215;250;land;false;mountain;1
4068;44;52;35;land;true;urban;1
4069;213;251;225;land;false;mountain;1
4070;218;173;155;land;false;mountain;1
4071;192;191;124;land;false;mountain;1
4072;184;218;192;land;false;mountain;1
4073;2;35;64;land;false;forest;1
4074;202;108;202;land;false;forest;1
4075;198;160;200;land;false;hills;1
4076;227;189;111;land;false;plains;1
4077;219;166;198;land;false;hills;1
4078;191;110;244;land;false;plains;1
4079;224;154;214;land;true;hills;1
4080;52;1;60;land;true;urban;1
4081;96;163;251;land;false;desert;1
4082;250;241;106;land;false;mountain;1
4083;218;216;76;land;false;desert;1
4084;227;187;231;land;false;hills;1
4085;251;195;195;land;false;mountain;1
4086;243;180;88;land;true;mountain;1
4087;141;243;233;land;false;forest;1
4088;34;13;71;land;false;plains;1
4089;69;213;228;land;false;plains;1
4090;149;243;137;land;true;plains;1
4091;222;241;40;land;true;plains;1
4092;240;208;218;land;false;plains;1
4093;124;249;203;land;false;plains;1
4094;197;233;159;land;false;hills;1
4095;170;151;242;land;false;mountain;1
4096;222;169;152;land;false;desert;1
4097;174;248;139;land;false;desert;1
4098;145;213;207;land;false;desert;1
4099;246;139;170;land;false;desert;1
4100;54;2;56;land;false;urban;1
4101;225;236;233;land;false;hills;1
4102;174;153;177;land;false;hills;1
4103;230;118;175;land;false;mountain;1
4104;220;92;249;land;false;mountain;1
4105;187;124;204;land;false;mountain;1
4106;215;226;216;land;true;forest;1
4107;248;211;64;land;false;plains;1
4108;203;235;240;land;true;plains;1
4109;188;189;140;land;false;plains;1
4110;213;123;202;land;false;mountain;1
4111;211;57;248;land;false;desert;1
4112;252;227;96;land;true;desert;1
4113;88;204;227;land;false;desert;1
4114;252;166;199;land;true;mountain;1
4115;223;216;67;land;false;hills;1
4116;85;24;1;land;true;urban;1
4117;172;213;136;land;false;plains;1
4118;159;213;169;land;true;plains;1
4119;244;155;129;land;true;plains;1
4120;219;81;215;land;false;hills;1
4121;245;165;187;land;false;desert;1
4122;167;242;169;land;false;forest;1
4123;181;221;199;land;false;forest;1
4124;239;146;208;land;false;plains;1
4125;244;172;108;land;false;plains;1
4126;167;209;213;land;false;desert;1
4127;246;70;197;land;false;plains;1
4128;227;233;71;land;false;plains;1
4129;174;238;104;land;false;plains;1
4130;183;163;200;land;false;plains;1
4131;147;234;131;land;false;hills;1
4132;98;238;247;land;true;plains;1
4133;215;148;225;land;false;desert;1
4134;250;225;38;land;false;desert;1
4135;220;81;217;land;false;desert;1
4136;166;200;143;land;false;desert;1
4137;4;99;45;land;false;urban;1
4138;78;34;20;land;false;desert;1
4139;204;230;109;land;false;mountain;1
4140;39;25;51;land;false;plains;1
4141;224;72;221;land;false;hills;1
4142;240;173;107;land;false;hills;1
4143;241;251;68;land;false;hills;1
4144;211;121;205;land;false;plains;1
4145;249;187;122;land;true;hills;1
4146;158;236;142;land;true;desert;1
4147;8;77;22;land;false;desert;1
4148;133;234;246;land;false;hills;1
4149;172;179;227;land;false;mountain;1
4150;215;147;160;land;true;hills;1
4151;244;153;134;land;false;plains;1
4152;220;199;192;land;false;plains;1
4153;53;246;249;land;false;plains;1
4154;163;250;109;land;false;plains;1
4155;184;177;251;land;true;plains;1
4156;183;222;111;land;false;plains;1
4157;219;147;167;land;false;hills;1
4158;143;217;148;land;false;hills;1
4159;228;227;112;land;false;hills;1
4160;226;158;243;land;true;desert;1
4161;201;250;181;land;false;mountain;1
4162;201;223;136;land;false;mountain;1
4163;131;213;168;land;false;plains;1
4164;164;145;228;land;false;desert;1
4165;133;215;161;land;true;plains;1
4166;196;175;161;land;false;mountain;1
4167;206;241;123;land;false;hills;1
4168;145;193;202;land;false;plains;1
4169;164;215;194;land;false;desert;1
4170;246;180;194;land;true;forest;1
4171;150;191;231;land;true;plains;1
4172;146;178;199;land;false;hills;1
4173;142;205;231;land;false;plains;1
4174;143;218;248;land;false;desert;1
4175;243;106;242;land;false;desert;1
4176;214;124;192;land;false;desert;1
4177;235;33;248;land;false;mountain;1
4178;23;252;233;land;false;desert;1
4179;138;221;159;land;false;mountain;1
4180;155;195;252;land;false;forest;1
4181;201;210;121;land;false;forest;1
4182;227;250;232;land;false;plains;1
4183;116;183;205;land;false;forest;1
4184;164;244;233;land;true;desert;1
4185;252;223;193;land;false;plains;1
4186;92;190;235;land;true;hills;1
4187;234;251;54;land;false;plains;1
4188;197;171;236;land;false;mountain;1
4189;247;161;143;land;false;desert;1
4190;147;226;160;land;false;desert;1
4191;240;165;176;land;false;desert;1
4192;5;76;32;land;false;desert;1
4193;211;195;203;land;false;hills;1
4194;178;215;190;land;false;forest;1
4195;226;226;155;land;false;plains;1
4196;132;172;230;land;false;plains;1
4197;253;240;56;land;false;desert;1
4198;193;194;153;land;false;hills;1
4199;137;227;250;land;false;desert;1
4200;206;240;73;land;false;plains;1
4201;38;10;72;land;false;urban;1
4202;250;90;185;land;true;mountain;1
4203;226;119;163;land;false;desert;1
4204;165;115;221;land;false;desert;1
4205;188;244;153;land;false;desert;1
4206;34;10;70;land;false;desert;1
4207;194;243;127;land;false;hills;1
4208;244;36;228;land;false;hills;1
4209;14;8;79;land;false;urban;1
4210;216;70;220;land;true;hills;1
4211;174;203;225;land;false;plains;1
4212;160;107;251;land;false;desert;1
4213;188;184;158;land;false;desert;1
4214;146;155;214;land;false;hills;1
4215;151;125;252;land;false;forest;1
4216;37;20;45;land;false;urban;1
4217;163;227;242;land;true;plains;1
4218;238;145;205;land;true;hills;1
4219;74;227;248;land;true;hills;1
4220;238;220;104;land;false;desert;1
4221;36;71;4;land;false;desert;1
4222;226;137;212;land;false;desert;1
4223;18;52;62;land;false;mountain;1
4224;141;175;220;land;false;mountain;1
4225;123;246;234;land;false;forest;1
4226;105;180;247;land;false;plains;1
4227;248;105;163;land;false;hills;1
4228;211;250;112;land;false;desert;1
4229;230;144;153;land;false;desert;1
4230;248;115;153;land;false;desert;1
4231;108;187;242;land;false;desert;1
4232;231;207;202;land;true;plains;1
4233;164;225;234;land;true;hills;1
4234;243;5;254;land;false;mountain;1
4235;169;146;243;land;false;forest;1
4236;251;208;213;land;false;desert;1
4237;230;228;127;land;false;plains;1
4238;243;71;190;land;false;plains;1
4239;191;212;218;land;false;desert;1
4240;205;241;97;land;false;hills;1
4241;250;220;122;land;false;mountain;1
4242;222;156;235;land;false;desert;1
4243;26;66;52;land;false;urban;1
4244;221;231;98;land;false;mountain;1
4245;244;185;218;land;false;mountain;1
4246;99;0;2;land;false;plains;1
4247;190;229;146;land;false;plains;1
4248;215;214;221;land;false;hills;1
4249;177;78;247;land;true;plains;1
4250;243;78;226;land;false;plains;1
4251;175;146;245;land;false;mountain;1
4252;37;29;65;land;false;urban;1
4253;239;218;52;land;false;desert;1
4254;166;151;247;land;false;desert;1
4255;219;176;106;land;false;mountain;1
4256;185;220;239;land;false;mountain;1
4257;180;186;170;land;true;forest;1
4258;228;192;218;land;false;plains;1
4259;78;6;61;land;false;plains;1
4260;18;14;115;land;false;plains;1
4261;245;194;186;land;false;hills;1
4262;245;74;188;land;false;mountain;1
4263;131;169;212;land;false;plains;1
4264;209;198;190;land;false;plains;1
4265;248;123;252;land;true;marsh;1
4266;211;100;214;land;false;plains;1
4267;215;242;149;land;false;hills;1
4268;201;198;145;land;true;desert;1
4269;217;144;151;land;false;plains;1
4270;246;73;237;land;false;desert;1
4271;138;199;186;land;false;mountain;1
4272;223;179;128;land;false;desert;1
4273;169;182;169;land;false;mountain;1
4274;8;76;31;land;false;urban;1
4275;183;193;140;land;false;desert;1
4276;88;182;239;land;false;desert;1
4277;220;168;148;land;false;hills;1
4278;183;211;147;land;false;desert;1
4279;194;216;181;land;false;mountain;1
4280;230;56;218;land;false;mountain;1
4281;118;248;164;land;false;forest;1
4282;251;176;116;land;false;plains;1
4283;213;122;200;land;false;desert;1
4284;30;249;245;land;true;plains;1
4285;224;217;90;land;true;plains;1
4286;33;90;10;land;false;urban;1
4287;244;111;179;land;false;plains;1
4288;193;227;188;land;false;desert;1
4289;250;142;130;land;false;desert;1
4290;174;201;160;land;false;hills;1
4291;196;203;190;land;false;hills;1
4292;218;107;208;land;false;mountain;1
4293;195;129;210;land;false;forest;1
4294;187;148;179;land;true;hills;1
4295;186;184;197;land;false;plains;1
4296;26;61;17;land;false;plains;1
4297;234;204;216;land;false;forest;1
4298;227;233;47;land;false;hills;1
4299;152;193;222;land;true;plains;1
4300;166;207;200;land;false;plains;1
4301;253;173;156;land;false;hills;1
4302;209;124;183;land;true;hills;1
4303;85;48;10;land;true;urban;1
4304;224;194;231;land;false;plains;1
4305;170;187;169;land;true;hills;1
4306;43;51;34;land;true;urban;1
4307;216;201;183;land;false;desert;1
4308;251;187;138;land;true;desert;1
4309;171;200;204;land;false;desert;1
4310;166;179;160;land;false;hills;1
4311;180;100;231;land;false;desert;1
4312;199;187;118;land;false;desert;1
4313;193;170;212;land;false;desert;1
4314;254;252;114;land;true;desert;1
4315;110;230;186;land;false;plains;1
4316;47;1;55;land;false;urban;1
4317;169;216;159;land;false;plains;1
4318;139;210;222;land;false;plains;1
4319;156;137;241;land;false;desert;1
4320;234;141;197;land;false;plains;1
4321;163;232;182;land;false;mountain;1
4322;154;207;242;land;false;desert;1
4323;93;9;17;land;false;urban;1
4324;191;92;239;land;true;desert;1
4325;185;240;233;land;false;mountain;1
4326;237;169;241;land;true;forest;1
4327;216;78;234;land;true;mountain;1
4328;217;230;87;land;true;plains;1
4329;235;168;191;land;false;desert;1
4330;245;182;77;land;false;plains;1
4331;178;119;211;land;false;mountain;1
4332;193;148;190;land;false;plains;1
4333;167;181;214;land;false;plains;1
4334;184;234;188;land;false;desert;1
4335;35;224;244;land;false;plains;1
4336;235;128;155;land;false;desert;1
4337;111;239;245;land;false;desert;1
4338;246;194;195;land;false;mountain;1
4339;235;203;75;land;false;plains;1
4340;219;173;217;land;false;hills;1
4341;139;183;179;land;false;desert;1
4342;196;246;110;land;false;hills;1
4343;233;222;253;land;true;mountain;1
4344;227;197;106;land;false;desert;1
4345;245;196;135;land;true;mountain;1
4346;250;140;209;land;false;forest;1
4347;208;203;106;land;false;desert;1
4348;76;17;25;land;false;plains;1
4349;220;207;80;land;false;forest;1
4350;211;164;248;land;true;plains;1
4351;223;176;233;land;true;jungle;1
4352;29;84;21;land;false;urban;1
4353;201;180;127;land;true;hills;1
4354;217;169;244;land;true;plains;1
4355;251;172;141;land;true;desert;1
4356;234;234;129;land;false;plains;1
4357;9;78;59;land;false;urban;1
4358;246;231;252;land;false;plains;1
4359;157;211;136;land;false;plains;1
4360;187;232;162;land;false;plains;1
4361;5;42;57;land;false;urban;1
4362;236;243;93;land;false;plains;1
4363;242;234;64;land;false;hills;1
4364;234;27;253;land;true;desert;1
4365;68;40;41;land;false;urban;1
4366;158;206;240;land;false;desert;1
4367;242;135;134;land;false;hills;1
4368;194;167;185;land;false;mountain;1
4369;188;198;151;land;false;plains;1
4370;157;216;171;land;false;desert;1
4371;245;169;209;land;false;desert;1
4372;207;171;142;land;false;mountain;1
4373;243;197;72;land;true;plains;1
4374;246;216;69;land;false;desert;1
4375;254;24;224;land;false;plains;1
4376;254;10;254;land;false;desert;1
4377;164;227;162;land;false;hills;1
4378;80;226;219;land;false;desert;1
4379;250;153;174;land;true;desert;1
4380;212;245;225;land;false;hills;1
4381;192;146;215;land;false;mountain;1
4382;221;183;155;land;true;hills;1
4383;109;219;211;land;false;mountain;1
4384;192;249;234;land;false;mountain;1
4385;185;245;125;land;false;hills;1
4386;213;130;192;land;false;forest;1
4387;223;243;40;land;false;plains;1
4388;170;242;100;land;false;forest;1
4389;117;209;208;land;false;forest;1
4390;45;4;75;land;false;plains;1
4391;242;219;127;land;false;plains;1
4392;190;249;152;land;false;desert;1
4393;203;227;216;land;false;desert;1
4394;188;246;94;land;false;desert;1
4395;213;188;245;land;false;hills;1
4396;186;206;115;land;false;hills;1
4397;142;193;180;land;false;hills;1
4398;244;61;207;land;false;desert;1
4399;134;220;197;land;false;plains;1
4400;159;240;245;land;true;plains;1
4401;233;78;223;land;false;plains;1
4402;55;17;55;land;false;urban;1
4403;236;46;224;land;false;plains;1
4404;191;158;249;land;false;plains;1
4405;250;235;217;land;false;mountain;1
4406;249;203;107;land;false;desert;1
4407;192;199;130;land;false;mountain;1
4408;233;212;198;land;false;desert;1
4409;245;146;207;land;false;hills;1
4410;207;233;92;land;false;mountain;1
4411;31;41;48;land;false;hills;1
4412;114;230;241;land;true;forest;1
4413;215;160;185;land;false;mountain;1
4414;207;227;233;land;true;plains;1
4415;127;223;212;land;true;plains;1
4416;251;215;105;land;false;hills;1
4417;125;161;252;land;false;desert;1
4418;78;13;18;land;false;urban;1
4419;73;9;21;land;false;urban;1
4420;230;193;247;land;false;desert;1
4421;254;204;45;land;false;plains;1
4422;167;210;219;land;false;desert;1
4423;45;97;5;land;false;plains;1
4424;180;182;204;land;false;plains;1
4425;43;31;65;land;false;plains;1
4426;48;45;38;land;false;urban;1
4427;51;33;36;land;false;urban;1
4428;215;75;227;land;true;plains;1
4429;183;207;127;land;false;mountain;1
4430;210;193;151;land;false;desert;1
4431;161;186;197;land;false;hills;1
4432;191;204;210;land;false;plains;1
4433;176;230;99;land;false;desert;1
4434;5;16;125;land;false;plains;1
4435;254;169;200;land;true;plains;1
4436;209;113;240;land;false;desert;1
4437;16;94;35;land;false;plains;1
4438;245;183;181;land;false;plains;1
4439;36;74;6;land;false;urban;1
4440;59;14;43;land;false;urban;1
4441;139;229;176;land;true;hills;1
4442;196;92;218;land;false;plains;1
4443;252;179;104;land;false;hills;1
4444;177;143;229;land;true;desert;1
4445;210;223;182;land;false;mountain;1
4446;127;218;163;land;false;hills;1
4447;150;170;188;land;false;desert;1
4448;212;245;205;land;false;desert;1
4449;151;252;168;land;false;plains;1
4450;248;147;155;land;false;plains;1
4451;55;251;220;land;false;plains;1
4452;197;210;101;land;false;desert;1
4453;231;115;190;land;false;plains;1
4454;182;102;250;land;false;desert;1
4455;163;201;147;land;false;hills;1
4456;175;218;230;land;false;desert;1
4457;165;244;111;land;false;desert;1
4458;224;249;66;land;false;forest;1
4459;217;177;189;land;false;plains;1
4460;153;254;167;land;true;mountain;1
4461;100;228;237;land;false;plains;1
4462;237;208;212;land;false;plains;1
4463;170;176;240;land;false;plains;1
4464;214;229;59;land;false;desert;1
4465;205;247;147;land;false;desert;1
4466;228;211;62;land;false;desert;1
4467;149;242;192;land;false;hills;1
4468;196;112;212;land;false;mountain;1
4469;183;231;250;land;false;mountain;1
4470;22;83;17;land;false;urban;1
4471;154;217;233;land;true;hills;1
4472;192;235;87;land;false;forest;1
4473;20;72;32;land;false;urban;1
4474;43;63;42;land;false;plains;1
4475;155;126;225;land;false;plains;1
4476;40;75;30;land;false;urban;1
4477;232;237;247;land;false;mountain;1
4478;253;248;57;land;false;desert;1
4479;166;234;166;land;true;plains;1
4480;239;202;243;land;false;mountain;1
4481;113;252;174;land;false;hills;1
4482;182;167;201;land;false;plains;1
4483;75;220;210;land;false;desert;1
4484;176;172;247;land;false;desert;1
4485;248;137;124;land;false;hills;1
4486;206;240;77;land;true;jungle;1
4487;222;252;36;land;false;plains;1
4488;243;74;245;land;false;plains;1
4489;41;100;0;land;true;urban;1
4490;180;222;151;land;false;desert;1
4491;95;9;31;land;false;urban;1
4492;174;169;216;land;false;hills;1
4493;89;211;216;land;false;desert;1
4494;123;189;195;land;false;desert;1
4495;21;66;57;land;false;urban;1
4496;252;161;150;land;true;plains;1
4497;117;237;212;land;true;hills;1
4498;58;52;2;land;true;urban;1
4499;233;213;127;land;false;desert;1
4500;228;99;188;land;false;desert;1
4501;228;146;193;land;false;desert;1
4502;244;35;239;land;false;hills;1
4503;0;29;90;land;false;urban;1
4504;156;163;184;land;true;desert;1
4505;200;240;223;land;false;desert;1
4506;178;215;164;land;false;desert;1
4507;38;74;31;land;false;urban;1
4508;77;239;213;land;false;mountain;1
4509;240;182;233;land;false;mountain;1
4510;251;84;191;land;false;mountain;1
4511;109;224;190;land;false;desert;1
4512;200;241;94;land;false;plains;1
4513;211;224;116;land;true;plains;1
4514;209;226;94;land;true;desert;1
4515;251;249;37;land;true;plains;1
4516;167;242;143;land;false;plains;1
4517;250;199;189;land;false;plains;1
4518;219;165;188;land;false;desert;1
4519;134;162;206;land;false;desert;1
4520;48;244;247;land;false;hills;1
4521;139;235;224;land;false;mountain;1
4522;236;227;157;land;false;urban;1
4523;17;29;93;land;false;urban;1
4524;241;204;248;land;false;hills;1
4525;89;218;240;land;false;mountain;1
4526;69;216;243;land;false;mountain;1
4527;68;20;39;land;false;urban;1
4528;159;189;193;land;false;hills;1
4529;241;158;111;land;true;plains;1
4530;221;202;110;land;false;plains;1
4531;54;28;59;land;false;plains;1
4532;207;152;213;land;false;plains;1
4533;176;82;247;land;true;plains;1
4534;181;247;84;land;false;desert;1
4535;245;160;214;land;true;desert;1
4536;234;167;180;land;true;hills;1
4537;163;156;191;land;false;desert;1
4538;61;253;222;land;false;desert;1
4539;222;137;188;land;false;mountain;1
4540;218;206;142;land;false;plains;1
4541;42;246;251;land;false;plains;1
4542;254;197;135;land;false;hills;1
4543;232;183;122;land;false;hills;1
4544;204;150;228;land;false;hills;1
4545;196;220;136;land;true;mountain;1
4546;211;231;197;land;false;desert;1
4547;9;113;12;land;false;forest;1
4548;24;35;47;land;false;mountain;1
4549;23;37;58;land;false;plains;1
4550;78;29;42;land;false;plains;1
4551;208;238;124;land;false;plains;1
4552;68;250;193;land;true;desert;1
4553;41;230;252;land;true;plains;1
4554;68;38;2;land;false;urban;1
4555;178;227;151;land;false;plains;1
4556;220;166;238;land;false;hills;1
4557;218;51;243;land;false;desert;1
4558;164;141;247;land;false;desert;1
4559;218;137;247;land;false;hills;1
4560;224;185;188;land;false;hills;1
4561;168;142;251;land;false;hills;1
4562;228;153;120;land;false;mountain;1
4563;233;195;109;land;false;desert;1
4564;199;190;158;land;false;desert;1
4565;247;250;222;land;false;plains;1
4566;244;163;193;land;false;plains;1
4567;86;232;213;land;true;plains;1
4568;195;184;250;land;false;desert;1
4569;3;114;9;land;false;urban;1
4570;154;103;251;land;false;plains;1
4571;130;185;224;land;false;desert;1
4572;235;151;235;land;false;desert;1
4573;203;98;251;land;false;mountain;1
4574;98;10;37;land;false;plains;1
4575;247;196;173;land;false;forest;1
4576;243;104;217;land;false;plains;1
4577;187;232;243;land;false;plains;1
4578;241;243;207;land;false;plains;1
4579;252;64;226;land;false;plains;1
4580;194;150;244;land;true;desert;1
4581;237;252;111;land;false;desert;1
4582;83;45;15;land;true;urban;1
4583;204;243;235;land;true;mountain;1
4584;192;195;180;land;false;desert;1
4585;235;216;132;land;false;desert;1
4586;251;243;141;land;false;mountain;1
4587;182;207;156;land;true;plains;1
4588;224;80;209;land;false;desert;1
4589;156;230;229;land;false;plains;1
4590;238;88;204;land;true;desert;1
4591;158;143;231;land;false;desert;1
4592;242;224;106;land;false;desert;1
4593;250;85;172;land;false;hills;1
4594;205;224;204;land;false;hills;1
4595;48;14;60;land;true;urban;1
4596;236;144;121;land;false;mountain;1
4597;98;247;157;land;false;plains;1
4598;251;219;105;land;false;desert;1
4599;95;18;22;land;false;urban;1
4600;73;199;239;land;false;plains;1
4601;180;245;86;land;false;mountain;1
4602;150;210;153;land;false;desert;1
4603;250;252;230;land;false;desert;1
4604;34;22;87;land;true;plains;1
4605;131;241;210;land;false;mountain;1
4606;252;62;218;land;false;mountain;1
4607;174;181;245;land;false;desert;1
4608;191;206;177;land;false;forest;1
4609;189;246;147;land;true;plains;1
4610;41;12;87;land;false;plains;1
4611;245;118;188;land;false;plains;1
4612;27;86;8;land;false;urban;1
4613;207;169;194;land;false;desert;1
4614;220;164;146;land;false;desert;1
4615;218;97;210;land;false;mountain;1
4616;242;214;80;land;false;hills;1
4617;243;208;185;land;false;desert;1
4618;32;253;222;land;false;mountain;1
4619;84;226;238;land;false;hills;1
4620;169;110;226;land;false;mountain;1
4621;234;218;230;land;false;mountain;1
4622;212;224;201;land;false;mountain;1
4623;27;22;95;land;false;forest;1
4624;207;148;223;land;false;forest;1
4625;68;252;247;land;true;desert;1
4626;215;228;209;land;false;plains;1
4627;161;205;167;land;true;desert;1
4628;251;92;193;land;false;desert;1
4629;176;210;171;land;false;desert;1
4630;244;87;209;land;false;desert;1
4631;247;252;81;land;true;mountain;1
4632;28;46;44;land;false;urban;1
4633;98;200;249;land;false;plains;1
4634;217;205;240;land;false;plains;1
4635;212;159;221;land;false;plains;1
4636;30;37;35;land;false;plains;1
4637;208;244;110;land;false;hills;1
4638;153;229;193;land;true;hills;1
4639;221;234;140;land;true;hills;1
4640;251;181;189;land;false;plains;1
4641;189;183;179;land;false;plains;1
4642;101;8;10;land;false;urban;1
4643;113;190;243;land;false;plains;1
4644;252;118;251;land;false;plains;1
4645;81;240;204;land;true;plains;1
4646;246;203;106;land;false;desert;1
4647;179;240;142;land;false;desert;1
4648;213;195;230;land;false;desert;1
4649;153;189;214;land;false;desert;1
4650;231;190;169;land;false;mountain;1
4651;34;248;236;land;true;plains;1
4652;175;177;243;land;false;mountain;1
4653;151;201;176;land;true;plains;1
4654;47;250;217;land;false;desert;1
4655;229;146;245;land;false;plains;1
4656;231;252;182;land;false;plains;1
4657;49;11;63;land;false;urban;1
4658;104;185;237;land;false;plains;1
4659;81;33;20;land;false;urban;1
4660;166;215;160;land;false;hills;1
4661;182;209;156;land;true;mountain;1
4662;253;239;41;land;false;hills;1
4663;5;25;91;land;false;urban;1
4664;192;120;199;land;false;plains;1
4665;238;205;71;land;false;desert;1
4666;62;53;30;land;false;plains;1
4667;175;129;236;land;false;plains;1
4668;201;183;220;land;false;plains;1
4669;1;3;108;land;true;urban;1
4670;31;3;74;land;false;urban;1
4671;123;150;254;land;false;desert;1
4672;235;225;62;land;false;desert;1
4673;198;226;179;land;false;plains;1
4674;196;222;239;land;false;hills;1
4675;245;222;206;land;false;hills;1
4676;88;25;25;land;false;urban;1
4677;220;209;192;land;false;mountain;1
4678;213;176;193;land;false;desert;1
4679;224;124;249;land;false;desert;1
4680;253;81;196;land;false;mountain;1
4681;16;92;19;land;true;hills;1
4682;241;160;218;land;false;hills;1
4683;229;240;226;land;false;mountain;1
4684;122;225;181;land;false;plains;1
4685;201;99;208;land;true;plains;1
4686;32;62;14;land;true;urban;1
4687;191;100;224;land;false;plains;1
4688;200;166;197;land;false;plains;1
4689;156;204;192;land;false;plains;1
4690;248;218;236;land;false;desert;1
4691;204;245;170;land;false;hills;1
4692;27;39;68;land;false;urban;1
4693;163;212;147;land;false;mountain;1
4694;143;156;218;land;true;plains;1
4695;210;241;79;land;false;plains;1
4696;112;249;201;land;false;plains;1
4697;96;12;24;land;true;plains;1
4698;153;141;219;land;false;mountain;1
4699;251;153;164;land;false;mountain;1
4700;169;231;130;land;true;mountain;1
4701;220;143;211;land;false;desert;1
4702;247;183;157;land;false;desert;1
4703;211;69;238;land;false;hills;1
4704;233;204;111;land;false;mountain;1
4705;226;223;89;land;false;mountain;1
4706;64;254;200;land;true;plains;1
4707;188;208;203;land;false;plains;1
4708;191;201;229;land;false;mountain;1
4709;184;93;249;land;false;desert;1
4710;209;245;134;land;false;desert;1
4711;39;20;72;land;false;urban;1
4712;137;243;155;land;true;desert;1
4713;54;231;235;land;false;mountain;1
4714;39;62;25;land;true;urban;1
4715;134;166;203;land;true;mountain;1
4716;250;245;229;land;false;desert;1
4717;203;245;83;land;false;marsh;1
4718;207;143;248;land;true;plains;1
4719;178;116;230;land;true;plains;1
4720;210;249;64;land;false;plains;1
4721;194;213;251;land;false;plains;1
4722;164;250;161;land;false;plains;1
4723;242;134;133;land;true;mountain;1
4724;174;190;138;land;false;hills;1
4725;82;26;25;land;false;mountain;1
4726;64;16;53;land;false;mountain;1
4727;3;38;65;land;false;mountain;1
4728;191;219;189;land;true;desert;1
4729;151;143;238;land;false;plains;1
4730;226;192;107;land;true;plains;1
4731;248;161;155;land;false;plains;1
4732;144;221;250;land;false;desert;1
4733;228;234;222;land;false;mountain;1
4734;144;233;131;land;false;desert;1
4735;108;214;194;land;false;desert;1
4736;228;90;186;land;false;mountain;1
4737;104;211;243;land;false;mountain;1
4738;191;201;149;land;false;desert;1
4739;68;237;237;land;false;plains;1
4740;156;161;206;land;false;desert;1
4741;83;215;254;land;false;mountain;1
4742;181;161;226;land;false;mountain;1
4743;162;210;225;land;false;desert;1
4744;127;227;207;land;false;forest;1
4745;160;115;235;land;false;plains;1
4746;219;250;135;land;false;plains;1
4747;107;9;26;land;true;urban;1
4748;232;197;107;land;false;desert;1
4749;0;70;41;land;true;urban;1
4750;249;108;169;land;false;desert;1
4751;237;200;90;land;true;hills;1
4752;157;243;171;land;false;mountain;1
4753;64;25;19;land;false;urban;1
4754;61;40;13;land;false;plains;1
4755;91;182;232;land;false;hills;1
4756;241;71;191;land;true;plains;1
4757;154;248;117;land;true;plains;1
4758;209;254;215;land;false;plains;1
4759;243;135;131;land;false;plains;1
4760;230;224;221;land;false;desert;1
4761;244;186;165;land;false;desert;1
4762;203;114;248;land;false;mountain;1
4763;230;254;219;land;false;plains;1
4764;229;244;64;land;false;plains;1
4765;231;178;191;land;false;plains;1
4766;116;192;194;land;false;plains;1
4767;238;189;234;land;false;desert;1
4768;224;248;152;land;false;mountain;1
4769;127;247;240;land;false;hills;1
4770;214;82;237;land;false;mountain;1
4771;29;237;249;land;false;desert;1
4772;166;239;163;land;false;mountain;1
4773;63;57;13;land;false;plains;1
4774;135;159;239;land;false;forest;1
4775;164;247;185;land;false;forest;1
4776;181;251;122;land;true;mountain;1
4777;245;55;228;land;true;plains;1
4778;174;205;174;land;false;plains;1
4779;173;239;197;land;true;plains;1
4780;242;179;92;land;false;desert;1
4781;213;216;110;land;false;desert;1
4782;102;238;239;land;false;hills;1
4783;191;196;227;land;false;hills;1
4784;168;226;221;land;false;desert;1
4785;172;230;252;land;false;desert;1
4786;131;198;251;land;false;desert;1
4787;246;221;102;land;false;mountain;1
4788;250;143;202;land;false;desert;1
4789;232;212;169;land;true;desert;1
4790;236;139;168;land;true;plains;1
4791;175;246;248;land;false;plains;1
4792;199;205;242;land;false;desert;1
4793;215;237;150;land;false;hills;1
4794;228;191;143;land;false;hills;1
4795;238;240;117;land;true;mountain;1
4796;213;158;223;land;true;mountain;1
4797;167;234;250;land;false;desert;1
4798;154;140;237;land;true;mountain;1
4799;84;45;0;land;true;hills;1
4800;173;203;136;land;false;marsh;1
4801;149;250;130;land;false;plains;1
4802;128;200;243;land;false;plains;1
4803;203;158;213;land;false;plains;1
4804;230;229;214;land;false;plains;1
4805;139;214;203;land;false;desert;1
4806;103;243;190;land;false;desert;1
4807;187;234;160;land;false;desert;1
4808;210;190;152;land;false;plains;1
4809;192;207;109;land;true;plains;1
4810;193;225;144;land;false;plains;1
4811;130;186;250;land;false;plains;1
4812;61;19;58;land;false;urban;1
4813;242;221;199;land;false;hills;1
4814;165;196;164;land;false;hills;1
4815;240;94;240;land;false;desert;1
4816;102;220;238;land;false;desert;1
4817;247;150;199;land;false;plains;1
4818;109;206;237;land;false;desert;1
4819;253;197;239;land;false;mountain;1
4820;177;202;191;land;false;plains;1
4821;236;249;107;land;false;forest;1
4822;217;145;142;land;false;plains;1
4823;16;79;30;land;true;plains;1
4824;157;235;129;land;false;plains;1
4825;245;207;227;land;false;desert;1
4826;235;226;245;land;false;desert;1
4827;241;112;211;land;false;desert;1
4828;87;7;54;land;false;plains;1
4829;200;156;203;land;false;plains;1
4830;65;26;26;land;false;urban;1
4831;164;247;161;land;false;mountain;1
4832;120;211;176;land;false;plains;1
4833;239;226;226;land;false;plains;1
4834;180;139;226;land;false;mountain;1
4835;178;232;159;land;false;hills;1
4836;193;208;130;land;false;desert;1
4837;233;204;196;land;false;desert;1
4838;234;247;246;land;false;desert;1
4839;170;147;197;land;false;desert;1
4840;169;249;202;land;false;forest;1
4841;252;136;146;land;false;plains;1
4842;215;115;224;land;false;plains;1
4843;224;225;95;land;false;plains;1
4844;72;21;14;land;false;desert;1
4845;248;211;142;land;false;mountain;1
4846;227;129;220;land;false;desert;1
4847;28;16;63;land;false;plains;1
4848;192;187;125;land;false;plains;1
4849;214;222;207;land;true;plains;1
4850;28;21;72;land;true;urban;1
4851;215;119;211;land;true;plains;1
4852;126;208;251;land;false;desert;1
4853;179;238;140;land;false;desert;1
4854;252;192;230;land;false;desert;1
4855;216;185;219;land;false;mountain;1
4856;211;199;114;land;false;desert;1
4857;70;20;44;land;false;urban;1
4858;243;80;211;land;true;plains;1
4859;251;232;27;land;false;plains;1
4860;206;188;160;land;false;desert;1
4861;213;93;218;land;false;desert;1
4862;23;15;78;land;false;urban;1
4863;180;231;93;land;true;plains;1
4864;220;79;253;land;false;forest;1
4865;157;247;236;land;true;desert;1
4866;53;6;45;land;true;urban;1
4867;212;144;149;land;true;plains;1
4868;113;203;246;land;false;plains;1
4869;27;28;81;land;false;urban;1
4870;190;213;182;land;false;mountain;1
4871;177;247;128;land;false;mountain;1
4872;230;227;206;land;false;desert;1
4873;3;90;23;land;false;urban;1
4874;163;252;151;land;false;mountain;1
4875;203;210;111;land;false;mountain;1
4876;78;177;253;land;true;plains;1
4877;227;132;146;land;false;plains;1
4878;241;234;234;land;true;plains;1
4879;150;158;202;land;false;mountain;1
4880;78;206;254;land;false;desert;1
4881;190;149;169;land;false;hills;1
4882;242;242;118;land;false;mountain;1
4883;247;181;91;land;false;mountain;1
4884;48;1;100;land;false;mountain;1
4885;35;69;30;land;false;urban;1
4886;18;59;56;land;true;urban;1
4887;218;175;204;land;false;marsh;1
4888;253;57;206;land;false;urban;1
4889;166;244;121;land;false;plains;1
4890;232;146;188;land;false;mountain;1
4891;238;192;178;land;false;desert;1
4892;80;21;42;land;false;urban;1
4893;170;196;201;land;false;hills;1
4894;248;157;111;land;false;hills;1
4895;251;183;163;land;false;mountain;1
4896;251;221;145;land;false;plains;1
4897;245;233;153;land;false;desert;1
4898;231;98;206;land;false;desert;1
4899;231;172;205;land;false;forest;1
4900;172;150;205;land;false;plains;1
4901;246;88;171;land;false;plains;1
4902;85;16;16;land;false;urban;1
4903;243;198;182;land;false;plains;1
4904;31;19;86;land;false;urban;1
4905;241;207;227;land;false;desert;1
4906;35;40;55;land;false;mountain;1
4907;138;242;185;land;false;desert;1
4908;248;26;244;land;false;desert;1
4909;170;199;176;land;false;desert;1
4910;132;254;122;land;true;desert;1
4911;140;193;252;land;false;desert;1
4912;237;200;71;land;false;mountain;1
4913;176;253;146;land;false;desert;1
4914;58;228;249;land;true;urban;1
4915;93;242;206;land;false;plains;1
4916;72;248;231;land;false;plains;1
4917;74;16;16;land;true;urban;1
4918;241;252;122;land;true;plains;1
4919;229;126;236;land;false;desert;1
4920;187;221;239;land;false;desert;1
4921;178;236;197;land;false;desert;1
4922;18;11;114;land;false;urban;1
4923;230;155;252;land;false;mountain;1
4924;232;209;158;land;false;mountain;1
4925;1;25;93;land;true;urban;1
4926;173;229;171;land;false;plains;1
4927;249;59;210;land;false;plains;1
4928;126;250;128;land;false;plains;1
4929;116;198;198;land;false;plains;1
4930;111;241;192;land;true;mountain;1
4931;158;199;234;land;false;desert;1
4932;175;206;130;land;false;desert;1
4933;245;197;214;land;false;mountain;1
4934;206;249;247;land;false;hills;1
4935;227;242;37;land;false;desert;1
4936;252;196;136;land;false;plains;1
4937;130;250;167;land;false;forest;1
4938;49;13;58;land;false;urban;1
4939;212;240;104;land;true;plains;1
4940;168;224;162;land;true;plains;1
4941;96;185;232;land;false;desert;1
4942;124;220;169;land;false;mountain;1
4943;180;223;198;land;false;desert;1
4944;76;252;214;land;false;mountain;1
4945;241;134;232;land;false;mountain;1
4946;198;182;246;land;false;hills;1
4947;207;128;169;land;true;mountain;1
4948;154;232;119;land;true;plains;1
4949;193;241;222;land;true;plains;1
4950;95;234;226;land;false;plains;1
4951;205;88;216;land;false;plains;1
4952;36;51;46;land;true;plains;1
4953;239;200;65;land;false;plains;1
4954;204;217;169;land;false;mountain;1
4955;228;213;131;land;false;mountain;1
4956;210;114;196;land;false;mountain;1
4957;226;142;168;land;false;desert;1
4958;124;1;24;land;false;urban;1
4959;111;168;241;land;false;desert;1
4960;83;253;222;land;false;desert;1
4961;33;41;72;land;false;plains;1
4962;252;227;98;land;false;plains;1
4963;60;243;199;land;false;plains;1
4964;205;210;202;land;false;plains;1
4965;122;4;0;land;false;urban;1
4966;252;50;208;land;false;desert;1
4967;246;254;209;land;false;desert;1
4968;221;177;192;land;false;plains;1
4969;47;1;88;land;false;urban;1
4970;252;236;106;land;false;desert;1
4971;232;138;170;land;false;plains;1
4972;109;244;165;land;false;mountain;1
4973;53;24;57;land;true;plains;1
4974;199;115;231;land;false;marsh;1
4975;214;236;110;land;true;mountain;1
4976;33;27;52;land;false;urban;1
4977;79;9;53;land;false;urban;1
4978;81;215;233;land;false;desert;1
4979;216;147;212;land;false;mountain;1
4980;231;156;193;land;false;mountain;1
4981;200;250;134;land;false;desert;1
4982;170;130;243;land;false;mountain;1
4983;197;238;203;land;false;desert;1
4984;248;158;105;land;true;plains;1
4985;243;128;226;land;false;plains;1
4986;229;210;238;land;false;plains;1
4987;96;4;35;land;true;urban;1
4988;218;197;204;land;false;desert;1
4989;113;246;237;land;false;desert;1
4990;170;122;243;land;false;desert;1
4991;77;240;240;land;false;mountain;1
4992;198;224;118;land;false;mountain;1
4993;231;221;102;land;true;forest;1
4994;177;169;234;land;false;desert;1
4995;223;187;188;land;false;plains;1
4996;230;115;247;land;false;plains;1
4997;155;230;151;land;false;mountain;1
4998;190;252;238;land;true;plains;1
4999;49;21;60;land;true;urban;1
5000;213;244;96;land;false;plains;1
5001;228;248;35;land;false;mountain;1
5002;201;231;227;land;false;plains;1
5003;183;100;241;land;false;mountain;1
5004;232;210;209;land;true;plains;1
5005;165;175;221;land;false;desert;1
5006;236;111;180;land;false;plains;1
5007;246;185;231;land;true;desert;1
5008;246;240;39;land;false;desert;1
5009;215;144;239;land;false;desert;1
5010;91;200;241;land;false;desert;1
5011;202;95;248;land;false;mountain;1
5012;183;196;238;land;false;mountain;1
5013;232;213;140;land;false;desert;1
5014;217;233;235;land;false;hills;1
5015;82;36;8;land;false;hills;1
5016;151;201;186;land;false;forest;1
5017;136;212;208;land;false;plains;1
5018;212;86;215;land;true;plains;1
5019;75;43;7;land;false;desert;1
5020;236;132;208;land;false;desert;1
5021;168;140;252;land;false;desert;1
5022;185;75;241;land;false;desert;1
5023;214;162;170;land;false;mountain;1
5024;89;227;236;land;false;desert;1
5025;254;221;189;land;false;mountain;1
5026;89;252;209;land;false;mountain;1
5027;7;106;1;land;false;plains;1
5028;213;221;81;land;false;plains;1
5029;75;201;229;land;true;plains;1
5030;208;213;192;land;false;plains;1
5031;173;148;191;land;false;desert;1
5032;186;253;251;land;false;desert;1
5033;152;180;180;land;false;desert;1
5034;228;91;244;land;false;mountain;1
5035;183;172;233;land;false;mountain;1
5036;226;115;221;land;true;hills;1
5037;180;251;190;land;true;desert;1
5038;34;226;252;land;true;plains;1
5039;242;149;122;land;true;plains;1
5040;200;227;131;land;true;plains;1
5041;150;150;202;land;true;plains;1
5042;169;162;234;land;false;desert;1
5043;208;194;164;land;false;desert;1
5044;210;251;80;land;false;desert;1
5045;247;225;124;land;true;mountain;1
5046;91;251;159;land;false;mountain;1
5047;245;168;117;land;false;mountain;1
5048;234;230;171;land;false;forest;1
5049;161;167;185;land;true;mountain;1
5050;240;158;186;land;false;plains;1
5051;30;83;29;land;true;urban;1
5052;204;247;233;land;true;plains;1
5053;217;129;247;land;false;desert;1
5054;244;105;164;land;false;plains;1
5055;241;246;224;land;false;plains;1
5056;96;217;225;land;false;desert;1
5057;202;108;226;land;false;hills;1
5058;220;93;191;land;true;plains;1
5059;251;182;141;land;false;plains;1
5060;126;216;186;land;false;mountain;1
5061;166;235;209;land;false;mountain;1
5062;227;181;205;land;false;mountain;1
5063;215;214;167;land;false;mountain;1
5064;242;249;207;land;false;plains;1
5065;229;251;95;land;false;desert;1
5066;248;154;114;land;false;desert;1
5067;176;226;154;land;false;desert;1
5068;8;36;75;land;false;urban;1
5069;219;157;129;land;false;plains;1
5070;239;209;76;land;false;plains;1
5071;225;227;69;land;false;mountain;1
5072;229;251;135;land;false;mountain;1
5073;163;194;193;land;false;hills;1
5074;144;164;231;land;false;plains;1
5075;249;244;221;land;true;plains;1
5076;239;40;238;land;false;plains;1
5077;245;86;237;land;false;plains;1
5078;254;140;124;land;false;desert;1
5079;219;231;220;land;false;plains;1
5080;215;218;188;land;false;desert;1
5081;70;244;215;land;false;desert;1
5082;221;225;223;land;false;plains;1
5083;240;207;156;land;false;desert;1
5084;31;228;243;land;false;mountain;1
5085;215;241;233;land;false;desert;1
5086;238;205;219;land;false;plains;1
5087;208;213;174;land;false;plains;1
5088;234;148;157;land;false;desert;1
5089;218;57;243;land;false;plains;1
5090;253;101;186;land;false;plains;1
5091;234;231;48;land;false;plains;1
5092;92;195;251;land;false;plains;1
5093;36;82;21;land;false;urban;1
5094;219;115;175;land;false;jungle;1
5095;9;22;109;land;false;plains;1
5096;197;151;250;land;false;jungle;1
5097;139;226;153;land;false;hills;1
5098;40;72;35;land;false;urban;1
5099;235;59;212;land;false;plains;1
5100;136;176;218;land;false;desert;1
5101;144;201;222;land;false;desert;1
5102;182;207;220;land;false;desert;1
5103;220;231;66;land;false;desert;1
5104;206;210;126;land;false;plains;1
5105;127;205;178;land;false;mountain;1
5106;221;124;201;land;false;mountain;1
5107;217;197;254;land;false;mountain;1
5108;204;113;236;land;false;forest;1
5109;233;179;134;land;false;jungle;1
5110;209;157;161;land;false;jungle;1
5111;200;117;221;land;false;forest;1
5112;224;212;192;land;true;plains;1
5113;234;153;197;land;false;plains;1
5114;64;37;38;land;false;urban;1
5115;192;210;185;land;false;desert;1
5116;206;233;137;land;false;mountain;1
5117;63;208;233;land;false;mountain;1
5118;171;219;188;land;false;desert;1
5119;205;189;247;land;false;mountain;1
5120;28;66;36;land;false;mountain;1
5121;186;244;104;land;true;hills;1
5122;224;61;222;land;false;desert;1
5123;99;28;10;land;false;urban;1
5124;215;181;233;land;false;mountain;1
5125;235;252;22;land;false;desert;1
5126;237;254;232;land;false;forest;1
5127;225;124;241;land;false;plains;1
5128;22;101;8;land;false;urban;1
5129;236;163;118;land;false;marsh;1
5130;216;213;144;land;true;plains;1
5131;123;197;212;land;false;plains;1
5132;208;155;142;land;false;plains;1
5133;129;228;165;land;false;hills;1
5134;217;163;202;land;false;desert;1
5135;103;18;7;land;false;urban;1
5136;238;190;102;land;true;hills;1
5137;120;180;233;land;false;plains;1
5138;177;225;138;land;true;plains;1
5139;187;215;114;land;false;plains;1
5140;172;239;154;land;false;forest;1
5141;213;244;108;land;false;plains;1
5142;126;204;189;land;true;plains;1
5143;216;239;219;land;true;plains;1
5144;226;189;126;land;false;desert;1
5145;205;115;213;land;false;desert;1
5146;252;153;173;land;true;desert;1
5147;170;215;122;land;false;desert;1
5148;189;211;105;land;false;forest;1
5149;187;209;190;land;false;forest;1
5150;221;172;195;land;true;mountain;1
5151;252;238;62;land;true;plains;1
5152;233;173;200;land;false;plains;1
5153;99;253;150;land;false;desert;1
5154;215;156;149;land;false;desert;1
5155;40;57;30;land;false;urban;1
5156;131;161;253;land;false;desert;1
5157;151;244;235;land;false;desert;1
5158;16;82;38;land;false;urban;1
5159;178;206;120;land;false;plains;1
5160;229;222;95;land;false;desert;1
5161;139;185;208;land;false;desert;1
5162;183;228;161;land;true;hills;1
5163;207;188;206;land;false;desert;1
5164;183;162;224;land;true;plains;1
5165;237;76;211;land;true;plains;1
5166;223;245;171;land;false;desert;1
5167;68;1;78;land;false;desert;1
5168;119;234;223;land;false;plains;1
5169;239;89;202;land;false;plains;1
5170;132;218;166;land;false;plains;1
5171;22;123;3;land;false;plains;1
5172;218;73;216;land;false;desert;1
5173;207;239;77;land;false;hills;1
5174;214;232;161;land;true;mountain;1
5175;163;235;221;land;true;forest;1
5176;180;252;241;land;false;plains;1
5177;0;131;6;land;false;forest;1
5178;71;39;14;land;false;plains;1
5179;251;216;159;land;false;desert;1
5180;251;182;87;land;false;desert;1
5181;254;223;225;land;false;plains;1
5182;231;69;220;land;false;desert;1
5183;45;64;27;land;false;desert;1
5184;187;193;124;land;true;hills;1
5185;133;172;205;land;false;desert;1
5186;172;166;175;land;false;plains;1
5187;166;207;143;land;false;mountain;1
5188;244;162;217;land;false;mountain;1
5189;174;205;129;land;false;mountain;1
5190;254;200;82;land;false;plains;1
5191;140;237;194;land;false;mountain;1
5192;252;112;227;land;false;desert;1
5193;248;197;145;land;false;plains;1
5194;17;126;4;land;false;urban;1
5195;83;54;1;land;false;urban;1
5196;25;236;253;land;false;mountain;1
5197;201;244;196;land;false;plains;1
5198;204;168;160;land;false;plains;1
5199;149;253;141;land;false;forest;1
5200;252;169;117;land;false;forest;1
5201;248;173;182;land;false;desert;1
5202;250;247;25;land;false;plains;1
5203;225;75;242;land;false;desert;1
5204;206;94;211;land;false;plains;1
5205;200;247;149;land;false;desert;1
5206;192;246;199;land;false;mountain;1
5207;237;245;252;land;false;desert;1
5208;68;221;240;land;false;forest;1
5209;251;246;203;land;true;plains;1
5210;52;54;32;land;false;urban;1
5211;254;199;233;land;true;plains;1
5212;157;205;191;land;false;desert;1
5213;176;131;247;land;false;mountain;1
5214;174;216;202;land;false;mountain;1
5215;203;254;143;land;false;plains;1
5216;83;6;43;land;false;urban;1
5217;203;245;71;land;false;hills;1
5218;203;73;244;land;false;plains;1
5219;102;180;241;land;false;plains;1
5220;227;246;74;land;false;plains;1
5221;222;173;141;land;true;forest;1
5222;31;2;70;land;true;urban;1
5223;95;198;235;land;true;desert;1
5224;200;160;245;land;false;mountain;1
5225;229;237;52;land;false;desert;1
5226;249;232;163;land;false;desert;1
5227;147;145;226;land;false;desert;1
5228;2;107;21;land;false;urban;1
5229;72;56;9;land;false;urban;1
5230;211;85;234;land;false;plains;1
5231;241;150;135;land;false;forest;1
5232;234;204;159;land;false;forest;1
5233;78;5;58;land;true;urban;1
5234;164;231;135;land;false;plains;1
5235;105;148;253;land;false;desert;1
5236;252;79;244;land;false;plains;1
5237;53;25;67;land;false;urban;1
5238;225;104;213;land;false;plains;1
5239;196;229;214;land;false;mountain;1
5240;123;208;207;land;false;desert;1
5241;201;183;148;land;false;mountain;1
5242;127;235;182;land;false;plains;1
5243;211;234;111;land;false;plains;1
5244;228;175;207;land;false;forest;1
5245;236;70;200;land;false;plains;1
5246;249;122;161;land;true;plains;1
5247;235;162;151;land;false;desert;1
5248;35;36;52;land;false;urban;1
5249;253;111;155;land;true;desert;1
5250;223;209;159;land;false;desert;1
5251;203;171;175;land;false;plains;1
5252;70;226;222;land;false;plains;1
5253;159;155;232;land;false;plains;1
5254;211;169;155;land;false;mountain;1
5255;95;200;241;land;false;mountain;1
5256;80;57;2;land;true;mountain;1
5257;216;120;181;land;false;jungle;1
5258;234;213;144;land;true;hills;1
5259;251;223;83;land;false;plains;1
5260;215;99;234;land;false;plains;1
5261;183;204;217;land;false;desert;1
5262;73;34;34;land;false;urban;1
5263;207;212;167;land;false;desert;1
5264;203;137;174;land;false;desert;1
5265;233;206;157;land;false;hills;1
5266;210;181;145;land;false;jungle;1
5267;220;211;155;land;false;jungle;1
5268;177;214;178;land;true;desert;1
5269;94;24;14;land;true;urban;1
5270;20;50;52;land;false;urban;1
5271;237;246;214;land;false;desert;1
5272;219;181;186;land;false;hills;1
5273;239;249;108;land;false;hills;1
5274;84;206;224;land;false;plains;1
5275;116;189;216;land;false;hills;1
5276;253;77;178;land;false;jungle;1
5277;201;140;249;land;false;jungle;1
5278;228;253;104;land;false;forest;1
5279;159;203;206;land;false;forest;1
5280;251;29;233;land;false;plains;1
5281;103;233;249;land;false;plains;1
5282;245;158;121;land;false;forest;1
5283;58;60;8;land;false;urban;1
5284;247;184;76;land;false;forest;1
5285;218;78;215;land;false;desert;1
5286;219;237;77;land;false;desert;1
5287;206;248;51;land;false;plains;1
5288;73;27;2;land;false;urban;1
5289;148;250;217;land;false;plains;1
5290;107;204;204;land;false;desert;1
5291;188;194;246;land;false;mountain;1
5292;112;246;203;land;true;forest;1
5293;191;245;177;land;true;plains;1
5294;219;123;187;land;false;desert;1
5295;174;187;191;land;false;desert;1
5296;241;225;226;land;false;desert;1
5297;248;72;202;land;true;plains;1
5298;209;190;189;land;true;mountain;1
5299;5;36;71;land;true;desert;1
5300;54;25;47;land;false;urban;1
5301;218;210;253;land;false;jungle;1
5302;187;232;146;land;false;forest;1
5303;208;210;139;land;false;plains;1
5304;241;66;253;land;false;plains;1
5305;31;47;55;land;false;urban;1
5306;229;221;146;land;false;desert;1
5307;147;229;132;land;false;desert;1
5308;204;254;142;land;false;desert;1
5309;102;222;229;land;false;desert;1
5310;196;111;248;land;false;desert;1
5311;41;252;233;land;false;plains;1
5312;193;210;230;land;false;plains;1
5313;90;27;9;land;false;urban;1
5314;219;148;212;land;false;desert;1
5315;254;218;85;land;false;desert;1
5316;254;128;157;land;false;desert;1
5317;164;134;220;land;false;jungle;1
5318;169;208;145;land;false;forest;1
5319;230;253;199;land;true;plains;1
5320;205;246;106;land;true;plains;1
5321;34;64;23;land;false;urban;1
5322;11;66;72;land;false;urban;1
5323;230;172;245;land;false;forest;1
5324;126;208;197;land;true;forest;1
5325;5;34;63;land;false;urban;1
5326;199;196;142;land;false;desert;1
5327;151;148;232;land;false;desert;1
5328;208;225;153;land;false;desert;1
5329;49;250;207;land;false;desert;1
5330;226;218;96;land;false;urban;1
5331;205;223;138;land;false;desert;1
5332;218;97;254;land;false;plains;1
5333;227;87;236;land;false;plains;1
5334;242;241;86;land;false;desert;1
5335;197;174;149;land;false;mountain;1
5336;113;251;185;land;false;desert;1
5337;115;30;4;land;false;urban;1
5338;96;238;215;land;true;plains;1
5339;216;188;147;land;false;desert;1
5340;224;217;214;land;false;desert;1
5341;183;100;226;land;false;mountain;1
5342;238;131;174;land;true;mountain;1
5343;54;237;245;land;false;plains;1
5344;203;239;222;land;false;plains;1
5345;170;144;234;land;false;hills;1
5346;54;5;54;land;false;urban;1
5347;254;70;230;land;false;forest;1
5348;185;251;152;land;false;plains;1
5349;197;232;167;land;false;plains;1
5350;205;205;201;land;false;desert;1
5351;238;174;254;land;false;mountain;1
5352;240;75;250;land;false;desert;1
5353;13;63;38;land;true;desert;1
5354;5;9;113;land;false;forest;1
5355;232;122;194;land;true;plains;1
5356;217;236;119;land;false;plains;1
5357;27;83;23;land;false;urban;1
5358;205;251;161;land;false;desert;1
5359;173;198;131;land;false;hills;1
5360;219;179;116;land;false;desert;1
5361;254;187;68;land;false;desert;1
5362;203;176;220;land;false;forest;1
5363;193;181;166;land;false;plains;1
5364;112;19;11;land;false;urban;1
5365;119;6;3;land;true;urban;1
5366;214;239;212;land;false;desert;1
5367;88;217;224;land;false;plains;1
5368;228;110;176;land;false;mountain;1
5369;131;196;197;land;true;hills;1
5370;249;207;167;land;false;plains;1
5371;244;167;166;land;false;jungle;1
5372;183;195;207;land;false;plains;1
5373;251;182;115;land;false;plains;1
5374;164;144;198;land;false;plains;1
5375;80;8;46;land;false;urban;1
5376;227;91;232;land;false;desert;1
5377;174;139;240;land;false;desert;1
5378;208;179;131;land;false;desert;1
5379;252;222;30;land;false;desert;1
5380;220;215;106;land;false;desert;1
5381;154;245;213;land;false;desert;1
5382;104;235;235;land;false;plains;1
5383;216;135;177;land;false;mountain;1
5384;216;234;221;land;false;desert;1
5385;164;204;206;land;false;mountain;1
5386;226;189;237;land;false;desert;1
5387;249;118;187;land;false;plains;1
5388;211;155;236;land;false;forest;1
5389;183;251;203;land;false;plains;1
5390;236;218;66;land;false;desert;1
5391;190;206;145;land;false;plains;1
5392;222;98;240;land;false;mountain;1
5393;162;246;254;land;false;hills;1
5394;226;210;116;land;true;desert;1
5395;183;188;205;land;false;mountain;1
5396;230;224;126;land;false;forest;1
5397;245;190;69;land;true;plains;1
5398;64;13;64;land;false;urban;1
5399;114;206;245;land;false;desert;1
5400;216;174;122;land;false;desert;1
5401;237;133;207;land;false;desert;1
5402;211;149;179;land;false;plains;1
5403;150;198;222;land;false;desert;1
5404;222;246;148;land;false;desert;1
5405;2;43;67;land;false;urban;1
5406;183;238;98;land;false;mountain;1
5407;121;239;177;land;false;mountain;1
5408;216;113;235;land;false;mountain;1
5409;169;188;149;land;false;forest;1
5410;197;203;150;land;false;plains;1
5411;143;249;140;land;true;plains;1
5412;29;28;72;land;false;urban;1
5413;115;155;251;land;true;forest;1
5414;227;160;179;land;true;plains;1
5415;199;173;206;land;false;desert;1
5416;192;227;86;land;false;plains;1
5417;190;148;203;land;false;desert;1
5418;215;154;208;land;false;hills;1
5419;247;181;200;land;true;hills;1
5420;83;12;38;land;true;urban;1
5421;124;149;249;land;false;plains;1
5422;201;157;153;land;false;plains;1
5423;144;212;197;land;false;desert;1
5424;203;89;223;land;false;desert;1
5425;149;242;181;land;false;desert;1
5426;213;226;190;land;false;mountain;1
5427;236;246;194;land;false;hills;1
5428;224;142;150;land;false;mountain;1
5429;132;146;254;land;false;desert;1
5430;58;21;33;land;false;urban;1
5431;253;222;204;land;false;desert;1
5432;227;176;252;land;false;desert;1
5433;148;143;233;land;false;desert;1
5434;162;160;234;land;false;mountain;1
5435;176;134;245;land;true;mountain;1
5436;124;137;245;land;false;desert;1
5437;235;208;71;land;false;forest;1
5438;176;158;223;land;false;forest;1
5439;182;199;202;land;false;plains;1
5440;178;146;223;land;false;plains;1
5441;66;32;15;land;false;urban;1
5442;237;226;69;land;false;hills;1
5443;82;219;223;land;false;plains;1
5444;229;80;239;land;false;mountain;1
5445;126;246;152;land;true;mountain;1
5446;67;221;235;land;false;forest;1
5447;207;225;69;land;true;forest;1
5448;211;243;142;land;false;plains;1
5449;100;247;185;land;false;plains;1
5450;68;35;44;land;false;urban;1
5451;241;220;237;land;false;forest;1
5452;215;153;192;land;false;plains;1
5453;249;247;148;land;false;mountain;1
5454;159;207;152;land;false;desert;1
5455;85;18;9;land;false;urban;1
5456;223;188;91;land;false;hills;1
5457;74;28;22;land;true;urban;1
5458;184;249;160;land;false;desert;1
5459;166;232;218;land;false;desert;1
5460;142;254;176;land;false;hills;1
5461;237;211;61;land;false;plains;1
5462;160;218;151;land;false;plains;1
5463;122;1;23;land;false;urban;1
5464;122;15;4;land;false;urban;1
5465;169;128;247;land;true;desert;1
5466;208;211;206;land;false;plains;1
5467;24;6;99;land;false;urban;1
5468;193;163;237;land;false;mountain;1
5469;240;207;146;land;false;desert;1
5470;166;239;123;land;false;desert;1
5471;123;160;244;land;false;mountain;1
5472;252;165;225;land;false;jungle;1
5473;148;236;143;land;false;jungle;1
5474;170;193;211;land;false;plains;1
5475;1;45;62;land;false;urban;1
5476;222;182;160;land;false;plains;1
5477;58;29;39;land;false;urban;1
5478;183;160;239;land;false;plains;1
5479;162;250;206;land;true;plains;1
5480;141;165;212;land;false;desert;1
5481;152;170;237;land;false;desert;1
5482;161;169;246;land;false;desert;1
5483;21;113;10;land;false;urban;1
5484;203;250;247;land;false;mountain;1
5485;218;237;84;land;false;mountain;1
5486;161;193;191;land;true;hills;1
5487;20;27;57;land;false;urban;1
5488;57;32;47;land;false;urban;1
5489;243;236;75;land;false;desert;1
5490;248;125;221;land;false;plains;1
5491;107;234;243;land;false;desert;1
5492;144;188;191;land;false;plains;1
5493;137;236;250;land;false;desert;1
5494;165;147;212;land;false;hills;1
5495;122;176;207;land;false;jungle;1
5496;240;214;202;land;false;hills;1
5497;218;181;249;land;true;plains;1
5498;219;135;168;land;false;plains;1
5499;223;226;101;land;false;plains;1
5500;227;220;201;land;false;plains;1
5501;246;167;220;land;false;plains;1
5502;226;164;201;land;false;mountain;1
5503;156;254;217;land;false;mountain;1
5504;201;230;128;land;false;mountain;1
5505;51;37;40;land;false;forest;1
5506;60;243;240;land;false;jungle;1
5507;1;91;19;land;true;urban;1
5508;195;133;227;land;false;desert;1
5509;102;204;197;land;false;desert;1
5510;222;155;129;land;false;desert;1
5511;188;218;137;land;false;hills;1
5512;128;233;198;land;false;mountain;1
5513;254;153;161;land;false;mountain;1
5514;99;0;19;land;false;forest;1
5515;244;230;197;land;false;desert;1
5516;183;199;135;land;false;jungle;1
5517;190;251;108;land;true;plains;1
5518;236;170;132;land;false;plains;1
5519;218;234;86;land;false;plains;1
5520;173;250;232;land;false;plains;1
5521;229;191;234;land;false;plains;1
5522;245;131;171;land;false;desert;1
5523;206;143;205;land;false;desert;1
5524;148;195;178;land;false;mountain;1
5525;251;248;95;land;false;desert;1
5526;242;213;163;land;false;desert;1
5527;32;101;0;land;false;urban;1
5528;125;242;195;land;false;desert;1
5529;228;150;189;land;false;hills;1
5530;238;195;105;land;false;plains;1
5531;149;245;110;land;false;plains;1
5532;21;20;82;land;false;urban;1
5533;1;96;38;land;false;urban;1
5534;189;112;233;land;false;forest;1
5535;220;204;226;land;false;desert;1
5536;229;202;245;land;true;hills;1
5537;228;240;242;land;false;plains;1
5538;107;194;239;land;false;desert;1
5539;238;189;87;land;false;plains;1
5540;197;151;232;land;false;plains;1
5541;235;142;233;land;false;plains;1
5542;153;120;235;land;false;desert;1
5543;213;201;176;land;false;mountain;1
5544;52;69;1;land;false;urban;1
5545;234;221;112;land;true;urban;1
5546;175;179;199;land;false;jungle;1
5547;232;152;151;land;false;hills;1
5548;125;246;145;land;true;plains;1
5549;236;129;231;land;false;plains;1
5550;226;188;181;land;false;plains;1
5551;191;161;223;land;true;plains;1
5552;227;230;98;land;false;desert;1
5553;223;62;246;land;false;desert;1
5554;37;16;83;land;false;urban;1
5555;210;245;153;land;false;desert;1
5556;197;93;242;land;false;desert;1
5557;125;226;213;land;false;mountain;1
5558;215;137;182;land;false;mountain;1
5559;103;227;171;land;false;plains;1
5560;245;180;219;land;false;plains;1
5561;184;180;203;land;true;plains;1
5562;176;122;209;land;false;desert;1
5563;161;240;154;land;false;mountain;1
5564;239;108;227;land;false;desert;1
5565;221;124;175;land;false;desert;1
5566;82;22;22;land;false;urban;1
5567;239;169;120;land;true;mountain;1
5568;81;24;34;land;false;urban;1
5569;238;210;151;land;false;plains;1
5570;248;232;246;land;false;jungle;1
5571;236;194;168;land;true;mountain;1
5572;100;239;254;land;true;plains;1
5573;0;50;70;land;true;plains;1
5574;116;208;254;land;false;forest;1
5575;165;162;179;land;true;desert;1
5576;198;219;186;land;false;desert;1
5577;163;239;101;land;false;hills;1
5578;115;249;141;land;false;hills;1
5579;182;223;140;land;false;desert;1
5580;206;201;95;land;false;mountain;1
5581;173;246;193;land;false;hills;1
5582;159;200;215;land;false;plains;1
5583;51;1;77;land;true;urban;1
5584;3;0;116;land;false;urban;1
5585;144;153;213;land;false;forest;1
5586;252;170;195;land;false;desert;1
5587;210;190;115;land;false;desert;1
5588;208;165;179;land;false;desert;1
5589;48;245;253;land;false;desert;1
5590;142;223;197;land;false;plains;1
5591;152;229;253;land;false;desert;1
5592;155;249;194;land;false;plains;1
5593;239;208;148;land;false;desert;1
5594;113;9;23;land;false;urban;1
5595;1;112;11;land;false;urban;1
5596;219;250;218;land;false;hills;1
5597;223;160;207;land;false;plains;1
5598;188;206;230;land;false;plains;1
5599;246;151;249;land;true;desert;1
5600;12;65;47;land;true;urban;1
5601;139;182;198;land;false;desert;1
5602;121;254;145;land;false;desert;1
5603;239;80;224;land;false;desert;1
5604;202;181;198;land;false;plains;1
5605;229;139;195;land;false;plains;1
5606;170;182;211;land;false;mountain;1
5607;239;131;193;land;false;mountain;1
5608;231;253;59;land;false;desert;1
5609;212;235;75;land;false;jungle;1
5610;244;215;49;land;false;plains;1
5611;252;197;68;land;true;desert;1
5612;225;243;246;land;false;desert;1
5613;250;222;97;land;false;mountain;1
5614;224;172;215;land;false;hills;1
5615;217;212;215;land;false;plains;1
5616;195;245;61;land;false;desert;1
5617;172;251;160;land;false;plains;1
5618;251;226;73;land;false;desert;1
5619;240;181;241;land;false;desert;1
5620;250;216;157;land;false;desert;1
5621;213;222;174;land;false;hills;1
5622;204;107;191;land;true;mountain;1
5623;150;105;246;land;false;plains;1
5624;220;194;88;land;false;mountain;1
5625;225;146;173;land;false;desert;1
5626;209;143;153;land;false;desert;1
5627;56;49;9;land;false;urban;1
5628;40;51;15;land;true;plains;1
5629;107;190;254;land;true;desert;1
5630;209;201;91;land;true;desert;1
5631;159;123;253;land;false;desert;1
5632;110;223;227;land;false;hills;1
5633;236;197;107;land;true;desert;1
5634;160;250;178;land;false;plains;1
5635;175;152;198;land;false;desert;1
5636;94;193;238;land;false;mountain;1
5637;252;219;135;land;false;mountain;1
5638;185;222;220;land;false;jungle;1
5639;231;189;150;land;false;plains;1
5640;239;175;111;land;true;plains;1
5641;33;38;72;land;true;urban;1
5642;9;14;85;sea;true;ocean;0
5643;208;236;60;land;true;plains;1
5644;24;85;37;land;false;urban;1
5645;189;211;132;land;true;plains;1
5646;231;118;177;land;false;desert;1
5647;250;251;26;land;false;desert;1
5648;128;243;131;land;true;desert;1
5649;188;232;146;land;true;hills;1
5650;20;8;100;land;false;urban;1
5651;160;159;233;land;true;plains;1
5652;99;181;248;land;false;plains;1
5653;166;110;227;land;true;desert;1
5654;223;180;167;land;false;plains;1
5655;254;158;226;land;false;plains;1
5656;139;230;176;land;false;mountain;1
5657;119;222;217;land;false;desert;1
5658;131;242;215;land;false;desert;1
5659;138;225;248;land;true;plains;1
5660;212;143;206;land;false;mountain;1
5661;222;189;99;land;false;mountain;1
5662;173;252;144;land;false;plains;1
5663;191;240;114;land;true;desert;1
5664;227;198;241;land;true;desert;1
5665;249;146;243;land;false;desert;1
5666;114;30;4;land;false;urban;1
5667;192;233;209;land;false;desert;1
5668;240;238;178;land;false;plains;1
5669;235;150;205;land;false;mountain;1
5670;232;200;102;land;false;desert;1
5671;186;171;189;land;false;desert;1
5672;154;150;241;land;false;hills;1
5673;228;105;237;land;false;hills;1
5674;245;116;206;land;false;mountain;1
5675;4;11;123;land;false;urban;1
5676;237;187;173;land;true;plains;1
5677;236;128;179;land;true;desert;1
5678;207;232;223;land;true;desert;1
5679;39;224;247;land;false;desert;1
5680;243;212;104;land;false;hills;1
5681;172;213;214;land;false;plains;1
5682;155;223;233;land;false;desert;1
5683;202;222;241;land;false;desert;1
5684;144;190;223;land;false;mountain;1
5685;178;101;224;land;false;mountain;1
5686;228;186;130;land;false;desert;1
5687;213;220;189;land;false;forest;1
5688;247;82;188;land;false;forest;1
5689;239;241;195;land;false;hills;1
5690;192;236;242;land;false;plains;1
5691;254;252;74;land;false;desert;1
5692;78;193;232;land;true;desert;1
5693;179;224;176;land;false;hills;1
5694;138;248;130;land;false;plains;1
5695;209;219;163;land;false;desert;1
5696;221;174;183;land;false;desert;1
5697;245;86;245;land;false;desert;1
5698;236;197;200;land;false;mountain;1
5699;201;238;75;land;false;forest;1
5700;232;253;178;land;false;mountain;1
5701;222;186;157;land;false;plains;1
5702;243;210;128;land;true;plains;1
5703;14;72;58;land;true;plains;1
5704;185;143;219;land;true;plains;1
5705;191;252;221;land;true;desert;1
5706;155;232;239;land;false;desert;1
5707;219;237;53;land;false;desert;1
5708;84;228;189;land;false;desert;1
5709;224;105;173;land;false;desert;1
5710;236;224;62;land;true;plains;1
5711;107;253;226;land;false;plains;1
5712;206;219;132;land;false;desert;1
5713;210;238;164;land;false;desert;1
5714;204;202;186;land;false;desert;1
5715;228;219;159;land;false;plains;1
5716;220;97;245;land;true;plains;1
5717;206;143;251;land;false;forest;1
5718;141;202;239;land;true;desert;1
5719;236;245;173;land;true;desert;1
5720;91;19;19;land;false;urban;1
5721;217;246;241;land;false;desert;1
5722;110;200;193;land;false;desert;1
5723;206;199;158;land;false;mountain;1
5724;172;237;121;land;false;jungle;1
5725;204;186;118;land;false;plains;1
5726;213;158;209;land;false;mountain;1
5727;170;139;254;land;false;forest;1
5728;241;164;210;land;true;plains;1
5729;238;242;190;land;true;plains;1
5730;80;243;204;land;true;mountain;1
5731;145;239;245;land;false;desert;1
5732;242;190;137;land;false;desert;1
5733;203;228;214;land;false;desert;1
5734;218;81;248;land;false;hills;1
5735;183;137;233;land;false;hills;1
5736;61;253;220;land;false;plains;1
5737;89;213;217;land;false;plains;1
5738;194;169;200;land;false;desert;1
5739;245;149;173;land;false;desert;1
5740;168;237;163;land;false;hills;1
5741;193;212;247;land;true;mountain;1
5742;184;229;225;land;false;forest;1
5743;35;249;236;land;false;plains;1
5744;237;195;168;land;false;forest;1
5745;148;200;178;land;true;plains;1
5746;230;250;122;land;true;plains;1
5747;176;100;228;land;false;desert;1
5748;10;22;100;land;false;urban;1
5749;254;155;154;land;false;desert;1
5750;137;236;168;land;false;desert;1
5751;210;252;144;land;false;plains;1
5752;237;252;135;land;false;plains;1
5753;246;157;123;land;false;desert;1
5754;140;173;243;land;false;mountain;1
5755;0;24;85;land;false;urban;1
5756;22;114;2;land;true;urban;1
5757;234;181;153;land;false;hills;1
5758;62;47;26;land;false;urban;1
5759;63;58;27;land;false;urban;1
5760;226;113;205;land;true;desert;1
5761;42;24;70;land;false;urban;1
5762;241;248;168;land;true;plains;1
5763;192;194;176;land;true;plains;1
5764;233;89;188;land;false;desert;1
5765;250;252;24;land;true;desert;1
5766;252;167;155;land;false;desert;1
5767;242;111;204;land;false;desert;1
5768;169;142;216;land;false;desert;1
5769;244;222;207;land;false;hills;1
5770;32;84;9;land;true;urban;1
5771;228;212;145;land;false;plains;1
5772;213;248;132;land;false;desert;1
5773;136;232;206;land;false;desert;1
5774;62;6;49;land;false;urban;1
5775;248;254;158;land;false;plains;1
5776;71;222;208;land;true;desert;1
5777;217;101;221;land;true;desert;1
5778;185;99;249;land;false;desert;1
5779;223;163;253;land;false;desert;1
5780;199;181;244;land;false;desert;1
5781;213;179;162;land;false;hills;1
5782;243;135;171;land;false;desert;1
5783;195;244;232;land;false;mountain;1
5784;237;238;111;land;false;desert;1
5785;150;213;249;land;false;mountain;1
5786;119;179;223;land;false;mountain;1
5787;168;103;243;land;false;desert;1
5788;96;224;219;land;false;mountain;1
5789;188;78;246;land;false;jungle;1
5790;246;159;121;land;false;mountain;1
5791;11;4;105;land;false;urban;1
5792;167;187;199;land;false;plains;1
5793;109;200;237;land;false;desert;1
5794;242;251;24;land;false;desert;1
5795;132;184;190;land;false;desert;1
5796;27;28;94;land;false;forest;1
5797;101;249;205;land;false;forest;1
5798;252;188;145;land;false;hills;1
5799;217;237;185;land;false;hills;1
5800;242;243;119;land;false;mountain;1
5801;151;233;136;land;false;desert;1
5802;224;234;215;land;false;plains;1
5803;202;162;233;land;false;desert;1
5804;228;242;172;land;true;mountain;1
5805;54;25;23;land;false;urban;1
5806;85;17;9;land;false;urban;1
5807;248;140;167;land;false;mountain;1
5808;217;176;247;land;false;mountain;1
5809;213;240;176;land;false;jungle;1
5810;149;164;191;land;true;forest;1
5811;87;243;221;land;false;plains;1
5812;197;224;108;land;true;desert;1
5813;180;108;222;land;false;desert;1
5814;222;247;43;land;false;desert;1
5815;123;192;216;land;false;mountain;1
5816;172;248;102;land;false;desert;1
5817;231;207;244;land;false;desert;1
5818;249;117;163;land;false;hills;1
5819;197;89;238;land;false;forest;1
5820;191;200;220;land;false;plains;1
5821;155;236;242;land;true;plains;1
5822;192;189;215;land;false;desert;1
5823;173;208;236;land;false;desert;1
5824;244;215;197;land;true;plains;1
5825;223;217;200;land;false;desert;1
5826;210;95;233;land;false;plains;1
5827;219;88;222;land;false;desert;1
5828;192;244;101;land;true;hills;1
5829;154;174;232;land;false;hills;1
5830;243;82;228;land;false;hills;1
5831;193;236;176;land;false;desert;1
5832;160;237;138;land;false;jungle;1
5833;111;3;8;land;false;urban;1
5834;160;205;211;land;false;desert;1
5835;138;208;159;land;false;mountain;1
5836;105;159;247;land;false;desert;1
5837;219;235;201;land;false;desert;1
5838;239;180;131;land;false;plains;1
5839;219;211;112;land;false;plains;1
5840;227;210;114;land;false;plains;1
5841;124;155;230;land;false;desert;1
5842;221;215;224;land;false;desert;1
5843;225;113;188;land;false;forest;1
5844;190;251;239;land;false;mountain;1
5845;181;153;193;land;false;plains;1
5846;184;248;201;land;true;plains;1
5847;180;225;203;land;false;plains;1
5848;181;221;156;land;false;desert;1
5849;152;233;138;land;false;desert;1
5850;101;12;31;land;true;urban;1
5851;212;243;132;land;false;mountain;1
5852;218;249;177;land;false;plains;1
5853;250;229;97;land;false;plains;1
5854;162;217;244;land;false;desert;1
5855;45;53;14;land;false;urban;1
5856;1;99;20;land;false;urban;1
5857;179;143;243;land;false;jungle;1
5858;193;252;226;land;false;plains;1
5859;216;226;67;land;false;hills;1
5860;222;125;212;land;false;desert;1
5861;210;235;222;land;false;hills;1
5862;148;227;216;land;true;plains;1
5863;214;216;92;land;false;desert;1
5864;192;191;211;land;false;desert;1
5865;10;46;61;land;false;urban;1
5866;182;224;223;land;false;desert;1
5867;222;233;178;land;false;plains;1
5868;43;250;210;land;true;desert;1
5869;88;190;232;land;false;mountain;1
5870;205;213;207;land;true;desert;1
5871;176;175;184;land;false;desert;1
5872;147;212;219;land;false;mountain;1
5873;226;205;127;land;false;desert;1
5874;229;219;178;land;false;desert;1
5875;165;204;236;land;false;hills;1
5876;239;200;110;land;true;hills;1
5877;236;175;240;land;false;plains;1
5878;196;200;249;land;false;desert;1
5879;178;202;147;land;false;desert;1
5880;163;132;228;land;false;desert;1
5881;218;246;188;land;false;plains;1
5882;49;69;31;land;false;urban;1
5883;85;228;190;land;true;mountain;1
5884;148;159;238;land;false;plains;1
5885;153;155;238;land;false;desert;1
5886;163;240;138;land;false;desert;1
5887;129;205;215;land;false;mountain;1
5888;197;77;243;land;false;hills;1
5889;228;136;254;land;false;plains;1
5890;211;250;62;land;false;desert;1
5891;173;197;226;land;false;mountain;1
5892;236;62;219;land;false;mountain;1
5893;207;181;231;land;false;plains;1
5894;208;232;236;land;false;desert;1
5895;90;22;29;land;false;urban;1
5896;188;195;231;land;false;desert;1
5897;219;214;82;land;false;desert;1
5898;217;161;158;land;false;desert;1
5899;196;131;197;land;false;desert;1
5900;139;207;182;land;false;desert;1
5901;252;170;238;land;false;mountain;1
5902;171;250;91;land;true;mountain;1
5903;133;172;196;land;true;plains;1
5904;208;234;164;land;false;desert;1
5905;118;224;160;land;false;mountain;1
5906;189;236;100;land;false;desert;1
5907;162;136;244;land;false;desert;1
5908;155;198;194;land;true;hills;1
5909;175;194;159;land;false;forest;1
5910;177;250;197;land;true;forest;1
5911;111;216;180;land;true;plains;1
5912;122;157;249;land;false;desert;1
5913;154;158;211;land;false;desert;1
5914;68;30;25;land;false;urban;1
5915;246;104;223;land;false;mountain;1
5916;7;64;77;land;false;urban;1
5917;198;246;79;land;false;desert;1
5918;214;183;104;land;false;mountain;1
5919;119;236;189;land;false;mountain;1
5920;170;151;217;land;false;desert;1
5921;178;215;203;land;true;hills;1
5922;207;152;239;land;true;plains;1
5923;242;192;188;land;false;desert;1
5924;21;2;121;land;false;urban;1
5925;225;181;126;land;false;desert;1
5926;56;65;19;land;false;urban;1
5927;15;10;92;land;false;mountain;1
5928;31;71;0;land;false;urban;1
5929;222;251;41;land;false;plains;1
5930;58;247;200;land;false;desert;1
5931;224;208;90;land;false;desert;1
5932;216;141;233;land;false;mountain;1
5933;206;175;172;land;false;mountain;1
5934;167;242;168;land;false;desert;1
5935;190;246;142;land;false;desert;1
5936;145;228;236;land;false;mountain;1
5937;240;156;199;land;false;hills;1
5938;141;236;211;land;false;desert;1
5939;193;140;177;land;true;plains;1
5940;227;184;208;land;false;hills;1
5941;181;179;244;land;false;desert;1
5942;212;227;92;land;true;mountain;1
5943;101;8;39;land;false;urban;1
5944;137;243;212;land;false;plains;1
5945;203;141;227;land;false;desert;1
5946;178;242;130;land;false;mountain;1
5947;45;60;3;land;false;hills;1
5948;208;206;238;land;false;jungle;1
5949;168;184;201;land;false;desert;1
5950;226;158;118;land;false;desert;1
5951;222;238;70;land;false;desert;1
5952;88;230;222;land;false;desert;1
5953;97;235;209;land;false;desert;1
5954;139;231;156;land;false;desert;1
5955;96;215;196;land;false;mountain;1
5956;236;128;237;land;true;hills;1
5957;183;203;163;land;false;hills;1
5958;75;49;3;land;true;hills;1
5959;248;252;65;land;true;desert;1
5960;108;202;226;land;false;desert;1
5961;14;0;104;land;false;plains;1
5962;207;203;200;land;false;desert;1
5963;178;233;188;land;false;desert;1
5964;224;230;146;land;false;desert;1
5965;240;145;154;land;false;desert;1
5966;182;164;227;land;false;mountain;1
5967;239;114;152;land;false;jungle;1
5968;215;150;235;land;false;plains;1
5969;187;171;170;land;true;plains;1
5970;207;230;249;land;false;desert;1
5971;165;232;203;land;true;desert;1
5972;108;33;4;land;false;urban;1
5973;190;184;230;land;false;plains;1
5974;172;126;229;land;true;plains;1
5975;30;30;73;land;false;urban;1
5976;240;199;76;land;false;desert;1
5977;104;164;234;land;false;hills;1
5978;171;230;193;land;false;forest;1
5979;203;102;224;land;false;desert;1
5980;238;246;69;land;false;desert;1
5981;230;184;119;land;false;plains;1
5982;223;177;246;land;true;plains;1
5983;48;58;42;land;false;urban;1
5984;222;175;236;land;true;desert;1
5985;254;244;204;land;false;mountain;1
5986;196;205;248;land;false;mountain;1
5987;230;163;212;land;true;plains;1
5988;65;57;9;land;true;urban;1
5989;41;25;41;land;true;urban;1
5990;186;210;253;land;true;plains;1
5991;220;218;241;land;true;plains;1
5992;210;244;190;land;false;plains;1
5993;91;220;200;land;false;plains;1
5994;244;215;126;land;false;mountain;1
5995;16;73;15;land;false;urban;1
5996;249;176;106;land;true;mountain;1
5997;221;254;92;land;true;desert;1
5998;219;153;227;land;true;desert;1
5999;239;114;251;land;true;desert;1
6000;225;91;205;land;false;desert;1
6001;159;179;236;land;false;desert;1
6002;79;1;69;land;false;urban;1
6003;160;215;143;land;false;mountain;1
6004;151;230;189;land;false;desert;1
6005;228;158;211;land;true;desert;1
6006;254;185;121;land;false;mountain;1
6007;237;222;153;land;false;mountain;1
6008;26;36;56;land;false;urban;1
6009;231;86;205;land;false;desert;1
6010;123;222;212;land;false;desert;1
6011;211;221;90;land;false;desert;1
6012;125;200;190;land;false;desert;1
6013;83;205;238;land;false;desert;1
6014;206;238;121;land;false;mountain;1
6015;162;224;127;land;false;mountain;1
6016;172;136;198;land;false;mountain;1
6017;166;165;210;land;false;hills;1
6018;83;216;251;land;false;hills;1
6019;67;65;17;land;false;urban;1
6020;119;191;248;land;false;desert;1
6021;161;111;232;land;false;mountain;1
6022;230;246;61;land;false;desert;1
6023;229;237;187;land;false;desert;1
6024;227;158;185;land;false;desert;1
6025;193;169;176;land;false;desert;1
6026;135;227;173;land;false;mountain;1
6027;214;244;94;land;false;desert;1
6028;150;230;154;land;false;desert;1
6029;248;154;242;land;false;desert;1
6030;200;243;248;land;false;mountain;1
6031;224;235;228;land;false;desert;1
6032;184;143;218;land;false;jungle;1
6033;119;203;249;land;false;jungle;1
6034;241;233;35;land;false;hills;1
6035;234;95;222;land;false;desert;1
6036;214;236;247;land;false;mountain;1
6037;147;144;252;land;true;plains;1
6038;155;188;203;land;false;desert;1
6039;35;31;37;land;false;urban;1
6040;245;229;175;land;false;desert;1
6041;178;231;148;land;false;mountain;1
6042;206;178;217;land;false;desert;1
6043;96;246;177;land;true;plains;1
6044;222;116;225;land;false;jungle;1
6045;129;227;225;land;false;desert;1
6046;232;236;190;land;false;desert;1
6047;4;60;61;land;false;urban;1
6048;159;154;206;land;false;jungle;1
6049;215;176;122;land;false;jungle;1
6050;105;214;194;land;false;desert;1
6051;222;178;194;land;false;desert;1
6052;192;229;154;land;false;desert;1
6053;240;157;202;land;false;desert;1
6054;251;210;188;land;true;hills;1
6055;27;64;24;land;true;urban;1
6056;250;79;238;land;false;desert;1
6057;173;199;214;land;false;mountain;1
6058;175;254;107;land;true;hills;1
6059;213;195;208;land;false;hills;1
6060;184;233;223;land;false;desert;1
6061;169;164;220;land;true;plains;1
6062;209;142;173;land;false;desert;1
6063;48;75;16;land;false;urban;1
6064;247;231;224;land;false;mountain;1
6065;70;51;25;land;false;urban;1
6066;155;248;107;land;true;forest;1
6067;108;220;187;land;false;jungle;1
6068;222;165;183;land;false;mountain;1
6069;231;235;217;land;false;mountain;1
6070;244;79;253;land;true;mountain;1
6071;144;181;176;land;false;plains;1
6072;203;213;98;land;false;desert;1
6073;170;246;145;land;false;desert;1
6074;252;104;154;land;false;jungle;1
6075;219;241;241;land;false;jungle;1
6076;174;133;231;land;true;forest;1
6077;160;138;212;land;true;desert;1
6078;239;100;162;land;false;mountain;1
6079;246;197;192;land;false;mountain;1
6080;194;218;90;land;false;mountain;1
6081;246;93;241;land;false;desert;1
6082;117;197;205;land;false;desert;1
6083;240;236;100;land;false;desert;1
6084;72;231;246;land;false;desert;1
6085;238;192;104;land;false;hills;1
6086;218;232;70;land;false;mountain;1
6087;203;233;71;land;true;desert;1
6088;91;25;24;land;false;urban;1
6089;183;171;188;land;false;mountain;1
6090;155;191;179;land;false;mountain;1
6091;175;210;136;land;true;mountain;1
6092;137;115;253;land;false;plains;1
6093;243;211;134;land;false;mountain;1
6094;250;242;91;land;false;desert;1
6095;154;183;229;land;false;plains;1
6096;224;189;249;land;false;plains;1
6097;207;152;197;land;false;mountain;1
6098;229;213;227;land;false;mountain;1
6099;227;173;151;land;false;hills;1
6100;230;198;227;land;false;mountain;1
6101;79;204;220;land;false;plains;1
6102;156;195;176;land;false;plains;1
6103;123;198;230;land;false;desert;1
6104;245;218;85;land;false;desert;1
6105;13;7;99;land;false;urban;1
6106;189;192;168;land;false;mountain;1
6107;98;215;217;land;false;mountain;1
6108;236;225;149;land;false;desert;1
6109;224;205;81;land;false;desert;1
6110;190;217;239;land;false;forest;1
6111;221;235;129;land;false;forest;1
6112;228;181;197;land;true;desert;1
6113;162;111;232;land;true;mountain;1
6114;152;134;217;land;false;mountain;1
6115;254;170;200;land;false;mountain;1
6116;182;241;99;land;true;plains;1
6117;248;115;236;land;false;desert;1
6118;52;253;234;land;false;hills;1
6119;248;164;136;land;false;mountain;1
6120;47;15;87;land;true;urban;1
6121;235;253;145;land;true;hills;1
6122;247;245;77;land;false;desert;1
6123;158;218;172;land;false;jungle;1
6124;175;252;222;land;true;plains;1
6125;212;193;251;land;true;desert;1
6126;100;244;207;land;false;desert;1
6127;240;179;236;land;true;mountain;1
6128;180;128;195;land;false;desert;1
6129;174;218;171;land;false;desert;1
6130;176;174;235;land;true;desert;1
6131;116;227;197;land;false;desert;1
6132;221;133;168;land;false;mountain;1
6133;201;156;207;land;false;mountain;1
6134;167;198;201;land;true;plains;1
6135;220;159;243;land;true;hills;1
6136;247;235;161;land;true;desert;1
6137;249;223;236;land;true;desert;1
6138;188;101;254;land;false;mountain;1
6139;101;5;40;sea;true;ocean;0
6140;114;183;235;land;true;hills;1
6141;213;243;242;land;true;plains;1
6142;21;86;24;land;true;urban;1
6143;13;108;20;land;false;urban;1
6144;143;252;169;land;false;desert;1
6145;211;185;148;land;false;mountain;1
6146;209;180;166;land;false;desert;1
6147;243;169;248;land;false;desert;1
6148;124;249;163;land;false;forest;1
6149;150;210;199;land;true;mountain;1
6150;230;41;231;land;false;plains;1
6151;231;189;244;land;false;mountain;1
6152;210;216;92;land;false;desert;1
6153;242;196;190;land;false;desert;1
6154;200;242;187;land;true;plains;1
6155;129;134;245;land;false;jungle;1
6156;254;82;244;land;false;mountain;1
6157;186;252;219;land;false;mountain;1
6158;244;176;224;land;false;plains;1
6159;249;35;252;land;false;desert;1
6160;181;145;200;land;false;desert;1
6161;252;249;191;land;false;desert;1
6162;245;239;61;land;true;plains;1
6163;229;118;224;land;false;desert;1
6164;210;220;117;land;false;jungle;1
6165;224;199;224;land;false;forest;1
6166;147;186;186;land;true;desert;1
6167;156;222;236;land;true;desert;1
6168;218;180;243;land;false;mountain;1
6169;95;222;218;land;false;mountain;1
6170;243;143;253;land;true;mountain;1
6171;26;83;33;land;true;urban;1
6172;239;206;104;land;false;desert;1
6173;198;222;156;land;false;desert;1
6174;171;241;163;land;false;hills;1
6175;212;234;222;land;true;forest;1
6176;233;176;253;land;true;forest;1
6177;207;187;220;land;true;desert;1
6178;95;181;240;land;false;desert;1
6179;166;132;253;land;true;desert;1
6180;244;59;218;land;true;desert;1
6181;205;209;230;land;false;mountain;1
6182;242;227;59;land;false;mountain;1
6183;217;180;175;land;false;desert;1
6184;228;140;175;land;false;desert;1
6185;202;93;214;land;false;mountain;1
6186;228;101;223;land;false;desert;1
6187;174;187;143;land;false;desert;1
6188;3;48;90;land;true;urban;1
6189;253;101;220;land;true;desert;1
6190;201;103;238;land;false;desert;1
6191;75;242;202;land;false;desert;1
6192;200;224;142;land;true;plains;1
6193;128;246;219;land;false;desert;1
6194;163;171;174;land;false;desert;1
6195;194;155;179;land;false;desert;1
6196;245;111;174;land;false;desert;1
6197;169;138;240;land;false;desert;1
6198;80;216;230;land;false;mountain;1
6199;85;228;199;land;false;mountain;1
6200;246;127;208;land;true;forest;1
6201;237;81;192;land;false;mountain;1
6202;142;183;178;land;false;plains;1
6203;234;196;253;land;false;plains;1
6204;139;240;202;land;false;desert;1
6205;219;65;236;land;false;desert;1
6206;236;22;254;land;false;plains;1
6207;240;183;231;land;false;plains;1
6208;222;122;179;land;false;plains;1
6209;238;136;250;land;true;plains;1
6210;174;193;176;land;false;mountain;1
6211;220;171;181;land;false;mountain;1
6212;176;199;184;land;false;hills;1
6213;249;97;159;land;true;mountain;1
6214;254;154;236;land;true;plains;1
6215;102;216;243;land;false;mountain;1
6216;244;146;178;land;false;desert;1
6217;163;210;249;land;true;plains;1
6218;221;193;110;land;true;hills;1
6219;91;243;238;land;false;desert;1
6220;247;189;89;land;true;plains;1
6221;126;210;168;land;false;desert;1
6222;233;161;164;land;false;desert;1
6223;220;240;192;land;false;desert;1
6224;91;236;191;land;false;jungle;1
6225;67;47;23;land;false;urban;1
6226;241;247;215;land;true;plains;1
6227;209;215;193;land;false;mountain;1
6228;248;215;161;land;true;plains;1
6229;133;236;195;land;false;plains;1
6230;216;123;202;land;false;desert;1
6231;194;163;148;land;false;mountain;1
6232;227;197;95;land;true;hills;1
6233;227;250;181;land;false;mountain;1
6234;16;87;4;land;false;urban;1
6235;252;171;81;land;false;mountain;1
6236;254;169;215;land;false;mountain;1
6237;253;142;116;land;true;plains;1
6238;229;120;227;land;false;desert;1
6239;6;111;31;land;false;urban;1
6240;249;202;185;land;false;mountain;1
6241;152;196;180;land;false;mountain;1
6242;207;206;220;land;false;desert;1
6243;203;133;219;land;false;plains;1
6244;121;224;244;land;false;desert;1
6245;145;183;200;land;false;desert;1
6246;97;246;243;land;true;mountain;1
6247;62;225;248;land;true;hills;1
6248;165;212;199;land;true;mountain;1
6249;249;166;111;land;false;desert;1
6250;236;178;204;land;false;hills;1
6251;248;89;226;land;false;desert;1
6252;97;251;169;land;false;desert;1
6253;136;242;251;land;false;desert;1
6254;242;121;184;land;false;mountain;1
6255;147;186;233;land;false;mountain;1
6256;67;50;15;land;false;urban;1
6257;218;229;198;land;false;mountain;1
6258;229;154;194;land;false;jungle;1
6259;17;75;46;land;true;urban;1
6260;92;240;250;land;false;hills;1
6261;207;97;234;land;false;mountain;1
6262;235;102;228;land;false;mountain;1
6263;212;239;240;land;true;hills;1
6264;216;150;176;land;false;plains;1
6265;253;120;227;land;true;plains;1
6266;197;235;213;land;false;desert;1
6267;235;215;240;land;false;desert;1
6268;205;233;110;land;false;desert;1
6269;223;197;240;land;false;jungle;1
6270;15;16;80;land;false;jungle;1
6271;121;221;199;land;false;mountain;1
6272;176;83;253;land;true;mountain;1
6273;103;232;232;land;false;mountain;1
6274;240;188;172;land;true;desert;1
6275;175;232;130;land;false;mountain;1
6276;64;22;60;land;false;urban;1
6277;178;168;174;land;false;mountain;1
6278;206;234;87;land;false;desert;1
6279;196;220;238;land;false;desert;1
6280;230;140;238;land;true;forest;1
6281;12;25;72;land;false;plains;1
6282;102;43;3;land;true;urban;1
6283;40;10;77;land;false;urban;1
6284;176;230;163;land;false;mountain;1
6285;214;237;129;land;true;hills;1
6286;248;116;198;land;false;plains;1
6287;167;218;221;land;false;desert;1
6288;233;217;168;land;false;hills;1
6289;211;244;61;land;false;jungle;1
6290;91;36;19;land;true;urban;1
6291;199;247;119;land;false;mountain;1
6292;215;190;156;land;true;plains;1
6293;223;232;85;land;false;mountain;1
6294;146;148;211;land;false;desert;1
6295;212;234;91;land;false;plains;1
6296;247;223;72;land;false;jungle;1
6297;192;187;244;land;false;plains;1
6298;246;136;174;land;false;hills;1
6299;186;218;199;land;true;hills;1
6300;2;117;26;land;true;urban;1
6301;116;241;219;land;false;jungle;1
6302;143;245;253;land;false;mountain;1
6303;70;18;23;land;true;urban;1
6304;117;222;249;land;true;desert;1
6305;208;163;192;land;false;mountain;1
6306;179;199;194;land;false;mountain;1
6307;235;130;194;land;false;mountain;1
6308;249;78;234;land;true;plains;1
6309;171;149;222;land;false;hills;1
6310;244;191;167;land;false;desert;1
6311;175;245;139;land;false;hills;1
6312;164;200;222;land;false;jungle;1
6313;32;23;94;land;true;urban;1
6314;227;208;97;land;true;mountain;1
6315;250;151;132;land;true;plains;1
6316;227;88;200;land;false;plains;1
6317;50;230;244;land;false;desert;1
6318;20;68;56;land;false;urban;1
6319;211;110;221;land;false;desert;1
6320;226;189;116;land;true;hills;1
6321;156;135;235;land;false;jungle;1
6322;202;223;181;land;true;forest;1
6323;189;236;180;land;true;hills;1
6324;148;194;196;land;false;mountain;1
6325;56;253;247;land;false;desert;1
6326;174;193;223;land;true;desert;1
6327;193;147;241;land;false;mountain;1
6328;246;111;166;land;false;hills;1
6329;252;154;187;land;false;mountain;1
6330;241;250;127;land;false;desert;1
6331;216;195;172;land;true;hills;1
6332;157;109;246;land;false;jungle;1
6333;151;244;142;land;true;plains;1
6334;24;0;86;land;true;plains;1
6335;143;203;209;land;false;mountain;1
6336;203;213;228;land;false;mountain;1
6337;222;227;241;land;false;plains;1
6338;247;246;63;land;true;plains;1
6339;213;158;184;land;false;plains;1
6340;225;52;251;land;false;plains;1
6341;230;59;253;land;false;desert;1
6342;207;137;202;land;false;mountain;1
6343;247;227;98;land;false;hills;1
6344;113;143;247;land;true;hills;1
6345;199;154;244;land;false;hills;1
6346;159;241;198;land;false;hills;1
6347;102;190;241;land;false;mountain;1
6348;159;238;118;land;false;hills;1
6349;173;252;128;land;false;hills;1
6350;220;192;186;land;false;mountain;1
6351;227;150;229;land;false;plains;1
6352;46;222;244;land;false;hills;1
6353;100;169;248;land;false;desert;1
6354;156;171;203;land;false;desert;1
6355;231;28;254;land;false;desert;1
6356;207;136;164;land;true;hills;1
6357;240;233;228;land;false;mountain;1
6358;165;245;201;land;false;mountain;1
6359;240;98;201;land;false;plains;1
6360;201;214;182;land;false;plains;1
6361;209;179;218;land;false;desert;1
6362;186;195;186;land;false;desert;1
6363;248;253;98;land;false;mountain;1
6364;213;223;155;land;false;mountain;1
6365;163;118;225;land;false;mountain;1
6366;252;168;150;land;false;hills;1
6367;115;180;206;lake;false;lakes;0
6368;184;224;150;land;false;desert;1
6369;38;1;96;land;false;urban;1
6370;236;253;185;land;false;plains;1
6371;53;19;66;land;true;urban;1
6372;237;210;99;land;false;mountain;1
6373;176;249;149;land;false;mountain;1
6374;253;137;215;land;false;plains;1
6375;247;209;107;land;false;desert;1
6376;198;203;142;land;false;desert;1
6377;229;233;237;land;false;mountain;1
6378;178;168;155;land;false;mountain;1
6379;186;239;85;land;false;jungle;1
6380;243;252;173;land;false;jungle;1
6381;241;222;201;land;false;jungle;1
6382;167;239;135;land;false;mountain;1
6383;195;247;184;land;true;hills;1
6384;153;133;246;land;false;mountain;1
6385;121;154;242;land;true;plains;1
6386;6;16;122;land;false;urban;1
6387;188;183;252;land;false;desert;1
6388;187;216;247;land;true;mountain;1
6389;207;253;163;land;false;plains;1
6390;221;226;188;land;true;hills;1
6391;31;106;5;land;true;urban;1
6392;222;178;127;land;false;mountain;1
6393;180;222;207;land;true;plains;1
6394;196;68;246;land;true;plains;1
6395;201;213;188;land;false;plains;1
6396;189;233;80;land;false;desert;1
6397;215;168;193;land;false;hills;1
6398;103;253;211;land;false;mountain;1
6399;192;130;189;land;false;jungle;1
6400;12;82;38;land;false;mountain;1
6401;229;248;77;land;true;plains;1
6402;187;151;201;land;true;desert;1
6403;195;126;239;land;false;hills;1
6404;109;189;211;land;false;mountain;1
6405;246;230;204;land;false;mountain;1
6406;124;195;237;land;true;plains;1
6407;155;250;113;land;false;desert;1
6408;225;220;154;land;false;desert;1
6409;152;245;195;land;false;desert;1
6410;177;95;246;land;false;desert;1
6411;253;206;74;land;false;hills;1
6412;209;211;235;land;true;hills;1
6413;217;243;54;land;false;desert;1
6414;193;104;230;land;false;hills;1
6415;239;219;186;land;false;desert;1
6416;233;174;153;land;false;hills;1
6417;153;251;219;land;false;mountain;1
6418;36;220;247;land;false;mountain;1
6419;248;175;91;land;false;mountain;1
6420;134;184;192;land;false;hills;1
6421;240;221;195;land;false;desert;1
6422;173;231;211;land;false;desert;1
6423;239;254;202;land;false;mountain;1
6424;240;152;216;land;false;hills;1
6425;246;201;158;land;false;hills;1
6426;252;237;127;land;false;mountain;1
6427;153;251;178;land;false;jungle;1
6428;25;245;236;land;false;jungle;1
6429;247;97;208;land;false;mountain;1
6430;169;242;102;land;false;hills;1
6431;148;158;214;land;true;plains;1
6432;209;98;196;land;false;mountain;1
6433;165;227;127;land;false;desert;1
6434;187;102;216;land;false;plains;1
6435;178;238;94;land;false;plains;1
6436;180;239;85;land;false;hills;1
6437;231;85;232;land;false;hills;1
6438;168;180;220;land;false;mountain;1
6439;249;222;179;land;true;hills;1
6440;45;72;14;land;false;urban;1
6441;216;187;188;land;false;desert;1
6442;241;197;224;land;false;desert;1
6443;113;253;178;land;false;mountain;1
6444;140;208;233;land;false;plains;1
6445;108;232;209;land;false;desert;1
6446;243;73;229;land;false;mountain;1
6447;244;241;173;land;false;mountain;1
6448;228;98;207;land;false;desert;1
6449;227;192;141;land;false;mountain;1
6450;231;81;227;land;false;hills;1
6451;227;250;70;land;false;hills;1
6452;158;134;229;land;false;mountain;1
6453;219;208;192;land;false;plains;1
6454;170;159;207;land;false;mountain;1
6455;128;170;243;land;false;desert;1
6456;240;229;156;land;false;mountain;1
6457;38;49;56;land;true;plains;1
6458;143;165;215;land;false;mountain;1
6459;204;105;229;land;false;hills;1
6460;253;188;145;land;false;mountain;1
6461;205;142;179;land;false;mountain;1
6462;202;189;160;land;true;plains;1
6463;14;46;56;land;false;hills;1
6464;183;248;101;land;false;mountain;1
6465;202;154;234;land;false;mountain;1
6466;217;130;253;land;false;plains;1
6467;172;208;200;land;false;plains;1
6468;200;192;135;land;false;desert;1
6469;3;108;8;land;false;urban;1
6470;86;2;47;land;false;urban;1
6471;208;129;188;land;false;desert;1
6472;95;13;16;land;true;hills;1
6473;43;34;61;land;false;urban;1
6474;240;42;232;land;false;hills;1
6475;195;179;167;land;true;hills;1
6476;227;153;187;land;true;plains;1
6477;245;117;236;land;true;mountain;1
6478;3;118;24;land;false;urban;1
6479;215;178;152;land;false;hills;1
6480;156;229;240;land;false;mountain;1
6481;201;152;189;land;true;hills;1
6482;190;220;111;land;false;plains;1
6483;216;128;232;land;true;plains;1
6484;200;91;249;land;true;hills;1
6485;73;252;215;land;false;hills;1
6486;189;166;175;land;false;hills;1
6487;66;251;236;land;false;hills;1
6488;250;104;212;land;false;jungle;1
6489;1;55;75;land;false;mountain;1
6490;3;71;41;land;false;mountain;1
6491;188;185;177;land;false;mountain;1
6492;254;89;188;land;false;hills;1
6493;211;248;173;land;false;plains;1
6494;222;184;129;land;true;mountain;1
6495;170;234;107;land;true;plains;1
6496;197;228;238;land;true;plains;1
6497;201;164;202;land;true;plains;1
6498;246;98;168;land;false;mountain;1
6499;200;204;161;land;false;jungle;1
6500;56;209;238;land;true;forest;1
6501;71;14;46;land;false;plains;1
6502;220;170;230;land;true;plains;1
6503;84;254;244;land;false;desert;1
6504;115;249;146;land;false;desert;1
6505;54;72;3;land;false;urban;1
6506;97;207;203;land;false;jungle;1
6507;225;205;228;land;true;forest;1
6508;27;30;59;land;false;urban;1
6509;247;218;127;land;false;hills;1
6510;235;184;254;land;true;plains;1
6511;236;178;185;land;false;mountain;1
6512;192;249;222;land;false;mountain;1
6513;254;94;174;land;false;desert;1
6514;249;133;130;land;false;desert;1
6515;79;251;249;land;false;mountain;1
6516;236;227;239;land;true;hills;1
6517;235;227;107;land;true;mountain;1
6518;228;229;120;land;false;hills;1
6519;170;153;178;land;false;forest;1
6520;173;88;248;land;false;mountain;1
6521;191;111;229;land;false;mountain;1
6522;227;234;99;land;false;mountain;1
6523;178;245;236;land;false;mountain;1
6524;245;158;201;land;false;mountain;1
6525;49;30;32;land;true;urban;1
6526;253;220;214;land;true;plains;1
6527;125;155;247;land;false;hills;1
6528;236;249;114;land;false;desert;1
6529;150;226;163;land;false;desert;1
6530;204;176;169;land;false;mountain;1
6531;254;229;237;land;true;hills;1
6532;228;198;219;land;false;mountain;1
6533;246;162;222;land;false;jungle;1
6534;111;163;252;land;false;jungle;1
6535;251;175;162;land;true;plains;1
6536;134;235;232;land;false;plains;1
6537;47;5;73;land;false;hills;1
6538;203;223;154;land;true;plains;1
6539;214;211;247;land;false;mountain;1
6540;141;222;216;land;true;plains;1
6541;191;85;247;land;false;plains;1
6542;65;22;15;land;false;urban;1
6543;184;231;112;land;true;hills;1
6544;218;235;223;land;false;hills;1
6545;187;217;254;land;false;jungle;1
6546;195;155;181;land;false;hills;1
6547;142;171;195;land;false;hills;1
6548;217;235;249;land;false;hills;1
6549;55;244;209;land;false;mountain;1
6550;75;54;13;land;false;urban;1
6551;223;194;211;land;false;hills;1
6552;247;137;181;land;true;plains;1
6553;252;217;150;land;false;plains;1
6554;110;247;206;land;false;plains;1
6555;246;185;200;land;false;plains;1
6556;243;119;161;land;false;plains;1
6557;252;176;189;land;false;desert;1
6558;218;92;248;land;false;desert;1
6559;251;139;232;land;false;desert;1
6560;180;248;106;land;false;hills;1
6561;251;155;95;land;false;mountain;1
6562;7;65;57;land;false;plains;1
6563;53;240;248;land;false;hills;1
6564;129;178;198;land;false;hills;1
6565;198;239;135;land;false;hills;1
6566;48;41;15;land;false;mountain;1
6567;170;172;228;land;false;plains;1
6568;247;116;220;land;false;plains;1
6569;211;224;115;land;false;desert;1
6570;126;193;216;land;false;mountain;1
6571;116;186;233;land;true;plains;1
6572;130;167;208;land;false;jungle;1
6573;211;184;225;land;false;desert;1
6574;254;218;219;land;false;hills;1
6575;103;205;236;land;true;plains;1
6576;190;138;181;land;false;mountain;1
6577;191;179;194;land;false;mountain;1
6578;230;161;229;land;false;mountain;1
6579;189;252;105;land;false;mountain;1
6580;202;232;231;land;true;hills;1
6581;166;160;180;land;false;desert;1
6582;122;214;189;land;false;desert;1
6583;221;246;206;land;true;hills;1
6584;106;209;245;land;false;jungle;1
6585;103;174;232;land;false;mountain;1
6586;193;242;169;land;true;hills;1
6587;225;200;164;land;true;mountain;1
6588;152;209;189;land;false;plains;1
6589;6;25;101;land;true;urban;1
6590;205;214;145;land;true;hills;1
6591;186;240;210;land;false;hills;1
6592;231;240;145;land;true;plains;1
6593;253;201;230;land;false;hills;1
6594;213;225;224;land;false;mountain;1
6595;194;237;230;land;false;mountain;1
6596;238;79;213;land;false;desert;1
6597;189;214;199;land;false;desert;1
6598;248;178;207;land;true;mountain;1
6599;254;91;224;land;true;mountain;1
6600;98;198;236;land;false;mountain;1
6601;16;36;65;land;false;urban;1
6602;216;113;180;land;false;mountain;1
6603;212;170;151;land;false;desert;1
6604;228;237;161;land;true;plains;1
6605;240;191;194;land;false;hills;1
6606;248;250;99;land;true;mountain;1
6607;199;246;96;land;true;jungle;1
6608;150;151;240;land;false;plains;1
6609;119;194;215;land;true;mountain;1
6610;189;188;230;land;false;mountain;1
6611;247;232;222;land;true;hills;1
6612;216;116;189;land;false;desert;1
6613;253;224;81;land;false;mountain;1
6614;232;234;182;land;false;hills;1
6615;32;6;74;land;true;urban;1
6616;200;231;243;land;true;hills;1
6617;240;252;160;land;false;jungle;1
6618;198;248;102;land;false;plains;1
6619;146;176;219;land;false;hills;1
6620;221;253;141;land;false;hills;1
6621;203;220;158;land;true;plains;1
6622;224;233;96;land;false;desert;1
6623;239;194;105;land;false;plains;1
6624;161;141;245;land;true;mountain;1
6625;247;207;132;land;false;mountain;1
6626;244;66;204;land;false;plains;1
6627;243;198;243;land;false;mountain;1
6628;175;240;165;land;false;mountain;1
6629;249;230;185;land;true;jungle;1
6630;221;207;216;land;false;jungle;1
6631;249;104;243;land;true;forest;1
6632;201;183;244;land;false;mountain;1
6633;193;226;203;land;false;mountain;1
6634;221;118;232;land;false;mountain;1
6635;253;170;163;land;false;plains;1
6636;237;111;194;land;false;plains;1
6637;67;237;250;land;true;hills;1
6638;109;234;251;land;true;hills;1
6639;254;131;139;land;false;mountain;1
6640;154;175;187;land;true;mountain;1
6641;107;187;253;land;false;jungle;1
6642;220;111;184;land;false;jungle;1
6643;49;94;1;land;false;urban;1
6644;249;134;149;land;false;jungle;1
6645;206;217;104;land;false;plains;1
6646;252;157;167;land;false;plains;1
6647;206;227;200;land;false;hills;1
6648;76;211;218;land;false;hills;1
6649;68;69;9;land;true;urban;1
6650;172;210;190;land;false;mountain;1
6651;152;231;149;land;true;hills;1
6652;165;129;232;land;false;plains;1
6653;130;188;191;land;false;plains;1
6654;61;0;70;land;false;urban;1
6655;221;154;149;land;true;hills;1
6656;55;8;50;land;true;urban;1
6657;61;37;8;land;false;urban;1
6658;151;247;123;land;true;hills;1
6659;223;117;183;land;false;mountain;1
6660;209;95;199;land;false;mountain;1
6661;243;253;156;land;false;mountain;1
6662;140;215;217;land;true;plains;1
6663;217;149;182;land;false;desert;1
6664;90;191;234;land;true;plains;1
6665;204;251;234;land;false;mountain;1
6666;201;197;219;land;false;mountain;1
6667;190;138;247;land;false;plains;1
6668;222;218;141;land;false;plains;1
6669;223;62;223;land;false;plains;1
6670;212;173;214;land;false;desert;1
6671;159;233;245;land;false;desert;1
6672;251;230;81;land;true;hills;1
6673;182;133;213;land;true;plains;1
6674;221;92;204;land;false;hills;1
6675;35;10;77;land;true;urban;1
6676;109;214;235;land;false;mountain;1
6677;235;124;193;land;false;hills;1
6678;172;235;112;land;false;mountain;1
6679;116;201;186;land;false;desert;1
6680;133;176;192;land;false;desert;1
6681;243;55;208;land;true;plains;1
6682;236;162;143;land;false;hills;1
6683;165;221;167;land;false;hills;1
6684;226;168;182;land;false;mountain;1
6685;251;219;37;land;false;mountain;1
6686;143;241;138;land;true;plains;1
6687;221;116;239;land;false;mountain;1
6688;108;5;36;land;true;urban;1
6689;240;62;218;land;false;hills;1
6690;222;63;239;land;false;hills;1
6691;91;7;24;land;false;urban;1
6692;209;83;217;land;false;mountain;1
6693;108;241;197;land;false;desert;1
6694;201;198;243;land;false;desert;1
6695;211;251;46;land;false;hills;1
6696;88;245;202;land;true;mountain;1
6697;214;119;252;land;true;plains;1
6698;163;233;164;land;true;plains;1
6699;248;247;119;land;false;jungle;1
6700;206;187;154;land;false;plains;1
6701;80;29;8;land;true;urban;1
6702;159;145;206;land;true;plains;1
6703;236;185;92;land;false;mountain;1
6704;252;172;177;land;false;mountain;1
6705;216;242;244;land;false;desert;1
6706;216;150;141;land;false;desert;1
6707;215;201;106;land;true;forest;1
6708;246;224;102;land;true;mountain;1
6709;73;230;221;land;true;hills;1
6710;77;233;241;land;false;jungle;1
6711;209;249;212;land;false;hills;1
6712;106;166;248;land;false;hills;1
6713;137;205;254;land;true;desert;1
6714;205;168;201;land;true;plains;1
6715;101;245;174;land;false;desert;1
6716;240;123;145;land;false;desert;1
6717;19;88;42;land;true;urban;1
6718;252;211;247;land;true;jungle;1
6719;218;171;127;land;false;hills;1
6720;111;219;174;land;false;desert;1
6721;105;236;162;land;false;mountain;1
6722;247;223;75;land;false;mountain;1
6723;15;58;30;land;true;urban;1
6724;215;156;145;land;true;plains;1
6725;214;150;195;land;false;plains;1
6726;41;215;245;land;false;plains;1
6727;64;254;215;land;false;desert;1
6728;155;103;249;land;false;desert;1
6729;249;108;202;land;false;desert;1
6730;245;108;213;land;true;forest;1
6731;248;174;187;land;true;hills;1
6732;223;229;121;land;true;hills;1
6733;218;251;221;land;true;jungle;1
6734;68;241;245;land;false;plains;1
6735;214;214;133;land;true;plains;1
6736;197;247;189;land;true;plains;1
6737;104;177;228;land;false;plains;1
6738;224;244;132;land;false;plains;1
6739;150;166;231;land;false;desert;1
6740;164;240;238;land;true;hills;1
6741;226;204;162;land;false;desert;1
6742;168;224;134;land;false;desert;1
6743;164;240;173;land;true;plains;1
6744;75;224;228;land;true;plains;1
6745;34;64;21;land;true;urban;1
6746;237;92;193;land;false;hills;1
6747;243;210;122;land;false;hills;1
6748;36;67;0;land;true;urban;1
6749;203;235;194;land;false;hills;1
6750;236;195;138;land;false;mountain;1
6751;236;241;44;land;true;forest;1
6752;204;243;177;land;true;mountain;1
6753;231;127;209;land;true;forest;1
6754;145;231;254;land;false;hills;1
6755;49;33;28;land;true;urban;1
6756;73;18;35;land;false;mountain;1
6757;221;176;200;land;false;mountain;1
6758;207;151;236;land;false;hills;1
6759;222;161;195;land;false;desert;1
6760;213;227;67;land;false;plains;1
6761;185;214;160;land;false;jungle;1
6762;186;177;155;land;false;mountain;1
6763;5;77;26;land;false;urban;1
6764;221;59;254;land;false;mountain;1
6765;76;46;13;land;false;hills;1
6766;123;236;155;land;false;plains;1
6767;227;217;126;land;false;desert;1
6768;79;218;217;land;true;hills;1
6769;229;157;229;land;false;hills;1
6770;147;217;169;land;false;desert;1
6771;222;228;153;land;false;desert;1
6772;252;106;230;land;false;hills;1
6773;244;130;170;land;true;plains;1
6774;219;156;153;land;false;plains;1
6775;195;170;242;land;true;plains;1
6776;171;171;177;land;false;hills;1
6777;251;83;175;land;true;mountain;1
6778;253;248;241;land;false;jungle;1
6779;192;145;198;land;true;plains;1
6780;188;171;237;land;false;plains;1
6781;226;225;164;land;false;forest;1
6782;76;46;27;land;false;urban;1
6783;189;153;202;land;false;mountain;1
6784;176;219;219;land;false;plains;1
6785;187;171;219;land;false;desert;1
6786;228;64;213;land;true;mountain;1
6787;171;196;238;land;false;mountain;1
6788;226;163;157;land;false;jungle;1
6789;233;235;38;land;false;plains;1
6790;211;197;215;land;false;mountain;1
6791;190;165;246;land;false;hills;1
6792;185;207;224;land;true;plains;1
6793;250;231;87;land;false;plains;1
6794;224;249;254;land;false;mountain;1
6795;120;7;6;land;true;urban;1
6796;136;230;239;land;false;plains;1
6797;239;129;254;land;false;mountain;1
6798;240;166;242;land;true;plains;1
6799;194;253;113;land;false;plains;1
6800;192;235;134;land;false;plains;1
6801;189;132;194;land;true;mountain;1
6802;168;124;235;land;true;forest;1
6803;218;137;201;land;false;hills;1
6804;248;170;102;land;false;plains;1
6805;211;210;221;land;true;desert;1
6806;251;173;212;land;true;plains;1
6807;240;40;223;land;false;plains;1
6808;166;162;192;land;false;desert;1
6809;147;229;187;land;true;hills;1
6810;202;252;181;land;false;forest;1
6811;243;71;201;land;false;hills;1
6812;235;153;133;land;false;hills;1
6813;218;126;195;land;true;hills;1
6814;226;144;246;land;false;hills;1
6815;227;219;86;land;false;hills;1
6816;171;189;176;land;false;plains;1
6817;85;247;205;land;true;plains;1
6818;158;169;222;land;false;desert;1
6819;156;213;187;land;false;desert;1
6820;4;80;39;land;false;urban;1
6821;174;148;203;land;true;mountain;1
6822;252;119;191;land;false;jungle;1
6823;117;226;219;land;false;hills;1
6824;198;108;233;land;false;plains;1
6825;199;183;174;land;false;desert;1
6826;232;200;213;land;false;mountain;1
6827;254;218;54;land;false;plains;1
6828;206;162;171;land;false;plains;1
6829;175;123;228;land;false;desert;1
6830;225;110;202;land;false;desert;1
6831;226;239;163;land;false;desert;1
6832;109;200;225;land;false;mountain;1
6833;244;228;107;land;true;plains;1
6834;158;189;217;land;false;hills;1
6835;218;184;150;land;true;jungle;1
6836;11;15;108;land;false;jungle;1
6837;243;128;186;land;false;plains;1
6838;206;212;127;land;false;plains;1
6839;216;132;212;land;false;forest;1
6840;227;158;162;land;false;hills;1
6841;125;177;199;land;true;plains;1
6842;241;124;160;land;false;desert;1
6843;238;236;156;land;false;desert;1
6844;243;232;242;land;false;hills;1
6845;135;208;251;land;true;forest;1
6846;229;252;203;land;false;hills;1
6847;58;23;59;land;true;plains;1
6848;18;57;28;land;false;urban;1
6849;118;171;233;land;false;mountain;1
6850;178;164;250;land;false;plains;1
6851;251;199;72;land;false;desert;1
6852;226;113;228;land;false;plains;1
6853;80;9;24;land;false;urban;1
6854;243;75;247;land;false;hills;1
6855;167;235;145;land;true;hills;1
6856;178;185;210;land;false;hills;1
6857;233;109;173;land;false;hills;1
6858;16;77;49;land;true;urban;1
6859;223;154;190;land;false;plains;1
6860;178;162;172;land;false;plains;1
6861;91;238;186;land;false;desert;1
6862;239;122;212;land;false;plains;1
6863;245;137;226;land;true;forest;1
6864;155;124;232;land;true;forest;1
6865;0;109;17;land;false;forest;1
6866;232;62;228;land;false;mountain;1
6867;233;231;203;land;false;forest;1
6868;238;155;243;land;false;mountain;1
6869;73;66;5;land;false;urban;1
6870;238;163;227;land;false;desert;1
6871;1;109;4;land;false;urban;1
6872;244;170;169;land;false;mountain;1
6873;181;124;223;land;false;plains;1
6874;235;180;251;land;false;hills;1
6875;56;61;21;land;false;hills;1
6876;179;210;136;land;false;mountain;1
6877;250;215;216;land;false;hills;1
6878;184;243;114;land;false;desert;1
6879;197;216;198;land;false;desert;1
6880;250;204;163;land;false;hills;1
6881;123;230;236;land;false;desert;1
6882;253;122;149;land;false;mountain;1
6883;151;180;171;land;true;plains;1
6884;161;177;224;land;true;plains;1
6885;12;64;61;land;true;plains;1
6886;218;194;149;land;true;urban;1
6887;86;61;1;land;true;urban;1
6888;250;144;244;land;false;desert;1
6889;166;177;242;land;false;plains;1
6890;227;170;143;land;false;mountain;1
6891;220;207;149;land;false;hills;1
6892;168;207;222;land;false;hills;1
6893;238;120;167;land;true;forest;1
6894;243;209;135;land;false;forest;1
6895;194;195;125;land;false;desert;1
6896;50;75;6;land;false;urban;1
6897;160;233;148;land;false;hills;1
6898;243;196;199;land;true;plains;1
6899;67;12;51;land;true;urban;1
6900;154;211;217;land;true;hills;1
6901;241;246;23;land;false;mountain;1
6902;151;204;158;land;true;forest;1
6903;229;80;242;land;true;plains;1
6904;234;148;135;land;false;plains;1
6905;173;248;82;land;false;hills;1
6906;149;152;249;land;false;mountain;1
6907;177;232;168;land;false;plains;1
6908;210;93;243;land;false;desert;1
6909;93;251;188;land;false;hills;1
6910;214;160;231;land;false;mountain;1
6911;94;208;203;land;false;jungle;1
6912;174;169;244;land;false;hills;1
6913;19;84;41;land;false;mountain;1
6914;195;184;241;land;true;hills;1
6915;238;230;78;land;true;desert;1
6916;165;210;222;land;false;mountain;1
6917;220;224;138;land;true;plains;1
6918;95;240;244;land;true;plains;1
6919;243;119;245;land;false;mountain;1
6920;230;140;190;land;false;hills;1
6921;239;247;190;land;false;mountain;1
6922;248;174;198;land;true;forest;1
6923;245;202;253;land;false;forest;1
6924;103;171;237;land;false;forest;1
6925;139;251;114;land;false;plains;1
6926;166;249;123;land;false;plains;1
6927;207;239;158;land;false;desert;1
6928;88;233;242;land;true;mountain;1
6929;233;163;174;land;false;jungle;1
6930;245;189;174;land;false;plains;1
6931;53;25;34;land;false;plains;1
6932;127;214;192;land;false;hills;1
6933;245;142;156;land;false;plains;1
6934;207;131;230;land;false;plains;1
6935;230;93;240;land;false;desert;1
6936;189;201;168;land;false;desert;1
6937;186;184;184;land;false;mountain;1
6938;234;160;201;land;false;mountain;1
6939;207;166;133;land;true;plains;1
6940;211;135;186;land;true;jungle;1
6941;225;240;126;land;false;hills;1
6942;241;100;233;land;false;plains;1
6943;194;145;176;land;false;mountain;1
6944;167;243;112;land;false;desert;1
6945;247;152;141;land;false;plains;1
6946;170;87;248;land;false;desert;1
6947;248;194;75;land;false;hills;1
6948;165;242;177;land;false;forest;1
6949;241;239;108;land;false;forest;1
6950;248;232;102;land;false;forest;1
6951;202;254;143;land;false;hills;1
6952;137;244;159;land;false;plains;1
6953;140;238;157;land;false;plains;1
6954;162;135;209;land;true;plains;1
6955;150;209;179;land;false;mountain;1
6956;219;240;213;land;false;jungle;1
6957;249;126;204;land;false;plains;1
6958;105;168;231;land;true;plains;1
6959;196;221;227;land;true;forest;1
6960;96;232;210;land;true;plains;1
6961;163;223;120;land;false;plains;1
6962;172;151;178;land;false;desert;1
6963;232;248;116;land;false;desert;1
6964;182;220;131;land;false;desert;1
6965;149;158;254;land;false;desert;1
6966;88;199;233;land;true;plains;1
6967;140;120;246;land;true;plains;1
6968;249;227;170;land;false;forest;1
6969;154;157;218;land;false;hills;1
6970;6;76;27;land;false;mountain;1
6971;246;68;246;land;true;hills;1
6972;236;82;202;land;true;jungle;1
6973;228;223;176;land;false;jungle;1
6974;123;216;198;land;false;hills;1
6975;236;117;170;land;true;hills;1
6976;237;133;178;land;true;desert;1
6977;94;230;200;land;false;mountain;1
6978;87;47;13;land;false;urban;1
6979;30;73;34;land;false;urban;1
6980;164;222;229;land;false;plains;1
6981;252;16;250;land;false;desert;1
6982;251;222;153;land;false;desert;1
6983;225;203;111;land;false;hills;1
6984;234;131;204;land;false;mountain;1
6985;245;106;235;land;true;hills;1
6986;205;197;128;land;false;forest;1
6987;165;240;219;land;true;jungle;1
6988;194;189;122;land;false;plains;1
6989;223;150;139;land;true;forest;1
6990;208;242;83;land;false;plains;1
6991;247;253;142;land;false;hills;1
6992;71;15;27;land;false;hills;1
6993;218;220;192;land;false;desert;1
6994;232;218;72;land;false;desert;1
6995;216;103;211;land;false;forest;1
6996;234;231;143;land;false;mountain;1
6997;40;92;1;land;false;urban;1
6998;127;215;164;land;false;plains;1
6999;135;231;203;land;false;mountain;1
7000;17;72;59;land;true;urban;1
7001;236;168;207;land;false;plains;1
7002;202;232;207;land;true;mountain;1
7003;22;118;3;land;false;mountain;1
7004;126;188;202;land;false;plains;1
7005;238;211;150;land;false;hills;1
7006;241;254;231;land;false;desert;1
7007;240;246;20;land;false;mountain;1
7008;195;149;184;land;false;hills;1
7009;17;249;252;land;false;plains;1
7010;211;253;117;land;false;desert;1
7011;102;254;205;land;false;desert;1
7012;189;222;226;land;false;desert;1
7013;132;182;203;land;false;hills;1
7014;222;145;159;land;false;hills;1
7015;177;201;194;land;false;hills;1
7016;217;129;174;land;false;mountain;1
7017;86;231;227;land;false;mountain;1
7018;191;228;229;land;false;mountain;1
7019;90;247;197;land;false;plains;1
7020;205;254;51;land;true;plains;1
7021;247;237;161;land;true;plains;1
7022;231;250;28;land;false;forest;1
7023;1;55;61;land;false;urban;1
7024;185;216;113;land;false;desert;1
7025;173;209;186;land;false;hills;1
7026;227;244;41;land;false;plains;1
7027;218;207;223;land;true;plains;1
7028;194;246;243;land;false;mountain;1
7029;157;98;249;land;false;plains;1
7030;121;199;238;land;true;hills;1
7031;108;9;19;land;false;urban;1
7032;18;48;80;land;false;forest;1
7033;176;218;161;land;false;forest;1
7034;211;59;248;land;false;forest;1
7035;22;16;97;land;false;mountain;1
7036;129;212;190;land;true;forest;1
7037;210;246;215;land;false;plains;1
7038;125;170;238;land;false;plains;1
7039;159;194;156;land;true;plains;1
7040;222;198;139;land;false;plains;1
7041;23;13;88;land;false;urban;1
7042;239;236;72;land;false;desert;1
7043;252;247;63;land;false;hills;1
7044;25;240;236;land;false;hills;1
7045;225;151;168;land;false;plains;1
7046;212;120;205;land;false;plains;1
7047;61;50;6;land;true;urban;1
7048;240;201;105;land;false;hills;1
7049;196;164;184;land;true;plains;1
7050;222;240;248;land;false;jungle;1
7051;106;154;249;land;false;plains;1
7052;172;192;186;land;false;hills;1
7053;173;110;247;land;false;mountain;1
7054;243;108;204;land;false;mountain;1
7055;251;223;154;land;false;mountain;1
7056;207;234;67;land;false;hills;1
7057;236;235;222;land;false;plains;1
7058;209;252;229;land;false;mountain;1
7059;237;194;135;land;false;plains;1
7060;234;126;243;land;false;plains;1
7061;113;213;192;land;false;hills;1
7062;252;82;185;land;true;hills;1
7063;39;69;37;land;true;urban;1
7064;240;206;154;land;false;forest;1
7065;251;207;121;land;true;plains;1
7066;184;242;195;land;false;plains;1
7067;111;212;179;land;false;desert;1
7068;248;67;227;land;false;desert;1
7069;190;225;207;land;false;mountain;1
7070;160;241;160;land;false;desert;1
7071;179;169;184;land;false;mountain;1
7072;210;227;129;land;false;mountain;1
7073;237;88;191;land;false;plains;1
7074;192;222;248;land;false;plains;1
7075;229;237;80;land;true;hills;1
7076;213;231;232;land;false;forest;1
7077;39;71;22;land;false;mountain;1
7078;57;206;239;land;true;plains;1
7079;252;249;51;land;false;plains;1
7080;206;220;249;land;true;plains;1
7081;194;195;141;land;true;plains;1
7082;233;131;179;land;true;plains;1
7083;131;231;172;land;false;desert;1
7084;235;100;172;land;false;hills;1
7085;170;242;225;land;false;desert;1
7086;246;149;214;land;true;forest;1
7087;220;68;226;land;true;mountain;1
7088;153;232;154;land;false;hills;1
7089;232;75;207;land;false;forest;1
7090;234;218;119;land;false;hills;1
7091;0;62;48;land;false;hills;1
7092;233;239;156;land;true;plains;1
7093;13;72;21;land;false;urban;1
7094;161;158;242;land;false;forest;1
7095;152;224;204;land;false;forest;1
7096;178;157;205;land;true;forest;1
7097;152;196;194;land;false;jungle;1
7098;245;166;166;land;true;plains;1
7099;237;177;189;land;false;hills;1
7100;84;26;32;land;true;plains;1
7101;20;49;41;land;true;urban;1
7102;220;183;239;land;false;plains;1
7103;179;210;228;land;false;desert;1
7104;220;144;161;land;false;hills;1
7105;173;227;180;land;false;hills;1
7106;107;218;202;land;false;forest;1
7107;237;202;138;land;false;hills;1
7108;174;190;152;land;true;forest;1
7109;171;152;193;land;true;hills;1
7110;69;222;231;land;true;forest;1
7111;206;160;214;land;false;plains;1
7112;107;18;17;land;false;urban;1
7113;212;93;197;land;true;mountain;1
7114;248;222;87;land;true;plains;1
7115;248;62;199;land;false;desert;1
7116;222;205;213;land;false;desert;1
7117;208;219;128;land;false;desert;1
7118;211;167;165;land;true;hills;1
7119;223;252;166;land;true;forest;1
7120;237;178;224;land;false;plains;1
7121;105;28;7;land;false;urban;1
7122;0;58;53;land;true;urban;1
7123;157;241;147;land;true;desert;1
7124;193;127;195;land;false;mountain;1
7125;55;36;13;land;false;urban;1
7126;206;213;210;land;false;plains;1
7127;153;222;239;land;false;desert;1
7128;221;210;216;land;false;forest;1
7129;141;182;200;land;false;hills;1
7130;229;127;156;land;true;jungle;1
7131;10;61;42;land;false;urban;1
7132;34;23;64;land;false;hills;1
7133;230;141;214;land;false;hills;1
7134;169;240;126;land;true;mountain;1
7135;188;222;91;land;false;desert;1
7136;22;81;25;land;false;mountain;1
7137;31;235;244;land;false;hills;1
7138;96;24;29;land;false;urban;1
7139;254;213;128;land;false;plains;1
7140;226;139;177;land;true;plains;1
7141;241;166;210;land;false;plains;1
7142;110;201;202;land;false;hills;1
7143;240;171;120;land;false;plains;1
7144;72;243;198;land;true;plains;1
7145;250;162;177;land;false;desert;1
7146;129;163;230;land;false;desert;1
7147;251;200;205;land;false;mountain;1
7148;71;26;38;land;false;hills;1
7149;244;68;210;land;false;plains;1
7150;214;131;222;land;false;plains;1
7151;253;234;52;land;false;mountain;1
7152;229;200;245;land;false;desert;1
7153;115;251;148;land;false;hills;1
7154;221;200;137;land;true;mountain;1
7155;95;232;183;land;false;hills;1
7156;201;228;201;land;true;jungle;1
7157;192;156;244;land;false;jungle;1
7158;191;254;62;land;false;hills;1
7159;111;214;181;land;false;hills;1
7160;227;217;254;land;false;hills;1
7161;111;200;208;land;false;plains;1
7162;166;191;159;land;false;plains;1
7163;198;213;197;land;false;plains;1
7164;91;228;193;land;true;plains;1
7165;23;32;54;land;false;urban;1
7166;237;101;223;land;false;mountain;1
7167;198;254;63;land;true;plains;1
7168;38;22;89;land;true;urban;1
7169;248;130;170;land;true;plains;1
7170;69;250;225;land;false;plains;1
7171;249;59;215;land;false;desert;1
7172;193;106;220;land;false;mountain;1
7173;186;122;218;land;false;hills;1
7174;214;247;164;land;false;plains;1
7175;22;28;51;land;false;plains;1
7176;185;112;216;land;false;mountain;1
7177;221;249;156;land;true;plains;1
7178;201;211;135;land;true;hills;1
7179;17;61;39;land;false;urban;1
7180;217;201;211;land;false;hills;1
7181;10;16;79;land;true;urban;1
7182;246;232;171;land;true;plains;1
7183;4;57;65;land;false;plains;1
7184;251;109;248;land;false;mountain;1
7185;82;232;242;land;false;forest;1
7186;235;226;246;land;false;plains;1
7187;77;212;239;land;false;plains;1
7188;9;92;40;land;false;hills;1
7189;235;143;183;land;true;forest;1
7190;31;74;25;land;false;urban;1
7191;240;45;237;land;true;forest;1
7192;245;108;207;land;true;plains;1
7193;235;129;171;land;false;mountain;1
7194;254;231;200;land;false;plains;1
7195;141;188;225;land;true;plains;1
7196;197;249;118;land;false;mountain;1
7197;172;241;155;land;true;plains;1
7198;47;66;26;land;true;urban;1
7199;188;182;145;land;false;plains;1
7200;118;213;218;land;false;hills;1
7201;248;204;154;land;true;plains;1
7202;254;181;225;land;false;desert;1
7203;196;111;235;land;false;desert;1
7204;164;164;203;land;false;desert;1
7205;215;105;215;land;false;mountain;1
7206;159;242;102;land;false;plains;1
7207;213;224;213;land;false;forest;1
7208;244;203;88;land;false;forest;1
7209;225;238;119;land;false;hills;1
7210;79;180;254;land;false;mountain;1
7211;204;226;231;land;false;plains;1
7212;180;206;228;land;true;mountain;1
7213;134;183;196;land;true;plains;1
7214;232;119;242;land;false;forest;1
7215;43;71;26;land;false;mountain;1
7216;101;224;252;land;false;plains;1
7217;93;218;222;land;true;plains;1
7218;229;198;244;land;false;plains;1
7219;223;165;253;land;false;mountain;1
7220;105;253;168;land;false;plains;1
7221;183;202;229;land;false;mountain;1
7222;137;139;230;land;false;mountain;1
7223;244;134;224;land;false;plains;1
7224;253;144;137;land;false;hills;1
7225;245;181;87;land;false;hills;1
7226;237;77;251;land;false;plains;1
7227;252;245;62;land;true;plains;1
7228;212;166;223;land;false;desert;1
7229;207;244;114;land;false;plains;1
7230;193;153;223;land;false;plains;1
7231;242;242;172;land;false;hills;1
7232;2;19;117;land;false;plains;1
7233;121;232;212;land;false;plains;1
7234;136;249;197;land;false;plains;1
7235;235;127;213;land;false;hills;1
7236;91;5;39;land;true;plains;1
7237;214;100;203;land;false;mountain;1
7238;189;160;173;land;false;plains;1
7239;250;33;218;land;false;plains;1
7240;82;242;234;land;false;desert;1
7241;221;192;150;land;false;desert;1
7242;246;198;158;land;false;mountain;1
7243;223;248;111;land;false;forest;1
7244;188;192;242;land;true;plains;1
7245;213;190;140;land;false;hills;1
7246;221;223;181;land;false;hills;1
7247;36;25;82;land;false;hills;1
7248;78;199;233;land;false;hills;1
7249;220;207;91;land;false;plains;1
7250;163;253;237;land;false;mountain;1
7251;18;88;36;land;true;urban;1
7252;246;140;213;land;true;urban;1
7253;254;138;141;land;false;hills;1
7254;176;217;226;land;false;mountain;1
7255;245;196;110;land;false;plains;1
7256;220;214;158;land;false;plains;1
7257;225;133;185;land;true;mountain;1
7258;113;161;229;land;false;hills;1
7259;163;184;237;land;true;jungle;1
7260;38;75;23;land;true;urban;1
7261;234;96;233;land;false;plains;1
7262;233;166;215;land;false;hills;1
7263;222;96;188;land;false;plains;1
7264;160;139;209;land;false;hills;1
7265;53;12;65;land;false;plains;1
7266;92;15;15;land;true;urban;1
7267;241;101;170;land;false;desert;1
7268;209;251;233;land;false;mountain;1
7269;176;138;209;land;true;plains;1
7270;249;63;203;land;true;plains;1
7271;193;136;199;land;false;plains;1
7272;178;241;214;land;false;plains;1
7273;225;168;158;land;false;hills;1
7274;195;92;225;land;false;mountain;1
7275;113;228;211;land;false;plains;1
7276;176;189;198;land;false;plains;1
7277;130;209;228;land;false;mountain;1
7278;208;143;192;land;false;forest;1
7279;172;133;236;land;false;hills;1
7280;70;18;58;land;false;mountain;1
7281;47;211;53;land;false;hills;1
7282;63;27;41;land;false;urban;1
7283;114;167;228;land;false;mountain;1
7284;86;236;229;land;false;forest;1
7285;127;185;236;land;false;jungle;1
7286;240;183;155;land;false;jungle;1
7287;215;240;146;land;false;hills;1
7288;136;199;254;land;false;hills;1
7289;67;5;66;land;false;mountain;1
7290;185;109;243;land;false;plains;1
7291;174;199;169;land;false;mountain;1
7292;237;201;144;land;true;hills;1
7293;83;218;226;land;true;mountain;1
7294;211;135;250;land;true;mountain;1
7295;239;177;134;land;false;mountain;1
7296;206;158;194;land;false;plains;1
7297;227;133;153;land;true;plains;1
7298;162;253;151;land;false;desert;1
7299;203;155;240;land;false;plains;1
7300;248;232;190;land;false;forest;1
7301;235;195;190;land;true;forest;1
7302;160;214;147;land;true;mountain;1
7303;233;144;144;land;false;plains;1
7304;187;130;224;land;false;plains;1
7305;123;247;165;land;false;desert;1
7306;249;246;60;land;false;plains;1
7307;213;90;242;land;false;hills;1
7308;165;195;195;land;true;forest;1
7309;74;56;9;land;false;plains;1
7310;220;167;210;land;true;plains;1
7311;68;236;253;land;false;plains;1
7312;135;233;176;land;false;desert;1
7313;222;215;241;land;true;hills;1
7314;123;222;250;land;false;mountain;1
7315;204;185;122;land;false;mountain;1
7316;250;247;139;land;false;mountain;1
7317;98;192;237;land;false;hills;1
7318;207;112;250;land;false;plains;1
7319;194;218;100;land;false;jungle;1
7320;115;173;245;land;false;hills;1
7321;170;234;118;land;true;plains;1
7322;177;215;114;land;false;hills;1
7323;195;235;208;land;false;mountain;1
7324;166;179;162;land;false;hills;1
7325;218;181;135;land;false;mountain;1
7326;131;122;251;land;false;mountain;1
7327;113;220;229;land;false;hills;1
7328;250;182;213;land;false;plains;1
7329;43;69;21;land;false;urban;1
7330;235;237;62;land;false;forest;1
7331;24;99;5;land;false;urban;1
7332;227;213;229;land;true;hills;1
7333;240;250;151;land;false;hills;1
7334;230;182;223;land;true;hills;1
7335;193;215;168;land;false;hills;1
7336;121;232;229;land;false;mountain;1
7337;193;219;200;land;false;mountain;1
7338;236;233;74;land;false;hills;1
7339;101;196;206;land;false;hills;1
7340;190;109;254;land;true;plains;1
7341;45;0;95;land;true;urban;1
7342;69;246;224;land;false;hills;1
7343;222;212;173;land;false;plains;1
7344;191;220;216;land;false;desert;1
7345;181;223;174;land;false;hills;1
7346;247;232;231;land;false;hills;1
7347;194;200;193;land;false;forest;1
7348;108;250;146;land;false;plains;1
7349;229;240;178;land;false;jungle;1
7350;191;234;122;land;false;hills;1
7351;171;145;212;land;false;hills;1
7352;234;195;127;land;false;mountain;1
7353;246;101;219;land;false;mountain;1
7354;5;82;18;land;false;urban;1
7355;148;238;244;land;false;forest;1
7356;11;87;37;land;false;forest;1
7357;236;241;69;land;false;mountain;1
7358;225;212;211;land;true;forest;1
7359;252;235;72;land;false;jungle;1
7360;10;119;16;land;false;urban;1
7361;2;87;38;land;false;urban;1
7362;181;247;93;land;false;mountain;1
7363;129;240;245;land;false;desert;1
7364;89;37;23;land;false;urban;1
7365;127;181;219;land;false;plains;1
7366;193;204;244;land;false;plains;1
7367;205;218;235;land;false;plains;1
7368;247;225;61;land;false;plains;1
7369;207;187;249;land;true;hills;1
7370;23;251;231;land;false;hills;1
7371;214;130;195;land;false;hills;1
7372;237;155;109;land;false;mountain;1
7373;188;213;216;land;false;mountain;1
7374;228;164;235;land;true;mountain;1
7375;250;236;123;land;true;mountain;1
7376;246;59;199;land;false;mountain;1
7377;198;115;223;land;false;hills;1
7378;55;46;46;land;false;urban;1
7379;10;119;12;land;false;hills;1
7380;172;90;248;land;true;plains;1
7381;176;162;187;land;false;hills;1
7382;221;129;205;land;false;plains;1
7383;204;134;203;land;false;hills;1
7384;208;251;151;land;false;jungle;1
7385;198;156;236;land;false;hills;1
7386;202;174;187;land;false;hills;1
7387;142;228;174;land;false;mountain;1
7388;30;54;26;land;false;mountain;1
7389;191;98;226;land;false;mountain;1
7390;173;227;241;land;false;plains;1
7391;115;222;213;land;false;plains;1
7392;203;157;223;land;false;desert;1
7393;236;94;195;land;false;mountain;1
7394;239;159;137;land;false;forest;1
7395;230;185;215;land;false;jungle;1
7396;220;198;251;land;true;plains;1
7397;216;154;152;land;false;hills;1
7398;193;134;250;land;false;plains;1
7399;134;178;197;land;false;hills;1
7400;88;13;18;land;false;urban;1
7401;162;154;190;land;false;plains;1
7402;199;240;131;land;false;plains;1
7403;162;172;253;land;false;desert;1
7404;253;90;197;land;false;desert;1
7405;184;208;250;land;false;desert;1
7406;217;219;248;land;false;mountain;1
7407;57;56;32;land;false;plains;1
7408;216;233;80;land;false;plains;1
7409;241;175;184;land;false;plains;1
7410;81;225;225;land;false;hills;1
7411;97;9;6;land;false;hills;1
7412;178;147;231;land;false;hills;1
7413;210;203;141;land;true;jungle;1
7414;168;123;213;land;true;forest;1
7415;226;126;198;land;false;forest;1
7416;234;199;161;land;true;hills;1
7417;254;59;200;land;false;hills;1
7418;195;192;231;land;false;hills;1
7419;231;200;70;land;true;plains;1
7420;213;142;182;land;false;desert;1
7421;102;72;31;sea;true;ocean;0
7422;244;131;211;land;false;mountain;1
7423;212;242;194;land;false;hills;1
7424;220;125;196;land;false;plains;1
7425;44;54;4;land;true;urban;1
7426;11;46;73;land;true;urban;1
7427;214;210;116;land;false;desert;1
7428;253;174;114;land;false;hills;1
7429;71;44;10;land;false;hills;1
7430;178;146;221;land;true;plains;1
7431;238;177;114;land;true;plains;1
7432;144;202;201;land;false;desert;1
7433;127;233;207;land;false;desert;1
7434;245;224;65;land;false;hills;1
7435;156;209;206;land;true;forest;1
7436;223;206;142;land;false;mountain;1
7437;222;203;78;land;true;forest;1
7438;144;215;146;land;true;forest;1
7439;180;235;89;land;false;hills;1
7440;188;244;154;land;false;hills;1
7441;216;225;103;land;false;mountain;1
7442;228;249;120;land;false;mountain;1
7443;211;49;241;land;true;hills;1
7444;233;251;185;land;true;mountain;1
7445;174;184;187;land;true;desert;1
7446;215;231;225;land;false;mountain;1
7447;78;234;224;land;true;plains;1
7448;152;228;134;land;false;plains;1
7449;220;183;129;land;false;plains;1
7450;184;173;211;land;false;desert;1
7451;214;101;225;land;false;desert;1
7452;183;236;233;land;false;plains;1
7453;182;232;130;land;false;forest;1
7454;232;215;92;land;false;plains;1
7455;215;195;198;land;false;hills;1
7456;254;141;133;land;true;jungle;1
7457;237;235;32;land;false;hills;1
7458;238;69;226;land;true;mountain;1
7459;90;206;224;land;true;hills;1
7460;254;223;147;land;true;plains;1
7461;161;249;119;land;false;desert;1
7462;246;163;96;land;false;mountain;1
7463;224;223;211;land;true;plains;1
7464;117;208;238;land;true;plains;1
7465;244;144;141;land;false;mountain;1
7466;234;154;200;land;false;desert;1
7467;245;128;215;land;false;plains;1
7468;156;138;210;land;true;jungle;1
7469;247;110;243;land;false;hills;1
7470;16;14;106;land;true;urban;1
7471;39;43;52;land;true;urban;1
7472;187;203;214;land;false;hills;1
7473;170;227;215;land;false;plains;1
7474;215;200;134;land;false;hills;1
7475;199;227;246;land;false;forest;1
7476;135;188;254;land;false;forest;1
7477;209;176;133;land;false;hills;1
7478;62;47;6;land;false;urban;1
7479;180;222;160;land;false;desert;1
7480;223;188;178;land;true;plains;1
7481;196;221;146;land;false;mountain;1
7482;238;139;213;land;false;hills;1
7483;212;227;134;land;false;plains;1
7484;195;156;202;land;false;plains;1
7485;139;241;177;land;true;jungle;1
7486;11;49;45;land;true;urban;1
7487;204;177;170;land;false;mountain;1
7488;251;240;67;land;false;mountain;1
7489;213;170;227;land;false;hills;1
7490;229;107;185;land;true;hills;1
7491;99;20;11;land;false;hills;1
7492;228;194;152;land;false;plains;1
7493;251;48;218;land;true;plains;1
7494;176;168;227;land;false;hills;1
7495;210;125;244;land;true;hills;1
7496;227;180;108;land;false;hills;1
7497;211;208;120;land;false;hills;1
7498;187;235;121;land;false;plains;1
7499;243;137;210;land;false;hills;1
7500;17;96;20;land;false;mountain;1
7501;235;167;207;land;false;desert;1
7502;127;176;200;land;true;desert;1
7503;80;6;35;land;false;urban;1
7504;15;19;77;land;false;urban;1
7505;210;212;111;land;false;hills;1
7506;188;242;144;land;false;hills;1
7507;248;168;252;land;false;hills;1
7508;242;110;201;land;false;plains;1
7509;226;251;155;land;false;plains;1
7510;215;206;151;land;false;forest;1
7511;211;242;254;land;false;hills;1
7512;44;30;29;land;true;urban;1
7513;231;131;192;land;true;jungle;1
7514;252;223;176;land;true;jungle;1
7515;227;114;249;land;false;jungle;1
7516;172;205;250;land;false;hills;1
7517;127;182;228;land;true;plains;1
7518;230;210;240;land;false;mountain;1
7519;46;29;59;land;false;urban;1
7520;166;163;199;land;true;mountain;1
7521;233;126;162;land;true;plains;1
7522;223;240;233;land;false;hills;1
7523;223;153;214;land;false;plains;1
7524;144;197;192;land;false;forest;1
7525;140;251;144;land;false;plains;1
7526;109;164;246;land;true;forest;1
7527;210;203;218;land;true;forest;1
7528;231;195;177;land;true;jungle;1
7529;238;227;60;land;false;mountain;1
7530;234;160;195;land;false;mountain;1
7531;159;145;239;land;true;mountain;1
7532;65;252;189;land;true;mountain;1
7533;54;15;33;land;true;urban;1
7534;235;67;206;land;false;mountain;1
7535;176;115;253;land;false;hills;1
7536;234;129;200;land;true;jungle;1
7537;165;171;203;land;false;mountain;1
7538;194;228;136;land;false;mountain;1
7539;49;9;87;land;false;mountain;1
7540;90;8;39;land;true;plains;1
7541;197;254;106;land;true;plains;1
7542;224;191;140;land;false;mountain;1
7543;211;235;252;land;false;hills;1
7544;223;45;251;land;false;plains;1
7545;180;225;250;land;false;plains;1
7546;173;89;249;land;true;plains;1
7547;240;42;239;land;false;plains;1
7548;241;254;121;land;false;plains;1
7549;218;195;163;land;false;mountain;1
7550;174;240;150;land;false;hills;1
7551;208;237;103;land;false;hills;1
7552;240;67;249;land;false;mountain;1
7553;249;204;170;land;true;mountain;1
7554;12;16;103;land;false;urban;1
7555;222;169;201;land;true;hills;1
7556;211;176;233;land;true;desert;1
7557;161;191;152;land;false;hills;1
7558;221;230;93;land;false;plains;1
7559;219;177;188;land;false;mountain;1
7560;159;230;173;land;false;plains;1
7561;223;167;193;land;false;forest;1
7562;177;210;233;land;false;hills;1
7563;58;33;33;land;false;mountain;1
7564;10;113;4;land;true;mountain;1
7565;171;226;110;land;false;desert;1
7566;126;225;253;land;false;hills;1
7567;104;215;190;land;true;plains;1
7568;251;189;101;land;false;plains;1
7569;194;193;121;land;false;hills;1
7570;243;43;246;land;false;plains;1
7571;155;120;247;land;false;hills;1
7572;100;223;223;land;false;plains;1
7573;240;123;157;land;false;hills;1
7574;160;183;199;land;false;desert;1
7575;215;204;253;land;false;hills;1
7576;253;131;121;land;false;plains;1
7577;205;56;254;land;false;desert;1
7578;191;252;151;land;false;hills;1
7579;249;253;234;land;false;plains;1
7580;148;199;179;land;true;forest;1
7581;244;209;104;land;true;forest;1
7582;92;28;26;land;false;hills;1
7583;151;233;121;land;false;mountain;1
7584;241;228;94;land;true;desert;1
7585;168;193;202;land;false;plains;1
7586;249;63;241;land;false;desert;1
7587;224;236;136;land;false;plains;1
7588;244;197;177;land;false;hills;1
7589;126;190;250;land;false;hills;1
7590;128;197;240;land;false;hills;1
7591;178;198;190;land;false;jungle;1
7592;123;215;241;land;true;plains;1
7593;228;241;133;land;true;hills;1
7594;135;234;171;land;false;plains;1
7595;187;181;248;land;false;forest;1
7596;236;244;147;land;false;mountain;1
7597;199;242;177;land;true;desert;1
7598;129;181;250;land;false;desert;1
7599;237;228;167;land;false;mountain;1
7600;161;190;222;land;false;plains;1
7601;199;53;249;land;false;plains;1
7602;34;9;84;land;false;urban;1
7603;176;181;178;land;true;mountain;1
7604;24;55;24;land;true;urban;1
7605;222;163;245;land;false;plains;1
7606;174;173;159;land;false;mountain;1
7607;40;18;68;land;false;mountain;1
7608;119;195;245;land;true;mountain;1
7609;189;173;246;land;false;desert;1
7610;203;133;199;land;false;mountain;1
7611;112;205;203;land;false;desert;1
7612;230;83;193;land;false;plains;1
7613;101;203;229;land;false;desert;1
7614;220;247;195;land;false;hills;1
7615;177;143;213;land;false;hills;1
7616;244;252;75;land;false;plains;1
7617;168;252;89;land;false;forest;1
7618;212;245;231;land;false;hills;1
7619;168;226;182;land;false;hills;1
7620;144;146;240;land;true;forest;1
7621;12;30;73;land;false;urban;1
7622;167;235;134;land;false;plains;1
7623;45;78;3;land;true;urban;1
7624;146;221;136;land;true;marsh;1
7625;198;192;211;land;false;hills;1
7626;51;55;4;land;true;urban;1
7627;219;86;209;land;false;desert;1
7628;247;226;128;land;false;hills;1
7629;252;118;186;land;false;plains;1
7630;240;201;227;land;false;plains;1
7631;196;232;116;land;false;plains;1
7632;219;205;243;land;false;plains;1
7633;248;158;115;land;false;mountain;1
7634;118;222;172;land;false;plains;1
7635;239;247;163;land;false;mountain;1
7636;227;219;216;land;true;plains;1
7637;194;232;160;land;false;plains;1
7638;206;203;161;land;false;plains;1
7639;152;126;227;land;false;hills;1
7640;226;96;193;land;false;hills;1
7641;152;249;118;land;false;plains;1
7642;233;194;100;land;false;plains;1
7643;6;49;54;land;false;mountain;1
7644;225;214;110;land;false;plains;1
7645;180;94;236;land;false;plains;1
7646;224;212;79;land;false;forest;1
7647;147;189;231;land;false;forest;1
7648;235;211;248;land;false;plains;1
7649;235;117;219;land;true;hills;1
7650;169;218;247;land;true;plains;1
7651;222;194;226;land;true;hills;1
7652;27;104;2;land;true;hills;1
7653;218;194;163;land;true;hills;1
7654;107;211;225;land;false;hills;1
7655;152;202;175;land;false;plains;1
7656;134;226;244;land;false;plains;1
7657;221;189;198;land;false;desert;1
7658;202;171;226;land;false;desert;1
7659;222;227;63;land;false;mountain;1
7660;249;199;54;land;false;hills;1
7661;210;184;252;land;false;hills;1
7662;152;212;241;land;false;forest;1
7663;93;213;233;land;false;hills;1
7664;119;205;238;land;false;mountain;1
7665;38;41;37;land;false;mountain;1
7666;35;33;41;land;true;urban;1
7667;91;217;212;land;true;mountain;1
7668;215;235;160;land;false;plains;1
7669;201;206;183;land;false;mountain;1
7670;215;183;228;land;false;plains;1
7671;24;63;46;land;false;urban;1
7672;1;113;28;land;true;forest;1
7673;202;154;207;land;false;plains;1
7674;239;78;248;land;false;forest;1
7675;228;204;116;land;false;hills;1
7676;204;176;152;land;false;mountain;1
7677;159;253;103;land;false;plains;1
7678;129;228;240;land;false;desert;1
7679;184;252;93;land;false;forest;1
7680;241;175;103;land;false;plains;1
7681;235;251;192;land;false;forest;1
7682;153;98;253;land;false;forest;1
7683;240;202;70;land;true;mountain;1
7684;168;244;100;land;true;plains;1
7685;173;185;235;land;false;hills;1
7686;24;41;40;land;false;hills;1
7687;31;91;25;land;false;hills;1
7688;241;91;203;land;true;plains;1
7689;237;239;189;land;true;mountain;1
7690;6;117;6;land;false;urban;1
7691;0;62;76;land;true;urban;1
7692;176;246;229;land;true;plains;1
7693;229;66;220;land;false;plains;1
7694;208;156;250;land;false;forest;1
7695;169;244;218;land;true;hills;1
7696;215;226;101;land;false;hills;1
7697;130;228;172;land;false;hills;1
7698;198;134;244;land;false;hills;1
7699;210;215;188;land;false;plains;1
7700;69;254;193;land;true;plains;1
7701;176;191;205;land;false;plains;1
7702;252;147;166;land;false;plains;1
7703;254;209;141;land;false;plains;1
7704;174;232;217;land;false;plains;1
7705;251;9;243;land;true;hills;1
7706;208;253;61;land;false;hills;1
7707;188;143;185;land;true;hills;1
7708;228;46;246;land;false;desert;1
7709;108;162;238;land;false;mountain;1
7710;253;158;199;land;true;plains;1
7711;110;1;3;land;true;urban;1
7712;242;179;168;land;false;desert;1
7713;109;202;211;land;false;hills;1
7714;154;169;228;land;false;forest;1
7715;55;254;217;land;true;mountain;1
7716;233;202;107;land;false;plains;1
7717;124;207;190;land;true;hills;1
7718;88;178;254;land;true;plains;1
7719;254;156;117;land;true;plains;1
7720;139;241;182;land;false;plains;1
7721;203;160;219;land;false;mountain;1
7722;226;189;246;land;false;mountain;1
7723;67;232;229;land;false;desert;1
7724;61;200;243;land;false;plains;1
7725;219;170;169;land;false;plains;1
7726;190;177;222;land;true;plains;1
7727;213;186;199;land;true;plains;1
7728;250;249;132;land;false;plains;1
7729;249;135;208;land;false;mountain;1
7730;126;236;223;land;false;forest;1
7731;167;248;91;land;false;forest;1
7732;250;251;43;land;false;hills;1
7733;199;226;134;land;false;plains;1
7734;165;242;231;land;false;plains;1
7735;247;184;214;land;false;desert;1
7736;177;242;240;land;false;desert;1
7737;186;75;243;land;false;plains;1
7738;174;200;199;land;false;plains;1
7739;146;213;247;land;false;forest;1
7740;151;168;248;land;false;plains;1
7741;229;195;84;land;false;forest;1
7742;249;18;243;land;false;hills;1
7743;230;134;228;land;false;mountain;1
7744;207;186;121;land;true;plains;1
7745;79;4;19;land;true;urban;1
7746;74;224;214;land;false;plains;1
7747;24;87;18;land;false;hills;1
7748;154;214;154;land;true;mountain;1
7749;213;249;99;land;true;hills;1
7750;220;141;240;land;false;desert;1
7751;220;219;77;land;false;mountain;1
7752;49;85;15;land;false;urban;1
7753;46;4;54;land;false;forest;1
7754;238;247;68;land;false;mountain;1
7755;169;225;225;land;false;plains;1
7756;57;23;52;land;false;urban;1
7757;251;250;46;land;false;hills;1
7758;157;177;207;land;true;plains;1
7759;56;42;13;land;false;urban;1
7760;130;189;242;land;false;mountain;1
7761;25;54;69;land;true;urban;1
7762;171;210;233;land;false;desert;1
7763;235;227;60;land;false;plains;1
7764;2;69;46;land;true;urban;1
7765;210;211;148;land;false;mountain;1
7766;237;179;239;land;false;plains;1
7767;248;101;216;land;false;forest;1
7768;214;175;225;land;false;mountain;1
7769;251;212;88;land;true;plains;1
7770;155;127;242;land;false;plains;1
7771;27;34;68;land;false;mountain;1
7772;215;113;233;land;true;hills;1
7773;36;2;98;land;false;urban;1
7774;186;175;199;land;true;plains;1
7775;251;150;128;land;false;plains;1
7776;199;99;238;land;false;forest;1
7777;174;188;144;land;false;forest;1
7778;236;99;191;land;false;plains;1
7779;233;197;238;land;false;plains;1
7780;245;115;197;land;false;plains;1
7781;186;246;141;land;true;mountain;1
7782;121;170;252;land;true;hills;1
7783;253;153;126;land;true;plains;1
7784;234;152;230;land;false;hills;1
7785;20;32;97;land;true;urban;1
7786;71;204;233;land;false;hills;1
7787;239;244;198;land;false;hills;1
7788;33;63;48;land;false;plains;1
7789;231;188;141;land;false;plains;1
7790;142;182;248;land;false;plains;1
7791;242;249;175;land;false;plains;1
7792;215;226;225;land;false;plains;1
7793;211;104;208;land;false;hills;1
7794;236;135;225;land;false;plains;1
7795;203;238;232;land;false;plains;1
7796;248;135;196;land;false;forest;1
7797;215;237;117;land;false;hills;1
7798;177;251;253;land;true;plains;1
7799;251;188;95;land;true;jungle;1
7800;199;207;115;land;false;hills;1
7801;23;102;14;land;false;hills;1
7802;139;201;196;land;false;hills;1
7803;217;165;248;land;false;hills;1
7804;250;113;237;land;false;hills;1
7805;229;115;227;land;true;hills;1
7806;109;235;236;land;false;hills;1
7807;238;161;209;land;true;plains;1
7808;6;102;1;land;true;urban;1
7809;190;231;191;land;false;plains;1
7810;223;135;200;land;false;plains;1
7811;90;19;26;land;false;urban;1
7812;245;132;181;land;false;plains;1
7813;240;99;179;land;false;mountain;1
7814;231;38;237;land;true;forest;1
7815;236;98;172;land;true;plains;1
7816;3;94;50;land;true;urban;1
7817;69;51;3;land;false;plains;1
7818;168;110;241;land;true;plains;1
7819;201;126;190;land;false;plains;1
7820;194;197;154;land;false;plains;1
7821;216;105;248;land;true;hills;1
7822;6;87;26;land;false;urban;1
7823;155;250;97;land;false;forest;1
7824;244;223;88;land;false;mountain;1
7825;192;228;203;land;false;plains;1
7826;181;209;149;land;false;plains;1
7827;217;254;201;land;false;plains;1
7828;20;16;68;land;false;plains;1
7829;1;63;83;land;false;mountain;1
7830;244;207;81;land;false;hills;1
7831;184;219;186;land;true;hills;1
7832;18;43;60;land;false;urban;1
7833;98;199;236;land;false;desert;1
7834;147;161;214;land;false;plains;1
7835;223;249;158;land;false;plains;1
7836;248;222;74;land;false;mountain;1
7837;202;185;115;land;false;plains;1
7838;248;202;133;land;false;plains;1
7839;57;253;214;land;false;hills;1
7840;198;156;186;land;false;hills;1
7841;89;181;243;land;false;plains;1
7842;210;60;251;land;true;plains;1
7843;246;248;38;land;true;plains;1
7844;244;243;186;land;true;hills;1
7845;187;250;79;land;false;desert;1
7846;228;89;202;land;false;plains;1
7847;241;145;232;land;true;plains;1
7848;232;210;72;land;false;plains;1
7849;240;165;141;land;false;forest;1
7850;141;208;192;land;false;plains;1
7851;244;248;93;land;false;plains;1
7852;166;242;197;land;false;plains;1
7853;38;65;23;land;true;urban;1
7854;11;29;104;land;false;urban;1
7855;193;219;121;land;false;plains;1
7856;7;0;133;land;false;mountain;1
7857;11;58;80;land;false;mountain;1
7858;202;124;227;land;false;desert;1
7859;200;141;160;land;false;mountain;1
7860;174;230;131;land;true;plains;1
7861;188;223;194;land;false;plains;1
7862;175;214;135;land;false;plains;1
7863;207;244;178;land;false;plains;1
7864;169;250;163;land;false;plains;1
7865;177;219;252;land;false;plains;1
7866;219;189;170;land;false;plains;1
7867;53;242;210;land;false;hills;1
7868;86;41;197;land;false;forest;1
7869;224;112;182;land;false;mountain;1
7870;184;168;204;land;false;plains;1
7871;250;2;250;land;false;forest;1
7872;225;177;213;land;false;plains;1
7873;61;3;69;land;false;urban;1
7874;103;216;239;land;false;plains;1
7875;3;52;51;land;false;plains;1
7876;185;156;247;land;false;hills;1
7877;110;13;4;land;true;urban;1
7878;187;211;248;land;true;plains;1
7879;253;253;221;land;false;desert;1
7880;241;191;183;land;false;forest;1
7881;230;211;235;land;false;plains;1
7882;219;79;249;land;true;desert;1
7883;186;197;157;land;false;plains;1
7884;232;194;236;land;false;desert;1
7885;233;237;197;land;false;desert;1
7886;128;231;235;land;false;hills;1
7887;240;168;238;land;false;plains;1
7888;250;193;227;land;false;plains;1
7889;158;227;158;land;false;plains;1
7890;186;116;239;land;false;plains;1
7891;151;171;207;land;false;hills;1
7892;31;26;78;land;false;mountain;1
7893;87;36;22;land;false;mountain;1
7894;230;176;140;land;false;forest;1
7895;60;5;75;land;false;urban;1
7896;200;122;186;land;true;mountain;1
7897;230;148;212;land;false;plains;1
7898;187;215;118;land;false;plains;1
7899;241;172;229;land;false;desert;1
7900;248;116;183;land;false;plains;1
7901;182;181;214;land;true;plains;1
7902;130;245;212;land;false;hills;1
7903;224;137;229;land;false;forest;1
7904;171;175;246;land;false;hills;1
7905;248;197;140;land;false;forest;1
7906;251;168;225;land;false;plains;1
7907;155;161;220;land;true;hills;1
7908;178;200;222;land;false;plains;1
7909;236;233;235;land;false;hills;1
7910;236;211;226;land;true;mountain;1
7911;84;41;7;land;true;urban;1
7912;231;227;146;land;false;desert;1
7913;202;205;188;land;false;hills;1
7914;185;220;215;land;false;plains;1
7915;173;131;241;land;false;plains;1
7916;206;209;199;land;false;plains;1
7917;122;243;189;land;false;plains;1
7918;196;164;165;land;false;plains;1
7919;226;157;237;land;false;plains;1
7920;112;225;225;land;false;hills;1
7921;156;226;165;land;false;hills;1
7922;235;133;217;land;true;hills;1
7923;144;193;190;land;false;forest;1
7924;217;217;180;land;true;plains;1
7925;194;211;128;land;true;hills;1
7926;163;226;224;land;false;desert;1
7927;248;252;92;land;false;hills;1
7928;179;168;223;land;false;plains;1
7929;180;90;232;land;true;plains;1
7930;120;239;180;land;true;mountain;1
7931;254;229;21;land;false;mountain;1
7932;209;225;90;land;false;mountain;1
7933;13;24;98;land;false;mountain;1
7934;204;224;204;land;false;mountain;1
7935;254;201;237;land;false;mountain;1
7936;114;226;192;land;false;desert;1
7937;187;155;193;land;false;plains;1
7938;194;227;177;land;false;plains;1
7939;253;49;248;land;false;desert;1
7940;199;223;116;land;false;desert;1
7941;165;222;185;land;false;plains;1
7942;227;245;61;land;false;plains;1
7943;240;92;181;land;false;plains;1
7944;190;123;214;land;false;plains;1
7945;55;83;7;land;false;urban;1
7946;185;195;245;land;true;hills;1
7947;29;40;73;land;false;urban;1
7948;45;214;254;land;false;mountain;1
7949;119;176;226;land;false;plains;1
7950;153;172;242;land;false;plains;1
7951;110;238;215;land;false;plains;1
7952;162;250;212;land;false;plains;1
7953;199;220;117;land;false;desert;1
7954;149;125;229;land;false;plains;1
7955;99;2;14;land;false;urban;1
7956;161;123;220;land;false;plains;1
7957;231;215;227;land;false;plains;1
7958;214;165;122;land;true;hills;1
7959;196;135;213;land;true;hills;1
7960;250;228;185;land;true;forest;1
7961;31;43;38;land;false;urban;1
7962;250;234;59;land;false;mountain;1
7963;180;234;180;land;false;mountain;1
7964;82;241;205;land;false;plains;1
7965;246;115;195;land;false;plains;1
7966;222;149;229;land;true;plains;1
7967;175;141;189;land;true;plains;1
7968;238;158;138;land;false;hills;1
7969;78;214;230;land;false;mountain;1
7970;216;211;106;land;false;mountain;1
7971;155;204;183;land;false;plains;1
7972;150;175;205;land;false;plains;1
7973;7;27;83;land;false;urban;1
7974;234;76;191;land;false;plains;1
7975;185;242;234;land;false;plains;1
7976;207;188;143;land;false;forest;1
7977;192;240;91;land;false;plains;1
7978;45;10;49;land;false;urban;1
7979;166;182;191;land;false;hills;1
7980;220;155;169;land;true;hills;1
7981;214;131;202;land;false;plains;1
7982;214;166;187;land;false;desert;1
7983;99;27;22;land;false;urban;1
7984;11;48;67;land;false;urban;1
7985;170;203;168;land;true;plains;1
7986;17;250;244;land;false;plains;1
7987;60;250;216;land;true;plains;1
7988;218;161;209;land;false;plains;1
7989;137;214;166;land;false;plains;1
7990;135;216;193;land;false;hills;1
7991;57;2;81;land;false;mountain;1
7992;202;177;190;land;false;hills;1
7993;224;222;222;land;false;mountain;1
7994;107;205;240;land;false;mountain;1
7995;242;246;149;land;true;hills;1
7996;234;191;101;land;false;plains;1
7997;163;173;213;land;true;plains;1
7998;169;232;127;land;false;mountain;1
7999;235;167;190;land;false;mountain;1
8000;176;180;169;land;false;forest;1
8001;247;183;213;land;false;plains;1
8002;9;4;136;land;false;urban;1
8003;227;189;191;land;false;jungle;1
8004;18;65;39;land;false;plains;1
8005;160;193;244;land;false;mountain;1
8006;54;42;18;land;false;forest;1
8007;53;27;25;land;false;hills;1
8008;244;183;234;land;true;mountain;1
8009;99;233;236;land;false;plains;1
8010;208;221;159;land;false;plains;1
8011;229;241;88;land;false;plains;1
8012;252;126;158;land;false;plains;1
8013;214;130;173;land;true;plains;1
8014;196;181;173;land;false;plains;1
8015;241;157;135;land;false;plains;1
8016;247;190;138;land;false;mountain;1
8017;140;247;171;land;true;hills;1
8018;224;236;91;land;false;mountain;1
8019;172;229;142;land;true;mountain;1
8020;13;43;84;land;false;mountain;1
8021;215;216;106;land;true;mountain;1
8022;252;213;103;land;false;plains;1
8023;149;237;190;land;false;plains;1
8024;183;222;105;land;false;plains;1
8025;240;124;229;land;false;forest;1
8026;243;111;234;land;false;plains;1
8027;246;222;46;land;false;plains;1
8028;126;253;239;land;false;forest;1
8029;152;152;217;land;false;hills;1
8030;214;227;109;land;false;hills;1
8031;160;170;187;land;false;hills;1
8032;228;226;198;land;false;plains;1
8033;192;84;232;land;false;hills;1
8034;13;15;99;land;true;urban;1
8035;243;181;214;land;false;desert;1
8036;143;221;166;land;false;desert;1
8037;223;221;112;land;false;desert;1
8038;217;153;164;land;false;hills;1
8039;217;218;252;land;false;plains;1
8040;11;18;118;land;false;urban;1
8041;173;216;156;land;false;plains;1
8042;224;87;202;land;false;desert;1
8043;241;233;224;land;false;plains;1
8044;22;250;232;land;false;mountain;1
8045;232;233;228;land;false;mountain;1
8046;227;101;185;land;false;plains;1
8047;190;208;164;land;false;forest;1
8048;16;83;50;land;false;forest;1
8049;118;146;238;land;false;hills;1
8050;179;168;222;land;false;hills;1
8051;216;130;215;land;false;plains;1
8052;188;186;224;land;false;desert;1
8053;125;200;207;land;false;plains;1
8054;142;244;181;land;false;plains;1
8055;250;210;108;land;false;plains;1
8056;171;206;202;land;true;forest;1
8057;92;213;233;land;false;mountain;1
8058;228;207;111;land;false;plains;1
8059;239;242;201;land;false;plains;1
8060;120;11;12;land;false;plains;1
8061;240;227;40;land;true;plains;1
8062;69;251;237;land;false;mountain;1
8063;232;231;50;land;false;mountain;1
8064;166;202;252;land;false;plains;1
8065;254;182;86;land;false;mountain;1
8066;33;94;11;land;true;mountain;1
8067;152;251;237;land;true;plains;1
8068;196;163;245;land;false;mountain;1
8069;189;124;242;land;false;jungle;1
8070;248;187;193;land;false;mountain;1
8071;211;119;173;land;true;mountain;1
8072;208;230;137;land;false;forest;1
8073;200;194;245;land;false;plains;1
8074;103;203;203;land;true;mountain;1
8075;221;177;155;land;false;plains;1
8076;232;67;217;land;false;desert;1
8077;22;32;72;land;false;urban;1
8078;170;236;211;land;false;plains;1
8079;253;102;163;land;false;plains;1
8080;239;231;101;land;false;desert;1
8081;142;185;202;land;true;plains;1
8082;138;204;186;land;false;mountain;1
8083;241;207;134;land;false;plains;1
8084;206;89;225;land;false;plains;1
8085;55;18;36;land;false;plains;1
8086;184;161;174;land;false;plains;1
8087;10;0;125;land;true;urban;1
8088;173;237;172;land;false;plains;1
8089;111;208;230;land;false;mountain;1
8090;209;218;180;land;false;hills;1
8091;189;169;215;land;true;urban;1
8092;237;249;142;land;true;forest;1
8093;131;219;249;land;true;plains;1
8094;243;187;144;land;false;forest;1
8095;242;221;145;land;true;mountain;1
8096;149;176;213;land;true;hills;1
8097;227;227;165;land;false;hills;1
8098;242;233;182;land;false;marsh;1
8099;209;156;215;land;false;plains;1
8100;252;198;231;land;false;forest;1
8101;134;188;209;land;true;plains;1
8102;152;249;147;land;true;plains;1
8103;212;243;144;land;false;plains;1
8104;226;238;98;land;false;mountain;1
8105;37;252;213;land;false;hills;1
8106;199;208;122;land;false;desert;1
8107;239;220;224;land;false;plains;1
8108;56;54;7;land;false;mountain;1
8109;8;250;249;land;true;mountain;1
8110;240;207;247;land;true;mountain;1
8111;237;194;133;land;false;desert;1
8112;194;246;153;land;false;plains;1
8113;248;201;84;land;false;plains;1
8114;186;187;237;land;false;plains;1
8115;248;37;241;land;false;plains;1
8116;253;98;228;land;false;hills;1
8117;191;204;242;land;true;jungle;1
8118;247;184;83;land;false;forest;1
8119;97;238;249;land;false;hills;1
8120;173;147;237;land;false;hills;1
8121;200;243;242;land;false;mountain;1
8122;144;232;177;land;false;desert;1
8123;115;230;167;land;false;forest;1
8124;185;169;191;land;false;plains;1
8125;189;231;94;land;false;desert;1
8126;196;146;233;land;true;plains;1
8127;203;178;200;land;false;plains;1
8128;178;164;159;land;false;mountain;1
8129;212;251;199;land;false;hills;1
8130;201;238;171;land;false;plains;1
8131;198;247;175;land;false;mountain;1
8132;213;149;165;land;true;forest;1
8133;240;252;109;land;false;mountain;1
8134;119;22;0;land;false;plains;1
8135;233;233;123;land;false;plains;1
8136;234;152;194;land;false;plains;1
8137;251;249;206;land;true;plains;1
8138;124;228;241;land;false;hills;1
8139;167;213;221;land;false;plains;1
8140;174;204;192;land;false;forest;1
8141;240;236;35;land;false;plains;1
8142;223;206;127;land;true;plains;1
8143;187;129;187;land;true;plains;1
8144;252;130;131;land;true;forest;1
8145;222;206;79;land;false;jungle;1
8146;58;252;194;land;true;hills;1
8147;59;2;80;land;false;mountain;1
8148;176;236;242;land;false;plains;1
8149;235;182;104;land;false;marsh;1
8150;239;139;129;land;false;marsh;1
8151;199;212;185;land;false;plains;1
8152;159;220;224;land;false;plains;1
8153;212;209;202;land;false;forest;1
8154;230;92;231;land;false;plains;1
8155;151;213;148;land;false;plains;1
8156;253;147;124;land;false;plains;1
8157;168;228;125;land;false;mountain;1
8158;26;12;82;land;false;mountain;1
8159;46;16;81;land;true;forest;1
8160;238;119;145;land;true;hills;1
8161;253;134;128;land;false;hills;1
8162;160;252;188;land;false;plains;1
8163;79;12;43;land;false;plains;1
8164;186;191;220;land;false;plains;1
8165;173;240;176;land;false;desert;1
8166;203;179;138;land;false;plains;1
8167;141;228;226;land;false;hills;1
8168;169;210;179;land;false;hills;1
8169;223;120;231;land;true;forest;1
8170;174;251;196;land;true;forest;1
8171;253;83;179;land;false;jungle;1
8172;161;214;156;land;true;mountain;1
8173;113;225;245;land;false;forest;1
8174;214;249;164;land;false;marsh;1
8175;1;48;68;land;true;urban;1
8176;126;169;229;land;false;desert;1
8177;230;203;108;land;false;desert;1
8178;139;221;247;land;false;plains;1
8179;170;228;152;land;false;plains;1
8180;233;169;132;land;true;plains;1
8181;77;17;12;land;false;forest;1
8182;144;123;248;land;false;plains;1
8183;155;210;190;land;false;plains;1
8184;161;252;135;land;false;plains;1
8185;139;175;189;land;false;mountain;1
8186;122;189;254;land;false;mountain;1
8187;83;29;33;land;true;urban;1
8188;248;117;221;land;false;mountain;1
8189;243;218;164;land;false;forest;1
8190;198;220;237;land;false;hills;1
8191;62;6;80;land;false;urban;1
8192;65;248;198;land;false;plains;1
8193;249;227;36;land;false;desert;1
8194;195;130;184;land;false;plains;1
8195;153;194;249;land;true;plains;1
8196;224;237;41;land;true;plains;1
8197;244;160;184;land;false;plains;1
8198;232;82;224;land;true;plains;1
8199;232;251;58;land;false;forest;1
8200;254;92;164;land;false;plains;1
8201;225;137;175;land;false;hills;1
8202;159;246;170;land;false;desert;1
8203;245;213;93;land;false;forest;1
8204;246;178;223;land;true;hills;1
8205;173;239;176;land;true;plains;1
8206;208;200;215;land;false;plains;1
8207;143;146;243;land;false;desert;1
8208;120;246;251;land;true;hills;1
8209;230;245;42;land;false;desert;1
8210;157;236;192;land;false;desert;1
8211;126;188;212;land;false;marsh;1
8212;134;203;182;land;false;plains;1
8213;238;251;155;land;true;desert;1
8214;205;156;200;land;true;plains;1
8215;55;1;77;land;false;urban;1
8216;126;205;226;land;true;plains;1
8217;231;181;112;land;false;hills;1
8218;143;150;222;land;true;plains;1
8219;194;213;203;land;true;plains;1
8220;212;68;248;land;false;desert;1
8221;245;194;217;land;false;marsh;1
8222;52;240;236;land;false;plains;1
8223;114;8;1;land;true;urban;1
8224;238;172;145;land;false;plains;1
8225;211;204;104;land;false;plains;1
8226;201;214;225;land;false;plains;1
8227;226;249;180;land;true;hills;1
8228;121;205;211;land;false;mountain;1
8229;126;147;246;land;false;marsh;1
8230;109;164;254;land;false;plains;1
8231;144;214;173;land;false;plains;1
8232;242;253;218;land;false;plains;1
8233;188;136;240;land;false;mountain;1
8234;217;183;251;land;false;mountain;1
8235;43;8;75;land;false;urban;1
8236;124;214;199;land;false;hills;1
8237;242;227;160;land;false;hills;1
8238;235;154;115;land;false;forest;1
8239;223;156;203;land;true;forest;1
8240;201;166;134;land;true;forest;1
8241;241;220;68;land;true;mountain;1
8242;239;77;200;land;false;hills;1
8243;193;122;197;land;false;desert;1
8244;253;206;192;land;false;desert;1
8245;208;132;234;land;true;plains;1
8246;214;173;233;land;false;plains;1
8247;171;249;183;land;false;plains;1
8248;199;126;239;land;false;plains;1
8249;161;243;160;land;false;hills;1
8250;125;230;171;land;false;plains;1
8251;58;7;40;land;false;urban;1
8252;223;245;93;land;false;mountain;1
8253;137;241;164;land;false;hills;1
8254;213;209;196;land;true;mountain;1
8255;248;211;103;land;false;mountain;1
8256;254;186;118;land;true;mountain;1
8257;215;155;215;land;true;mountain;1
8258;247;82;221;land;false;hills;1
8259;225;233;190;land;false;forest;1
8260;194;168;196;land;false;plains;1
8261;172;231;147;land;false;plains;1
8262;205;122;221;land;false;plains;1
8263;250;198;93;land;false;plains;1
8264;235;53;234;land;false;plains;1
8265;136;169;250;land;false;plains;1
8266;14;10;110;land;false;hills;1
8267;225;243;184;land;false;hills;1
8268;137;235;139;land;false;plains;1
8269;207;191;239;land;false;hills;1
8270;113;246;168;land;true;plains;1
8271;232;160;148;land;false;plains;1
8272;59;19;56;land;false;urban;1
8273;166;152;193;land;true;forest;1
8274;175;237;158;land;false;mountain;1
8275;108;233;189;land;false;mountain;1
8276;23;97;20;land;true;urban;1
8277;113;240;221;land;true;forest;1
8278;242;157;107;land;true;plains;1
8279;238;196;235;land;true;forest;1
8280;241;221;201;land;false;plains;1
8281;94;193;221;land;false;plains;1
8282;130;233;184;land;false;forest;1
8283;221;226;94;land;false;hills;1
8284;254;190;210;land;false;forest;1
8285;168;223;246;land;false;plains;1
8286;189;195;189;land;false;hills;1
8287;240;126;135;land;false;plains;1
8288;120;15;3;land;true;urban;1
8289;224;209;102;land;false;desert;1
8290;196;248;254;land;false;forest;1
8291;188;152;180;land;false;desert;1
8292;42;220;251;land;true;plains;1
8293;13;12;122;land;true;urban;1
8294;149;185;185;land;false;forest;1
8295;208;243;156;land;false;plains;1
8296;229;220;71;land;false;plains;1
8297;89;223;233;land;false;plains;1
8298;244;188;84;land;true;hills;1
8299;243;232;32;land;true;marsh;1
8300;151;239;167;land;false;forest;1
8301;208;69;225;land;true;mountain;1
8302;203;192;114;land;false;hills;1
8303;240;25;253;land;false;plains;1
8304;175;191;206;land;false;plains;1
8305;210;246;220;land;false;plains;1
8306;155;163;222;land;false;plains;1
8307;120;241;161;land;false;mountain;1
8308;210;243;157;land;false;plains;1
8309;225;245;82;land;false;hills;1
8310;208;196;230;land;false;mountain;1
8311;249;211;77;land;false;mountain;1
8312;54;49;29;land;false;urban;1
8313;121;208;212;land;false;jungle;1
8314;215;225;252;land;true;jungle;1
8315;253;254;31;land;false;forest;1
8316;122;242;183;land;false;mountain;1
8317;179;249;112;land;false;forest;1
8318;221;68;228;land;true;plains;1
8319;182;228;110;land;false;forest;1
8320;161;221;125;land;false;plains;1
8321;99;202;227;land;false;desert;1
8322;225;86;250;land;true;desert;1
8323;241;227;182;land;false;plains;1
8324;131;161;242;land;true;plains;1
8325;55;74;6;land;false;hills;1
8326;108;208;190;land;false;mountain;1
8327;158;161;186;land;false;plains;1
8328;186;209;192;land;false;plains;1
8329;190;245;73;land;false;plains;1
8330;141;231;136;land;false;hills;1
8331;161;142;241;land;false;plains;1
8332;223;246;110;land;true;desert;1
8333;223;174;177;land;false;plains;1
8334;11;57;62;land;false;urban;1
8335;244;97;216;land;true;hills;1
8336;246;243;206;land;false;jungle;1
8337;158;241;231;land;true;plains;1
8338;186;188;180;land;false;forest;1
8339;118;11;20;land;true;urban;1
8340;159;193;251;land;false;forest;1
8341;7;18;97;land;false;urban;1
8342;61;212;244;land;false;desert;1
8343;226;92;230;land;false;marsh;1
8344;8;72;39;land;false;plains;1
8345;253;102;211;land;false;desert;1
8346;173;188;239;land;false;plains;1
8347;253;67;229;land;false;desert;1
8348;245;207;60;land;true;plains;1
8349;245;124;174;land;true;plains;1
8350;253;85;251;land;true;plains;1
8351;158;235;179;land;true;plains;1
8352;194;191;161;land;false;forest;1
8353;70;232;244;land;true;mountain;1
8354;100;251;150;land;false;hills;1
8355;219;223;85;land;false;hills;1
8356;246;121;224;land;true;plains;1
8357;49;237;247;land;false;jungle;1
8358;24;29;79;land;false;plains;1
8359;199;248;107;land;false;hills;1
8360;120;7;16;land;true;urban;1
8361;242;70;242;land;true;hills;1
8362;127;194;196;land;true;hills;1
8363;137;175;211;land;false;plains;1
8364;191;253;223;land;false;desert;1
8365;234;210;219;land;false;plains;1
8366;211;155;184;land;false;desert;1
8367;215;126;176;land;false;plains;1
8368;210;136;196;land;true;plains;1
8369;190;139;209;land;false;plains;1
8370;55;26;49;land;true;urban;1
8371;100;234;187;land;false;mountain;1
8372;229;64;212;land;false;hills;1
8373;191;187;156;land;false;forest;1
8374;117;246;238;land;false;hills;1
8375;13;9;119;land;false;urban;1
8376;195;224;250;land;false;plains;1
8377;224;188;100;land;false;plains;1
8378;187;138;208;land;false;plains;1
8379;232;252;23;land;false;plains;1
8380;231;233;87;land;true;plains;1
8381;197;194;247;land;false;plains;1
8382;246;219;199;land;false;plains;1
8383;175;96;236;land;false;plains;1
8384;119;218;172;land;false;hills;1
8385;156;252;156;land;false;jungle;1
8386;198;235;202;land;true;jungle;1
8387;167;108;249;land;true;marsh;1
8388;230;68;247;land;false;mountain;1
8389;145;235;231;land;false;hills;1
8390;168;223;226;land;false;plains;1
8391;37;76;4;land;false;mountain;1
8392;100;9;34;land;false;hills;1
8393;223;77;249;land;false;mountain;1
8394;209;230;123;land;false;forest;1
8395;252;196;205;land;false;desert;1
8396;237;142;149;land;false;marsh;1
8397;251;38;237;land;false;plains;1
8398;209;243;198;land;false;plains;1
8399;230;210;245;land;false;plains;1
8400;237;185;99;land;false;hills;1
8401;131;186;218;land;false;forest;1
8402;240;252;175;land;false;forest;1
8403;204;166;152;land;false;hills;1
8404;108;17;5;land;false;urban;1
8405;244;96;172;land;false;plains;1
8406;170;112;224;land;true;mountain;1
8407;178;134;206;land;false;desert;1
8408;180;158;207;land;false;plains;1
8409;239;172;146;land;false;plains;1
8410;223;136;247;land;false;plains;1
8411;220;210;82;land;false;plains;1
8412;231;192;99;land;false;plains;1
8413;241;250;186;land;true;plains;1
8414;43;250;238;land;false;mountain;1
8415;213;130;222;land;false;hills;1
8416;209;240;118;land;false;mountain;1
8417;165;209;180;land;false;plains;1
8418;183;254;144;land;false;plains;1
8419;248;181;197;land;false;hills;1
8420;210;63;247;land;true;marsh;1
8421;218;253;53;land;true;forest;1
8422;229;197;81;land;false;forest;1
8423;220;149;150;land;false;mountain;1
8424;232;112;190;land;false;forest;1
8425;240;203;161;land;false;desert;1
8426;234;210;89;land;false;desert;1
8427;181;115;224;land;false;desert;1
8428;220;95;230;land;false;desert;1
8429;100;175;245;land;false;plains;1
8430;133;253;132;land;false;plains;1
8431;38;60;48;land;false;forest;1
8432;248;215;207;land;true;mountain;1
8433;214;190;136;land;true;hills;1
8434;24;39;83;land;false;urban;1
8435;251;107;187;land;false;forest;1
8436;5;8;129;land;false;mountain;1
8437;219;135;238;land;false;mountain;1
8438;203;221;112;land;false;plains;1
8439;213;248;135;land;true;plains;1
8440;213;178;227;land;false;mountain;1
8441;232;242;37;land;false;plains;1
8442;187;180;239;land;false;desert;1
8443;188;249;119;land;true;plains;1
8444;78;200;247;land;false;plains;1
8445;151;170;194;land;true;plains;1
8446;189;166;148;land;false;plains;1
8447;208;164;230;land;false;plains;1
8448;190;219;130;land;false;mountain;1
8449;245;252;97;land;false;forest;1
8450;250;163;246;land;false;plains;1
8451;156;225;180;land;false;plains;1
8452;208;244;55;land;false;plains;1
8453;202;185;223;land;false;hills;1
8454;214;131;156;land;false;hills;1
8455;224;250;182;land;false;hills;1
8456;163;250;132;land;true;jungle;1
8457;3;89;53;land;true;urban;1
8458;212;88;250;land;false;mountain;1
8459;220;175;126;land;true;plains;1
8460;246;248;172;land;false;plains;1
8461;150;227;246;land;false;plains;1
8462;221;140;165;land;false;plains;1
8463;209;145;150;land;false;plains;1
8464;225;249;46;land;false;mountain;1
8465;167;216;138;land;true;jungle;1
8466;151;217;248;land;false;jungle;1
8467;5;99;25;land;false;forest;1
8468;195;145;214;land;false;forest;1
8469;180;208;218;land;false;forest;1
8470;187;247;224;land;false;plains;1
8471;57;234;226;land;false;plains;1
8472;253;184;70;land;false;plains;1
8473;150;205;224;land;false;plains;1
8474;212;198;145;land;false;desert;1
8475;210;129;222;land;false;plains;1
8476;216;109;229;land;false;hills;1
8477;228;183;150;land;false;mountain;1
8478;54;32;51;land;true;urban;1
8479;242;145;121;land;true;forest;1
8480;175;116;236;land;false;forest;1
8481;246;164;125;land;false;hills;1
8482;105;221;179;land;false;plains;1
8483;126;190;206;land;false;plains;1
8484;214;116;178;land;false;desert;1
8485;232;243;244;land;false;desert;1
8486;250;166;166;land;false;plains;1
8487;217;160;233;land;true;plains;1
8488;174;159;169;land;true;plains;1
8489;105;223;244;land;false;plains;1
8490;217;61;230;land;true;plains;1
8491;149;163;252;land;false;hills;1
8492;198;188;166;land;false;plains;1
8493;194;157;180;land;false;plains;1
8494;24;9;76;land;false;urban;1
8495;157;203;236;land;false;jungle;1
8496;210;249;62;land;false;forest;1
8497;52;26;27;land;false;urban;1
8498;152;176;180;land;true;hills;1
8499;235;155;241;land;false;plains;1
8500;246;208;81;land;false;hills;1
8501;112;207;200;land;false;hills;1
8502;100;230;203;land;false;desert;1
8503;205;227;211;land;false;plains;1
8504;254;253;96;land;false;desert;1
8505;223;165;158;land;false;desert;1
8506;199;209;244;land;false;plains;1
8507;170;154;202;land;false;plains;1
8508;13;120;14;land;false;urban;1
8509;154;225;135;land;false;hills;1
8510;202;105;201;land;false;forest;1
8511;194;210;220;land;false;mountain;1
8512;242;145;118;land;false;forest;1
8513;85;193;235;land;false;plains;1
8514;192;176;221;land;false;hills;1
8515;180;239;111;land;false;plains;1
8516;106;1;28;land;false;urban;1
8517;236;186;107;land;true;jungle;1
8518;130;180;231;land;false;forest;1
8519;214;173;226;land;true;plains;1
8520;23;93;5;land;true;urban;1
8521;182;231;166;land;false;mountain;1
8522;209;85;209;land;false;mountain;1
8523;209;208;248;land;false;desert;1
8524;9;48;49;land;false;urban;1
8525;201;131;218;land;false;plains;1
8526;221;199;202;land;false;plains;1
8527;247;175;249;land;false;hills;1
8528;189;161;200;land;false;plains;1
8529;153;144;232;land;false;desert;1
8530;200;226;152;land;false;plains;1
8531;213;243;254;land;true;forest;1
8532;55;243;214;land;true;forest;1
8533;212;208;241;land;false;mountain;1
8534;202;173;250;land;false;desert;1
8535;196;183;236;land;true;hills;1
8536;234;159;228;land;false;mountain;1
8537;243;60;242;land;false;forest;1
8538;215;239;224;land;false;plains;1
8539;222;183;188;land;false;desert;1
8540;243;221;58;land;false;plains;1
8541;211;164;239;land;false;plains;1
8542;246;237;176;land;false;mountain;1
8543;103;212;213;land;false;plains;1
8544;191;168;152;land;false;plains;1
8545;237;111;189;land;false;hills;1
8546;230;92;225;land;false;plains;1
8547;186;116;222;land;false;plains;1
8548;250;248;223;land;true;plains;1
8549;60;223;242;land;true;forest;1
8550;248;155;240;land;true;plains;1
8551;251;77;173;land;false;forest;1
8552;162;141;251;land;false;forest;1
8553;85;209;237;land;false;plains;1
8554;167;210;186;land;true;plains;1
8555;243;247;194;land;false;hills;1
8556;154;254;104;land;false;plains;1
8557;162;251;93;land;false;forest;1
8558;197;186;165;land;false;plains;1
8559;218;243;193;land;true;plains;1
8560;198;223;177;land;false;plains;1
8561;139;149;247;land;true;mountain;1
8562;83;199;231;land;false;plains;1
8563;169;148;194;land;false;plains;1
8564;242;229;110;land;false;hills;1
8565;16;60;50;land;false;urban;1
8566;183;217;125;land;false;forest;1
8567;241;229;253;land;false;plains;1
8568;92;202;210;land;false;plains;1
8569;202;151;158;land;false;plains;1
8570;62;249;243;land;false;plains;1
8571;249;223;135;land;false;plains;1
8572;51;76;14;land;false;urban;1
8573;129;181;248;land;false;hills;1
8574;221;142;149;land;false;hills;1
8575;192;205;165;land;false;desert;1
8576;247;203;106;land;false;jungle;1
8577;171;215;137;land;true;jungle;1
8578;20;34;65;land;true;urban;1
8579;218;188;140;land;true;forest;1
8580;207;172;139;land;true;plains;1
8581;207;90;236;land;false;forest;1
8582;233;208;227;land;false;desert;1
8583;188;240;211;land;false;plains;1
8584;198;223;250;land;false;plains;1
8585;173;240;207;land;false;hills;1
8586;146;229;194;land;false;plains;1
8587;128;165;238;land;false;plains;1
8588;220;232;143;land;false;hills;1
8589;220;225;94;land;false;mountain;1
8590;7;81;58;land;false;hills;1
8591;253;16;240;land;false;desert;1
8592;249;210;86;land;false;plains;1
8593;234;211;218;land;false;plains;1
8594;211;162;245;land;false;plains;1
8595;243;220;182;land;true;desert;1
8596;226;178;192;land;true;desert;1
8597;237;191;236;land;false;plains;1
8598;202;230;165;land;false;hills;1
8599;208;113;234;land;false;forest;1
8600;180;128;229;land;false;hills;1
8601;253;227;27;land;false;hills;1
8602;217;156;202;land;false;hills;1
8603;238;211;208;land;true;hills;1
8604;169;243;126;land;false;forest;1
8605;194;134;210;land;false;forest;1
8606;214;122;237;land;false;forest;1
8607;7;132;6;land;false;forest;1
8608;245;168;126;land;false;mountain;1
8609;12;93;16;land;false;mountain;1
8610;149;145;231;land;false;plains;1
8611;222;189;106;land;false;desert;1
8612;250;217;85;land;false;plains;1
8613;201;224;78;land;false;plains;1
8614;229;206;148;land;false;plains;1
8615;252;186;136;land;true;desert;1
8616;228;90;202;land;false;plains;1
8617;228;237;59;land;false;plains;1
8618;253;129;184;land;false;plains;1
8619;230;87;194;land;false;plains;1
8620;190;206;113;land;false;mountain;1
8621;254;205;49;land;false;hills;1
8622;22;33;93;land;false;urban;1
8623;228;208;194;land;true;plains;1
8624;199;209;136;land;false;mountain;1
8625;216;118;215;land;false;plains;1
8626;171;234;202;land;false;plains;1
8627;89;202;249;land;true;plains;1
8628;177;190;181;land;true;plains;1
8629;247;229;114;land;true;desert;1
8630;220;199;189;land;false;plains;1
8631;238;151;140;land;false;plains;1
8632;102;225;214;land;false;plains;1
8633;201;103;221;land;false;forest;1
8634;227;157;141;land;false;mountain;1
8635;144;208;162;land;false;plains;1
8636;238;232;33;land;true;jungle;1
8637;174;218;246;land;false;forest;1
8638;193;237;135;land;false;forest;1
8639;103;253;180;land;false;hills;1
8640;223;141;207;land;false;mountain;1
8641;254;230;208;land;false;mountain;1
8642;16;94;3;land;false;mountain;1
8643;222;125;230;land;false;plains;1
8644;196;176;169;land;false;desert;1
8645;236;236;110;land;false;plains;1
8646;254;156;189;land;false;plains;1
8647;218;249;192;land;false;plains;1
8648;32;42;50;land;false;hills;1
8649;244;53;222;land;false;forest;1
8650;34;3;90;land;false;urban;1
8651;249;236;135;land;false;plains;1
8652;222;213;72;land;false;hills;1
8653;223;101;178;land;false;plains;1
8654;149;157;216;land;false;plains;1
8655;237;163;211;land;false;hills;1
8656;214;163;206;land;false;plains;1
8657;6;20;103;land;false;urban;1
8658;3;69;77;land;false;urban;1
8659;226;248;145;land;false;plains;1
8660;155;114;238;land;false;plains;1
8661;22;252;240;land;false;hills;1
8662;199;222;220;land;true;mountain;1
8663;174;225;226;land;true;hills;1
8664;224;234;56;land;false;mountain;1
8665;116;199;203;land;false;mountain;1
8666;69;3;63;land;false;urban;1
8667;122;208;200;land;true;hills;1
8668;160;152;223;land;false;plains;1
8669;237;242;164;land;true;plains;1
8670;197;161;166;land;false;forest;1
8671;201;159;239;land;false;plains;1
8672;232;242;183;land;false;plains;1
8673;232;179;122;land;false;hills;1
8674;227;225;87;land;false;desert;1
8675;200;177;253;land;false;jungle;1
8676;246;229;45;land;false;jungle;1
8677;200;113;198;land;false;forest;1
8678;254;99;157;land;false;forest;1
8679;201;177;127;land;true;mountain;1
8680;243;253;171;land;false;mountain;1
8681;178;172;192;land;false;plains;1
8682;144;179;246;land;false;plains;1
8683;201;71;253;land;false;plains;1
8684;238;177;196;land;false;plains;1
8685;202;251;164;land;false;plains;1
8686;136;203;190;land;false;desert;1
8687;196;190;227;land;false;plains;1
8688;218;118;188;land;false;plains;1
8689;137;156;220;land;false;mountain;1
8690;175;153;211;land;false;forest;1
8691;244;228;122;land;false;plains;1
8692;14;66;64;land;true;urban;1
8693;36;34;54;land;false;urban;1
8694;152;244;139;land;false;mountain;1
8695;44;55;33;land;true;urban;1
8696;240;231;47;land;false;jungle;1
8697;178;242;86;land;true;forest;1
8698;221;240;212;land;true;forest;1
8699;221;161;233;land;false;plains;1
8700;200;244;74;land;false;mountain;1
8701;32;52;55;land;false;urban;1
8702;253;176;153;land;false;desert;1
8703;153;189;227;land;false;desert;1
8704;47;224;235;land;false;plains;1
8705;166;216;159;land;false;plains;1
8706;223;167;252;land;false;plains;1
8707;176;156;245;land;false;plains;1
8708;96;235;252;land;false;plains;1
8709;215;242;121;land;false;plains;1
8710;244;189;154;land;false;plains;1
8711;217;217;164;land;false;hills;1
8712;225;191;109;land;false;plains;1
8713;119;159;235;land;false;plains;1
8714;185;204;161;land;false;plains;1
8715;140;194;254;land;false;plains;1
8716;49;46;21;land;false;urban;1
8717;168;187;210;land;true;jungle;1
8718;235;226;251;land;false;forest;1
8719;185;167;248;land;false;mountain;1
8720;209;208;100;land;false;forest;1
8721;143;184;198;land;false;mountain;1
8722;242;147;176;land;false;desert;1
8723;253;117;188;land;true;desert;1
8724;59;44;28;land;true;urban;1
8725;240;174;208;land;false;plains;1
8726;139;239;151;land;false;hills;1
8727;198;181;253;land;false;forest;1
8728;92;232;248;land;false;mountain;1
8729;166;204;202;land;false;hills;1
8730;15;41;52;land;false;urban;1
8731;188;111;254;land;false;forest;1
8732;40;73;30;land;true;urban;1
8733;252;26;250;land;true;plains;1
8734;121;210;243;land;false;mountain;1
8735;233;185;187;land;false;plains;1
8736;237;226;196;land;false;desert;1
8737;79;218;228;land;false;hills;1
8738;7;30;96;land;false;plains;1
8739;194;232;227;land;false;plains;1
8740;43;48;41;land;false;urban;1
8741;105;228;223;land;false;plains;1
8742;176;193;181;land;false;plains;1
8743;215;182;140;land;false;plains;1
8744;235;184;113;land;true;plains;1
8745;56;11;34;land;false;urban;1
8746;175;180;228;land;false;plains;1
8747;223;203;144;land;false;forest;1
8748;216;229;154;land;false;plains;1
8749;249;128;164;land;false;plains;1
8750;205;252;135;land;false;plains;1
8751;218;136;204;land;true;hills;1
8752;188;202;125;land;true;forest;1
8753;190;173;251;land;false;jungle;1
8754;107;222;218;land;true;jungle;1
8755;196;165;196;land;true;plains;1
8756;251;149;128;land;true;plains;1
8757;119;249;135;land;false;mountain;1
8758;226;217;247;land;false;hills;1
8759;186;235;130;land;false;plains;1
8760;248;160;203;land;true;plains;1
8761;254;250;130;land;false;hills;1
8762;142;224;227;land;false;forest;1
8763;50;55;44;land;false;urban;1
8764;188;232;118;land;false;plains;1
8765;179;130;204;land;false;mountain;1
8766;232;113;181;land;true;jungle;1
8767;32;85;26;land;true;urban;1
8768;26;83;36;land;true;urban;1
8769;250;197;143;land;false;plains;1
8770;216;198;89;land;false;hills;1
8771;250;117;146;land;false;hills;1
8772;214;166;225;land;false;hills;1
8773;209;139;157;land;false;hills;1
8774;193;218;156;land;false;forest;1
8775;219;117;199;land;false;desert;1
8776;208;182;206;land;false;desert;1
8777;226;239;139;land;false;desert;1
8778;61;250;230;land;false;plains;1
8779;99;226;253;land;true;mountain;1
8780;246;124;144;land;false;plains;1
8781;229;235;140;land;false;hills;1
8782;22;6;94;land;false;urban;1
8783;82;186;246;land;false;mountain;1
8784;44;27;46;land;false;urban;1
8785;3;79;28;land;true;urban;1
8786;175;235;137;land;true;forest;1
8787;248;60;208;land;false;mountain;1
8788;66;51;13;land;false;plains;1
8789;210;147;184;land;false;plains;1
8790;220;221;145;land;true;desert;1
8791;240;187;231;land;false;plains;1
8792;171;157;242;land;false;plains;1
8793;145;195;178;land;false;forest;1
8794;124;234;230;land;false;hills;1
8795;241;184;188;land;false;forest;1
8796;152;197;166;land;false;plains;1
8797;230;229;51;land;false;hills;1
8798;203;205;182;land;false;plains;1
8799;206;206;153;land;false;forest;1
8800;137;245;145;land;false;mountain;1
8801;246;119;215;land;false;plains;1
8802;27;254;233;land;false;plains;1
8803;189;122;232;land;true;plains;1
8804;226;235;194;land;false;hills;1
8805;185;245;108;land;false;hills;1
8806;39;15;83;land;false;urban;1
8807;6;48;61;land;false;urban;1
8808;205;242;185;land;false;plains;1
8809;236;83;183;land;true;desert;1
8810;192;244;244;land;false;plains;1
8811;152;223;131;land;false;plains;1
8812;213;179;117;land;false;plains;1
8813;192;241;213;land;false;forest;1
8814;144;166;212;land;false;plains;1
8815;238;162;248;land;false;plains;1
8816;246;215;244;land;true;plains;1
8817;185;127;220;land;false;plains;1
8818;123;233;215;land;false;plains;1
8819;95;44;10;land;false;urban;1
8820;123;254;248;land;false;mountain;1
8821;155;229;178;land;false;forest;1
8822;186;239;205;land;true;hills;1
8823;251;151;184;land;false;hills;1
8824;195;121;220;land;false;plains;1
8825;253;93;166;land;false;desert;1
8826;114;1;0;land;false;urban;1
8827;253;186;221;land;false;plains;1
8828;135;238;164;land;false;desert;1
8829;187;78;237;land;false;plains;1
8830;200;204;229;land;true;plains;1
8831;74;253;213;land;true;plains;1
8832;169;248;112;land;true;plains;1
8833;187;215;103;land;false;plains;1
8834;103;168;251;land;true;plains;1
8835;45;217;243;land;false;mountain;1
8836;198;149;169;land;false;plains;1
8837;226;202;179;land;false;desert;1
8838;67;215;226;land;false;plains;1
8839;192;218;171;land;false;plains;1
8840;215;107;240;land;false;desert;1
8841;75;17;13;land;false;urban;1
8842;235;142;141;land;false;hills;1
8843;248;203;56;land;false;plains;1
8844;222;144;224;land;false;hills;1
8845;254;65;215;land;false;plains;1
8846;222;175;244;land;false;hills;1
8847;134;1;7;land;false;urban;1
8848;187;122;202;land;false;mountain;1
8849;134;250;137;land;false;mountain;1
8850;195;205;231;land;false;jungle;1
8851;238;160;155;land;true;mountain;1
8852;117;195;210;land;false;forest;1
8853;243;152;238;land;false;mountain;1
8854;169;214;136;land;false;hills;1
8855;140;214;224;land;false;plains;1
8856;118;242;160;land;false;plains;1
8857;195;199;206;land;false;desert;1
8858;184;233;97;land;false;plains;1
8859;194;175;212;land;false;desert;1
8860;168;236;108;land;false;plains;1
8861;247;216;91;land;false;plains;1
8862;251;222;76;land;false;plains;1
8863;172;175;162;land;false;plains;1
8864;232;227;135;land;false;plains;1
8865;254;155;170;land;false;plains;1
8866;159;175;189;land;false;hills;1
8867;229;103;205;land;false;hills;1
8868;22;249;254;land;false;plains;1
8869;240;179;116;land;false;hills;1
8870;250;226;223;land;true;hills;1
8871;66;233;251;land;true;plains;1
8872;122;179;218;land;false;hills;1
8873;203;187;195;land;false;plains;1
8874;221;253;164;land;false;desert;1
8875;222;240;101;land;true;plains;1
8876;38;41;40;land;true;urban;1
8877;179;162;188;land;true;desert;1
8878;159;238;161;land;false;plains;1
8879;221;166;187;land;false;plains;1
8880;223;180;193;land;false;plains;1
8881;162;249;253;land;false;plains;1
8882;222;92;219;land;false;mountain;1
8883;195;246;184;land;false;mountain;1
8884;161;241;118;land;false;hills;1
8885;177;116;235;land;false;plains;1
8886;210;166;224;land;false;plains;1
8887;61;206;252;land;false;plains;1
8888;214;215;181;land;false;plains;1
8889;81;223;248;land;false;mountain;1
8890;250;97;155;land;false;desert;1
8891;131;218;241;land;false;plains;1
8892;51;33;30;land;false;plains;1
8893;29;18;74;land;false;plains;1
8894;109;232;186;land;true;plains;1
8895;92;249;234;land;false;plains;1
8896;179;149;252;land;false;plains;1
8897;240;247;173;land;true;plains;1
8898;150;206;228;land;false;plains;1
8899;214;233;248;land;false;plains;1
8900;215;147;181;land;false;plains;1
8901;131;248;131;land;false;hills;1
8902;223;82;214;land;false;hills;1
8903;5;23;110;land;false;urban;1
8904;233;207;193;land;false;mountain;1
8905;250;190;124;land;false;forest;1
8906;233;173;176;land;false;plains;1
8907;198;248;67;land;false;plains;1
8908;226;165;239;land;false;plains;1
8909;251;185;241;land;false;plains;1
8910;146;250;146;land;false;plains;1
8911;220;110;238;land;false;plains;1
8912;251;24;250;land;false;plains;1
8913;210;124;175;land;false;forest;1
8914;99;16;7;land;false;forest;1
8915;220;200;89;land;false;forest;1
8916;186;144;252;land;false;plains;1
8917;208;169;130;land;true;jungle;1
8918;238;150;134;land;false;plains;1
8919;145;212;217;land;true;plains;1
8920;235;148;231;land;false;hills;1
8921;245;75;208;land;false;plains;1
8922;119;253;179;land;false;plains;1
8923;245;245;154;land;false;desert;1
8924;234;96;251;land;false;desert;1
8925;238;155;228;land;false;plains;1
8926;248;57;237;land;false;plains;1
8927;173;248;248;land;false;plains;1
8928;100;173;245;land;false;plains;1
8929;202;241;138;land;false;plains;1
8930;49;213;249;land;false;hills;1
8931;106;254;174;land;false;forest;1
8932;235;129;220;land;false;forest;1
8933;243;157;121;land;false;hills;1
8934;156;244;134;land;false;hills;1
8935;146;167;222;land;true;hills;1
8936;80;251;189;land;false;mountain;1
8937;232;197;187;land;true;jungle;1
8938;154;200;156;land;false;plains;1
8939;27;77;7;land;false;urban;1
8940;157;226;236;land;false;plains;1
8941;242;134;232;land;false;plains;1
8942;245;204;123;land;false;plains;1
8943;125;240;157;land;false;plains;1
8944;253;122;221;land;false;plains;1
8945;211;230;235;land;true;desert;1
8946;143;220;252;land;false;plains;1
8947;229;203;204;land;false;plains;1
8948;176;228;203;land;false;plains;1
8949;179;210;200;land;false;mountain;1
8950;221;207;73;land;false;mountain;1
8951;82;251;195;land;false;hills;1
8952;123;201;192;land;false;hills;1
8953;171;232;131;land;false;plains;1
8954;188;214;202;land;false;plains;1
8955;203;86;233;land;false;hills;1
8956;227;136;161;land;true;forest;1
8957;254;155;116;land;false;forest;1
8958;183;150;244;land;false;plains;1
8959;237;227;208;land;true;jungle;1
8960;199;167;238;land;false;forest;1
8961;197;254;135;land;false;hills;1
8962;141;187;181;land;false;hills;1
8963;182;210;254;land;false;mountain;1
8964;132;252;191;land;false;desert;1
8965;56;24;59;land;false;plains;1
8966;192;243;158;land;false;plains;1
8967;36;75;35;land;false;plains;1
8968;130;179;210;land;false;plains;1
8969;24;16;97;land;true;urban;1
8970;150;219;136;land;false;desert;1
8971;254;102;197;land;false;plains;1
8972;140;195;181;land;false;plains;1
8973;177;122;240;land;false;plains;1
8974;143;230;198;land;true;plains;1
8975;253;177;190;land;false;forest;1
8976;228;171;239;land;false;mountain;1
8977;163;246;115;land;false;forest;1
8978;154;231;126;land;false;hills;1
8979;101;231;249;land;false;plains;1
8980;220;90;254;land;false;plains;1
8981;94;14;18;land;false;urban;1
8982;171;249;113;land;false;plains;1
8983;249;42;238;land;false;plains;1
8984;192;204;211;land;false;hills;1
8985;170;198;206;land;false;forest;1
8986;1;110;19;land;false;desert;1
8987;224;152;250;land;false;jungle;1
8988;159;222;195;land;true;forest;1
8989;24;37;55;land;false;forest;1
8990;184;252;94;land;false;plains;1
8991;13;79;46;land;false;urban;1
8992;232;48;223;land;false;hills;1
8993;118;206;218;land;false;desert;1
8994;194;174;177;land;false;plains;1
8995;49;60;37;land;false;urban;1
8996;94;39;13;land;false;urban;1
8997;40;62;0;land;false;urban;1
8998;27;73;1;land;true;urban;1
8999;217;90;224;land;false;desert;1
9000;196;249;128;land;false;plains;1
9001;206;165;197;land;false;hills;1
9002;217;126;217;land;false;hills;1
9003;55;51;28;land;true;urban;1
9004;24;54;51;land;false;urban;1
9005;226;178;221;land;true;forest;1
9006;252;108;220;land;true;mountain;1
9007;89;22;27;land;true;urban;1
9008;113;200;226;land;true;plains;1
9009;63;18;62;land;false;plains;1
9010;231;212;86;land;false;plains;1
9011;200;165;249;land;false;plains;1
9012;166;229;125;land;true;mountain;1
9013;221;219;111;land;false;plains;1
9014;211;239;123;land;true;plains;1
9015;198;201;122;land;true;plains;1
9016;224;128;163;land;false;plains;1
9017;97;222;223;land;false;mountain;1
9018;27;27;93;land;false;urban;1
9019;67;51;9;land;false;urban;1
9020;229;192;192;land;false;forest;1
9021;192;244;172;land;false;mountain;1
9022;151;124;244;land;false;mountain;1
9023;175;246;120;land;false;hills;1
9024;179;95;237;land;false;plains;1
9025;166;201;231;land;false;plains;1
9026;30;7;109;land;false;urban;1
9027;231;240;155;land;false;plains;1
9028;225;247;77;land;false;plains;1
9029;237;193;180;land;false;forest;1
9030;83;192;234;land;false;forest;1
9031;13;56;34;land;false;urban;1
9032;149;252;221;land;true;plains;1
9033;224;245;146;land;false;plains;1
9034;109;158;237;land;false;plains;1
9035;193;240;215;land;false;plains;1
9036;200;198;221;land;false;hills;1
9037;199;133;234;land;false;plains;1
9038;212;243;181;land;false;hills;1
9039;156;197;207;land;false;plains;1
9040;175;192;207;land;false;plains;1
9041;218;197;209;land;false;plains;1
9042;204;77;229;land;false;plains;1
9043;247;228;203;land;false;plains;1
9044;214;235;75;land;false;plains;1
9045;234;136;188;land;false;plains;1
9046;238;164;248;land;false;hills;1
9047;201;119;238;land;false;forest;1
9048;202;175;251;land;false;forest;1
9049;253;122;137;land;false;hills;1
9050;234;188;217;land;false;mountain;1
9051;251;72;183;land;false;desert;1
9052;143;163;210;land;true;hills;1
9053;189;236;188;land;false;hills;1
9054;175;217;168;land;false;plains;1
9055;40;2;86;land;false;urban;1
9056;123;208;195;land;false;plains;1
9057;244;208;240;land;true;plains;1
9058;91;206;212;land;true;hills;1
9059;240;143;167;land;false;mountain;1
9060;198;131;247;land;true;hills;1
9061;70;247;204;land;true;plains;1
9062;243;175;92;land;false;hills;1
9063;230;234;230;land;false;plains;1
9064;236;195;193;land;false;hills;1
9065;243;93;232;land;false;plains;1
9066;51;55;40;land;true;urban;1
9067;239;184;123;land;false;plains;1
9068;249;186;99;land;false;plains;1
9069;123;223;231;land;false;plains;1
9070;253;208;63;land;false;forest;1
9071;202;219;115;land;false;forest;1
9072;174;251;190;land;false;mountain;1
9073;205;127;173;land;false;plains;1
9074;187;203;205;land;false;plains;1
9075;213;235;69;land;false;hills;1
9076;224;147;165;land;false;hills;1
9077;158;145;205;land;false;plains;1
9078;230;212;106;land;false;plains;1
9079;142;227;236;land;false;mountain;1
9080;119;228;199;land;false;forest;1
9081;234;252;114;land;false;plains;1
9082;220;97;202;land;false;plains;1
9083;89;209;213;land;false;plains;1
9084;218;230;60;land;false;desert;1
9085;252;224;51;land;false;plains;1
9086;149;225;215;land;false;plains;1
9087;170;219;214;land;false;plains;1
9088;207;205;246;land;false;hills;1
9089;226;114;162;land;false;plains;1
9090;232;26;244;land;false;plains;1
9091;171;210;133;land;false;plains;1
9092;194;221;107;land;false;plains;1
9093;130;127;252;land;false;plains;1
9094;177;202;239;land;false;forest;1
9095;128;242;167;land;false;forest;1
9096;143;214;201;land;false;plains;1
9097;84;34;7;land;true;urban;1
9098;227;112;174;land;true;plains;1
9099;83;249;173;land;false;hills;1
9100;154;170;179;land;false;hills;1
9101;225;123;200;land;true;plains;1
9102;225;108;192;land;false;hills;1
9103;237;229;173;land;false;plains;1
9104;216;252;142;land;false;desert;1
9105;179;182;231;land;false;plains;1
9106;189;220;249;land;false;plains;1
9107;207;110;195;land;false;plains;1
9108;152;232;172;land;false;hills;1
9109;228;177;242;land;false;plains;1
9110;89;15;10;land;false;forest;1
9111;195;125;196;land;false;plains;1
9112;158;193;221;land;false;mountain;1
9113;170;249;191;land;false;mountain;1
9114;224;166;188;land;false;mountain;1
9115;225;199;225;land;true;forest;1
9116;111;224;209;land;false;plains;1
9117;189;254;179;land;true;hills;1
9118;239;156;220;land;false;mountain;1
9119;213;234;244;land;false;mountain;1
9120;167;239;146;land;false;hills;1
9121;201;254;55;land;false;plains;1
9122;223;136;214;land;false;plains;1
9123;235;63;231;land;false;plains;1
9124;215;250;68;land;false;plains;1
9125;160;253;146;land;false;hills;1
9126;45;49;50;land;false;plains;1
9127;18;83;23;land;true;urban;1
9128;243;167;194;land;false;plains;1
9129;168;158;207;land;false;plains;1
9130;105;188;246;land;false;forest;1
9131;103;220;230;land;false;hills;1
9132;190;216;170;land;false;hills;1
9133;237;178;242;land;false;plains;1
9134;230;245;137;land;true;forest;1
9135;252;205;187;land;false;forest;1
9136;242;227;230;land;true;plains;1
9137;203;173;171;land;false;mountain;1
9138;201;243;105;land;false;hills;1
9139;245;49;232;land;false;plains;1
9140;192;241;136;land;true;hills;1
9141;234;216;226;land;false;desert;1
9142;191;218;166;land;false;plains;1
9143;86;22;4;land;false;forest;1
9144;242;229;203;land;false;forest;1
9145;190;252;188;land;false;forest;1
9146;144;121;249;land;false;hills;1
9147;224;179;154;land;false;plains;1
9148;241;71;204;land;false;plains;1
9149;253;52;242;land;false;hills;1
9150;178;112;227;land;false;hills;1
9151;46;10;50;land;false;urban;1
9152;152;199;203;land;false;plains;1
9153;104;223;221;land;false;plains;1
9154;10;58;38;land;false;plains;1
9155;130;201;175;land;false;plains;1
9156;211;230;241;land;true;plains;1
9157;59;252;198;land;false;forest;1
9158;245;94;180;land;false;plains;1
9159;29;6;95;land;false;urban;1
9160;214;110;185;land;false;plains;1
9161;254;205;239;land;true;plains;1
9162;238;225;168;land;false;desert;1
9163;251;197;90;land;false;plains;1
9164;173;106;233;land;false;plains;1
9165;196;235;143;land;false;plains;1
9166;182;244;244;land;false;plains;1
9167;252;164;128;land;false;forest;1
9168;149;176;178;land;false;mountain;1
9169;99;239;217;land;false;forest;1
9170;196;112;228;land;false;hills;1
9171;203;222;239;land;false;plains;1
9172;206;217;205;land;false;plains;1
9173;254;43;220;land;false;mountain;1
9174;132;245;176;land;false;jungle;1
9175;216;210;108;land;true;hills;1
9176;246;212;138;land;false;hills;1
9177;154;216;174;land;false;plains;1
9178;205;139;162;land;false;desert;1
9179;165;181;157;land;false;desert;1
9180;244;228;245;land;false;plains;1
9181;45;250;252;land;false;plains;1
9182;184;239;129;land;false;hills;1
9183;197;209;198;land;false;hills;1
9184;245;154;205;land;false;plains;1
9185;205;120;238;land;false;forest;1
9186;253;211;155;land;true;plains;1
9187;16;71;38;land;false;urban;1
9188;71;12;30;land;false;urban;1
9189;228;104;187;land;false;plains;1
9190;169;165;211;land;false;desert;1
9191;205;225;77;land;false;desert;1
9192;254;170;164;land;false;plains;1
9193;168;228;110;land;false;plains;1
9194;243;253;21;land;false;plains;1
9195;221;35;253;land;false;forest;1
9196;4;1;103;land;false;urban;1
9197;247;215;208;land;false;plains;1
9198;242;235;198;land;true;mountain;1
9199;220;200;200;land;false;plains;1
9200;254;188;194;land;false;plains;1
9201;251;189;198;land;false;plains;1
9202;234;166;182;land;true;plains;1
9203;237;243;254;land;false;mountain;1
9204;218;147;179;land;true;jungle;1
9205;188;222;169;land;false;forest;1
9206;226;154;247;land;true;plains;1
9207;4;111;25;land;true;urban;1
9208;208;181;178;land;false;plains;1
9209;236;144;172;land;true;plains;1
9210;127;240;217;land;false;hills;1
9211;116;226;228;land;false;plains;1
9212;245;212;216;land;false;plains;1
9213;149;251;178;land;false;hills;1
9214;122;180;206;land;false;plains;1
9215;224;204;209;land;false;desert;1
9216;209;201;159;land;false;desert;1
9217;208;153;232;land;false;plains;1
9218;166;135;200;land;false;plains;1
9219;204;213;96;land;false;plains;1
9220;168;204;133;land;false;plains;1
9221;13;19;115;land;false;forest;1
9222;102;217;230;land;false;forest;1
9223;98;2;33;land;false;urban;1
9224;234;231;169;land;false;forest;1
9225;251;84;250;land;false;hills;1
9226;178;203;128;land;false;plains;1
9227;17;36;76;land;false;urban;1
9228;178;252;169;land;false;mountain;1
9229;161;217;211;land;false;plains;1
9230;56;42;26;land;false;plains;1
9231;179;193;145;land;false;hills;1
9232;192;113;206;land;false;mountain;1
9233;241;139;211;land;false;plains;1
9234;224;140;250;land;false;plains;1
9235;250;198;160;land;false;plains;1
9236;233;159;134;land;false;plains;1
9237;232;189;179;land;false;plains;1
9238;220;159;194;land;false;plains;1
9239;3;32;69;land;false;urban;1
9240;252;110;156;land;false;mountain;1
9241;254;181;244;land;false;hills;1
9242;134;147;239;land;false;forest;1
9243;231;187;128;land;false;plains;1
9244;100;227;226;land;true;forest;1
9245;223;190;105;land;false;mountain;1
9246;51;4;77;land;false;urban;1
9247;8;97;27;land;false;urban;1
9248;174;113;225;land;false;plains;1
9249;246;99;240;land;false;plains;1
9250;234;114;190;land;false;hills;1
9251;22;7;103;land;false;hills;1
9252;236;238;157;land;false;plains;1
9253;181;232;205;land;false;plains;1
9254;77;215;222;land;false;plains;1
9255;242;86;209;land;false;plains;1
9256;102;206;221;land;false;plains;1
9257;230;120;196;land;false;plains;1
9258;150;197;166;land;false;forest;1
9259;178;86;247;land;false;forest;1
9260;212;250;234;land;false;forest;1
9261;187;239;108;land;false;plains;1
9262;201;81;242;land;false;forest;1
9263;10;239;252;land;false;plains;1
9264;103;152;247;land;false;hills;1
9265;153;252;173;land;false;mountain;1
9266;192;251;243;land;false;forest;1
9267;163;146;224;land;true;plains;1
9268;51;71;2;land;false;urban;1
9269;245;212;114;land;false;hills;1
9270;219;184;211;land;false;hills;1
9271;175;156;237;land;false;plains;1
9272;59;213;229;land;false;hills;1
9273;222;190;169;land;false;desert;1
9274;98;219;230;land;false;plains;1
9275;206;235;134;land;false;plains;1
9276;160;252;179;land;false;plains;1
9277;254;212;104;land;false;plains;1
9278;221;212;174;land;false;plains;1
9279;191;170;207;land;false;plains;1
9280;55;55;28;land;false;urban;1
9281;193;218;105;land;false;mountain;1
9282;244;210;134;land;true;plains;1
9283;182;226;97;land;true;forest;1
9284;38;26;65;land;false;urban;1
9285;185;247;123;land;false;plains;1
9286;96;235;253;land;false;plains;1
9287;216;253;95;land;true;hills;1
9288;132;205;196;land;false;plains;1
9289;227;137;246;land;false;plains;1
9290;46;49;25;land;false;urban;1
9291;208;125;168;land;false;mountain;1
9292;191;242;147;land;false;mountain;1
9293;122;241;164;land;false;forest;1
9294;179;217;210;land;false;hills;1
9295;230;204;195;land;true;hills;1
9296;234;157;174;land;false;mountain;1
9297;155;181;225;land;false;mountain;1
9298;228;76;230;land;true;hills;1
9299;250;153;250;land;false;hills;1
9300;216;215;105;land;false;hills;1
9301;196;240;215;land;false;plains;1
9302;215;108;234;land;false;plains;1
9303;229;153;223;land;false;plains;1
9304;186;165;250;land;false;plains;1
9305;209;212;146;land;false;plains;1
9306;172;233;210;land;false;plains;1
9307;93;213;205;land;false;plains;1
9308;26;43;61;land;false;urban;1
9309;177;227;98;land;false;plains;1
9310;230;179;216;land;false;hills;1
9311;200;199;198;land;false;plains;1
9312;3;83;40;land;false;forest;1
9313;102;0;30;land;false;forest;1
9314;229;234;107;land;false;forest;1
9315;201;113;202;land;false;hills;1
9316;248;252;200;land;false;hills;1
9317;247;147;247;land;false;forest;1
9318;95;182;224;land;false;plains;1
9319;192;148;246;land;false;plains;1
9320;225;228;72;land;false;forest;1
9321;252;216;109;land;false;plains;1
9322;207;188;194;land;false;hills;1
9323;154;211;169;land;false;hills;1
9324;119;157;241;land;false;plains;1
9325;163;187;188;land;false;plains;1
9326;76;224;212;land;false;forest;1
9327;254;82;230;land;false;plains;1
9328;182;196;169;land;false;plains;1
9329;212;112;232;land;false;plains;1
9330;249;111;164;land;false;plains;1
9331;185;111;228;land;false;plains;1
9332;238;184;180;land;false;plains;1
9333;240;78;224;land;false;plains;1
9334;14;39;73;land;false;urban;1
9335;237;106;173;land;false;plains;1
9336;160;230;135;land;false;plains;1
9337;201;92;237;land;true;hills;1
9338;231;143;251;land;false;plains;1
9339;203;224;232;land;false;plains;1
9340;157;225;210;land;false;forest;1
9341;200;95;247;land;false;forest;1
9342;93;246;230;land;false;hills;1
9343;247;117;224;land;false;hills;1
9344;251;176;81;land;false;forest;1
9345;160;182;179;land;false;plains;1
9346;39;31;36;land;false;urban;1
9347;177;211;163;land;false;mountain;1
9348;252;128;171;land;false;mountain;1
9349;196;222;170;land;true;plains;1
9350;245;180;217;land;false;plains;1
9351;170;245;163;land;false;forest;1
9352;172;243;91;land;false;mountain;1
9353;227;245;246;land;false;hills;1
9354;201;238;232;land;false;plains;1
9355;186;184;216;land;false;desert;1
9356;225;88;241;land;false;hills;1
9357;111;209;250;land;false;plains;1
9358;198;246;128;land;false;plains;1
9359;221;182;123;land;false;plains;1
9360;253;123;150;land;false;plains;1
9361;195;226;134;land;false;plains;1
9362;178;236;167;land;false;mountain;1
9363;81;190;246;land;false;plains;1
9364;56;93;0;land;false;urban;1
9365;253;142;228;land;false;hills;1
9366;151;182;193;land;false;desert;1
9367;24;67;33;land;true;urban;1
9368;232;85;214;land;false;plains;1
9369;222;220;186;land;false;forest;1
9370;243;129;233;land;false;hills;1
9371;227;220;182;land;true;plains;1
9372;196;201;155;land;false;hills;1
9373;172;146;233;land;false;plains;1
9374;74;219;243;land;false;plains;1
9375;173;211;158;land;false;plains;1
9376;229;201;103;land;true;plains;1
9377;211;190;230;land;false;forest;1
9378;204;151;150;land;false;forest;1
9379;179;167;213;land;false;plains;1
9380;205;148;248;land;false;plains;1
9381;215;123;165;land;false;hills;1
9382;232;177;118;land;false;mountain;1
9383;14;95;1;land;false;urban;1
9384;232;244;253;land;false;plains;1
9385;237;115;196;land;false;mountain;1
9386;151;189;182;land;false;hills;1
9387;150;179;232;land;false;plains;1
9388;228;242;91;land;false;plains;1
9389;226;193;220;land;false;plains;1
9390;250;171;128;land;false;plains;1
9391;228;249;116;land;false;plains;1
9392;213;177;228;land;false;forest;1
9393;160;201;153;land;false;forest;1
9394;159;212;151;land;false;mountain;1
9395;29;227;246;land;false;forest;1
9396;221;181;200;land;false;hills;1
9397;249;120;211;land;true;hills;1
9398;209;214;177;land;false;forest;1
9399;179;160;250;land;false;plains;1
9400;241;113;241;land;false;forest;1
9401;93;222;226;land;true;plains;1
9402;247;251;106;land;true;forest;1
9403;152;231;253;land;false;mountain;1
9404;220;154;140;land;false;mountain;1
9405;254;251;102;land;false;mountain;1
9406;124;230;174;land;false;plains;1
9407;27;40;65;land;false;plains;1
9408;64;203;243;land;false;plains;1
9409;143;167;206;land;false;hills;1
9410;245;76;197;land;false;plains;1
9411;177;218;203;land;false;plains;1
9412;30;46;33;land;false;urban;1
9413;200;190;249;land;false;plains;1
9414;65;217;232;land;false;plains;1
9415;212;105;234;land;false;plains;1
9416;243;200;132;land;false;plains;1
9417;98;175;247;land;false;mountain;1
9418;172;219;211;land;false;forest;1
9419;225;219;244;land;false;forest;1
9420;123;244;173;land;false;plains;1
9421;166;160;185;land;false;plains;1
9422;137;156;248;land;false;mountain;1
9423;224;112;201;land;true;plains;1
9424;220;138;202;land;false;mountain;1
9425;154;234;179;land;false;mountain;1
9426;14;44;67;land;false;mountain;1
9427;248;164;189;land;false;plains;1
9428;197;96;213;land;false;plains;1
9429;211;234;78;land;false;plains;1
9430;177;185;237;land;false;plains;1
9431;109;221;197;land;false;desert;1
9432;140;161;225;land;false;plains;1
9433;150;234;228;land;false;plains;1
9434;101;237;242;land;false;plains;1
9435;181;189;192;land;true;plains;1
9436;232;236;137;land;false;forest;1
9437;241;242;105;land;false;forest;1
9438;238;180;110;land;false;forest;1
9439;129;174;226;land;false;hills;1
9440;173;254;107;land;false;forest;1
9441;243;231;242;land;false;hills;1
9442;5;60;59;land;false;urban;1
9443;216;254;160;land;false;hills;1
9444;193;133;213;land;false;mountain;1
9445;189;226;86;land;false;jungle;1
9446;197;168;234;land;false;plains;1
9447;232;175;212;land;false;plains;1
9448;167;211;241;land;false;desert;1
9449;221;135;234;land;false;plains;1
9450;118;194;240;land;false;plains;1
9451;225;150;207;land;false;plains;1
9452;210;141;230;land;false;plains;1
9453;205;168;149;land;false;plains;1
9454;205;198;141;land;false;forest;1
9455;151;166;242;land;true;hills;1
9456;129;166;217;land;false;hills;1
9457;174;229;202;land;false;hills;1
9458;154;159;254;land;false;plains;1
9459;206;214;203;land;false;plains;1
9460;252;213;215;land;false;plains;1
9461;236;114;188;land;true;plains;1
9462;223;246;125;land;false;hills;1
9463;245;174;116;land;false;plains;1
9464;230;85;220;land;false;plains;1
9465;67;9;65;land;false;urban;1
9466;50;51;41;land;false;urban;1
9467;200;164;217;land;false;plains;1
9468;205;249;64;land;false;plains;1
9469;209;223;81;land;false;hills;1
9470;214;139;221;land;false;plains;1
9471;25;242;240;land;false;plains;1
9472;22;16;66;land;false;urban;1
9473;206;236;94;land;false;plains;1
9474;84;248;192;land;true;plains;1
9475;203;247;108;land;false;forest;1
9476;45;38;63;land;false;urban;1
9477;212;200;236;land;true;hills;1
9478;228;148;186;land;false;forest;1
9479;236;68;201;land;false;plains;1
9480;196;180;193;land;false;plains;1
9481;236;130;237;land;false;forest;1
9482;173;228;245;land;false;hills;1
9483;248;250;219;land;true;forest;1
9484;225;187;222;land;false;mountain;1
9485;249;174;121;land;false;plains;1
9486;214;131;210;land;false;plains;1
9487;250;245;192;land;false;plains;1
9488;239;196;144;land;false;plains;1
9489;57;239;245;land;false;plains;1
9490;183;141;205;land;false;plains;1
9491;243;71;248;land;false;plains;1
9492;242;245;246;land;false;desert;1
9493;214;169;152;land;false;forest;1
9494;217;246;133;land;false;plains;1
9495;63;23;25;land;false;urban;1
9496;194;164;179;land;false;plains;1
9497;181;98;235;land;false;plains;1
9498;230;162;137;land;false;plains;1
9499;215;249;126;land;false;plains;1
9500;233;28;250;land;false;hills;1
9501;216;129;208;land;false;mountain;1
9502;211;252;133;land;false;plains;1
9503;176;219;243;land;false;hills;1
9504;221;196;220;land;false;hills;1
9505;228;183;161;land;false;mountain;1
9506;234;222;99;land;false;plains;1
9507;27;24;69;land;false;urban;1
9508;178;223;173;land;false;forest;1
9509;224;144;178;land;false;hills;1
9510;4;121;19;land;false;plains;1
9511;207;249;227;land;false;plains;1
9512;157;143;237;land;false;forest;1
9513;242;235;222;land;false;plains;1
9514;11;36;94;land;false;urban;1
9515;180;251;158;land;false;plains;1
9516;227;182;243;land;false;plains;1
9517;143;228;135;land;false;hills;1
9518;246;247;232;land;false;desert;1
9519;228;208;237;land;false;desert;1
9520;227;152;152;land;false;plains;1
9521;193;167;208;land;false;plains;1
9522;159;116;245;land;false;forest;1
9523;246;104;206;land;false;forest;1
9524;236;73;240;land;false;hills;1
9525;125;254;218;land;false;hills;1
9526;44;249;227;land;false;mountain;1
9527;125;235;226;land;false;mountain;1
9528;160;227;145;land;true;jungle;1
9529;97;28;23;land;false;plains;1
9530;116;24;4;land;false;urban;1
9531;12;104;23;land;false;urban;1
9532;207;225;224;land;false;plains;1
9533;231;202;161;land;false;plains;1
9534;91;2;44;land;false;urban;1
9535;157;248;250;land;false;plains;1
9536;215;181;164;land;false;hills;1
9537;212;151;229;land;false;plains;1
9538;242;92;229;land;false;plains;1
9539;74;10;59;land;false;urban;1
9540;49;23;59;land;true;urban;1
9541;253;186;97;land;false;forest;1
9542;198;251;236;land;false;forest;1
9543;112;242;198;land;false;forest;1
9544;157;195;242;land;true;forest;1
9545;88;170;254;land;false;mountain;1
9546;207;206;153;land;false;plains;1
9547;192;208;231;land;false;plains;1
9548;247;31;226;land;true;forest;1
9549;205;169;241;land;false;mountain;1
9550;243;208;163;land;true;hills;1
9551;153;179;251;land;false;mountain;1
9552;233;149;223;land;false;hills;1
9553;183;220;216;land;false;plains;1
9554;120;158;238;land;false;plains;1
9555;157;188;236;land;false;plains;1
9556;254;145;242;land;false;plains;1
9557;229;77;219;land;false;plains;1
9558;183;183;253;land;false;plains;1
9559;211;140;162;land;false;forest;1
9560;23;13;112;land;false;urban;1
9561;244;82;183;land;false;plains;1
9562;216;169;172;land;false;plains;1
9563;221;217;249;land;true;hills;1
9564;219;230;145;land;false;desert;1
9565;191;184;131;land;false;jungle;1
9566;175;242;118;land;false;plains;1
9567;228;97;194;land;false;plains;1
9568;220;136;176;land;false;plains;1
9569;203;174;152;land;false;plains;1
9570;238;166;174;land;false;plains;1
9571;15;28;73;land;false;urban;1
9572;205;181;123;land;false;plains;1
9573;187;190;182;land;false;plains;1
9574;238;175;217;land;false;forest;1
9575;241;41;224;land;false;forest;1
9576;239;191;130;land;false;forest;1
9577;200;251;102;land;false;forest;1
9578;138;224;228;land;false;forest;1
9579;234;244;181;land;true;desert;1
9580;246;230;108;land;true;plains;1
9581;118;177;207;land;false;mountain;1
9582;207;104;203;land;false;forest;1
9583;77;13;11;land;false;urban;1
9584;89;191;251;land;false;plains;1
9585;202;167;190;land;false;plains;1
9586;221;219;97;land;false;plains;1
9587;100;179;235;land;false;plains;1
9588;228;39;249;land;false;plains;1
9589;161;109;242;land;true;plains;1
9590;52;226;242;land;false;plains;1
9591;253;138;227;land;false;plains;1
9592;76;204;246;land;false;plains;1
9593;237;234;156;land;true;plains;1
9594;128;225;224;land;false;mountain;1
9595;5;107;10;land;false;urban;1
9596;60;234;240;land;false;plains;1
9597;206;217;248;land;false;plains;1
9598;29;11;80;land;false;urban;1
9599;193;125;213;land;false;plains;1
9600;238;237;174;land;false;hills;1
9601;59;66;24;land;false;urban;1
9602;101;216;243;land;false;plains;1
9603;233;228;158;land;false;plains;1
9604;223;157;193;land;false;plains;1
9605;252;215;173;land;false;plains;1
9606;249;193;217;land;false;forest;1
9607;247;196;248;land;false;forest;1
9608;246;251;199;land;true;hills;1
9609;63;244;253;land;false;desert;1
9610;188;215;110;land;false;forest;1
9611;64;253;184;land;false;forest;1
9612;213;89;247;land;false;forest;1
9613;234;242;141;land;false;plains;1
9614;57;18;28;land;false;urban;1
9615;233;26;242;land;false;hills;1
9616;31;52;52;land;true;urban;1
9617;189;209;105;land;false;plains;1
9618;224;200;108;land;false;desert;1
9619;152;190;179;land;false;plains;1
9620;99;24;10;land;false;urban;1
9621;178;241;187;land;false;plains;1
9622;250;225;64;land;false;plains;1
9623;243;238;182;land;false;hills;1
9624;225;247;213;land;false;hills;1
9625;240;127;184;land;false;hills;1
9626;176;254;248;land;false;plains;1
9627;244;122;178;land;false;plains;1
9628;44;231;227;land;false;plains;1
9629;208;229;120;land;false;plains;1
9630;172;100;230;land;false;forest;1
9631;201;153;180;land;false;plains;1
9632;170;230;169;land;false;hills;1
9633;226;219;74;land;false;plains;1
9634;244;147;186;land;false;mountain;1
9635;221;121;225;land;false;mountain;1
9636;218;202;195;land;false;mountain;1
9637;245;235;70;land;false;forest;1
9638;198;170;212;land;false;plains;1
9639;218;183;125;land;false;plains;1
9640;225;236;93;land;false;plains;1
9641;212;253;75;land;false;plains;1
9642;248;177;85;land;false;plains;1
9643;191;205;191;land;false;plains;1
9644;254;126;197;land;false;hills;1
9645;22;61;42;land;false;urban;1
9646;248;233;183;land;false;plains;1
9647;179;218;234;land;false;plains;1
9648;223;175;114;land;false;plains;1
9649;163;166;222;land;false;forest;1
9650;138;224;241;land;true;plains;1
9651;237;246;209;land;false;plains;1
9652;41;237;232;land;false;plains;1
9653;88;202;215;land;false;plains;1
9654;196;233;146;land;true;plains;1
9655;125;245;187;land;false;mountain;1
9656;171;222;191;land;false;hills;1
9657;252;1;253;land;false;plains;1
9658;60;40;10;land;false;urban;1
9659;159;254;156;land;false;plains;1
9660;58;6;65;land;false;urban;1
9661;66;7;48;land;false;urban;1
9662;65;59;17;land;false;urban;1
9663;193;243;182;land;false;plains;1
9664;236;205;119;land;false;plains;1
9665;151;234;133;land;false;plains;1
9666;251;60;216;land;false;forest;1
9667;168;164;176;land;false;forest;1
9668;235;187;196;land;false;forest;1
9669;202;240;174;land;true;hills;1
9670;224;180;112;land;false;hills;1
9671;225;249;186;land;false;forest;1
9672;251;155;232;land;false;plains;1
9673;235;185;200;land;false;mountain;1
9674;232;189;139;land;false;plains;1
9675;106;243;204;land;false;forest;1
9676;227;223;74;land;false;plains;1
9677;131;181;201;land;true;plains;1
9678;77;30;15;land;true;urban;1
9679;142;122;246;land;false;plains;1
9680;182;193;127;land;false;plains;1
9681;216;252;70;land;false;plains;1
9682;203;194;143;land;false;plains;1
9683;249;251;51;land;false;plains;1
9684;79;8;42;land;false;urban;1
9685;113;248;211;land;false;plains;1
9686;148;174;219;land;false;plains;1
9687;238;176;195;land;false;plains;1
9688;188;200;143;land;false;plains;1
9689;236;82;231;land;false;plains;1
9690;139;254;178;land;false;plains;1
9691;212;65;249;land;false;plains;1
9692;239;104;185;land;false;forest;1
9693;227;245;186;land;false;forest;1
9694;162;178;248;land;true;forest;1
9695;226;208;116;land;false;plains;1
9696;168;196;208;land;false;forest;1
9697;238;231;73;land;false;plains;1
9698;195;134;191;land;false;mountain;1
9699;253;60;243;land;false;mountain;1
9700;239;252;65;land;false;plains;1
9701;63;64;13;land;false;plains;1
9702;247;200;179;land;false;forest;1
9703;18;1;129;land;false;urban;1
9704;239;190;207;land;false;plains;1
9705;41;74;27;land;false;urban;1
9706;158;139;205;land;false;plains;1
9707;218;203;108;land;false;plains;1
9708;172;251;153;land;false;plains;1
9709;195;182;213;land;true;plains;1
9710;69;217;220;land;true;plains;1
9711;240;227;163;land;false;forest;1
9712;220;124;182;land;false;forest;1
9713;237;231;63;land;false;plains;1
9714;233;227;176;land;false;forest;1
9715;223;97;196;land;false;hills;1
9716;227;246;158;land;true;desert;1
9717;222;218;211;land;true;forest;1
9718;246;201;129;land;false;mountain;1
9719;146;202;168;land;false;hills;1
9720;216;187;206;land;false;forest;1
9721;241;130;157;land;false;plains;1
9722;0;29;109;land;false;urban;1
9723;187;241;141;land;false;plains;1
9724;82;202;239;land;false;plains;1
9725;232;125;249;land;false;plains;1
9726;216;222;209;land;true;mountain;1
9727;114;236;195;land;false;forest;1
9728;220;94;209;land;false;plains;1
9729;121;214;187;land;false;plains;1
9730;215;217;193;land;false;plains;1
9731;216;217;246;land;false;forest;1
9732;242;106;175;land;false;mountain;1
9733;237;245;114;land;true;jungle;1
9734;146;235;167;land;true;plains;1
9735;199;182;180;land;false;plains;1
9736;222;177;244;land;false;plains;1
9737;198;167;188;land;false;plains;1
9738;224;229;131;land;false;mountain;1
9739;185;167;240;land;false;mountain;1
9740;122;222;221;land;false;hills;1
9741;64;9;42;land;false;urban;1
9742;156;201;163;land;false;plains;1
9743;249;249;81;land;false;plains;1
9744;213;192;246;land;false;plains;1
9745;185;223;171;land;false;plains;1
9746;99;195;222;land;false;plains;1
9747;182;197;234;land;false;hills;1
9748;196;199;252;land;false;desert;1
9749;203;67;241;land;false;plains;1
9750;85;237;213;land;false;plains;1
9751;228;229;195;land;false;plains;1
9752;233;161;160;land;true;forest;1
9753;130;163;236;land;false;mountain;1
9754;237;245;160;land;false;forest;1
9755;201;226;178;land;false;plains;1
9756;189;159;231;land;false;plains;1
9757;145;158;237;land;false;hills;1
9758;233;210;246;land;false;mountain;1
9759;236;73;210;land;false;plains;1
9760;241;165;245;land;false;plains;1
9761;234;153;251;land;false;plains;1
9762;196;96;222;land;false;plains;1
9763;203;227;139;land;false;forest;1
9764;252;189;68;land;false;plains;1
9765;213;201;156;land;true;plains;1
9766;178;224;199;land;false;forest;1
9767;113;214;185;land;false;forest;1
9768;247;206;175;land;false;forest;1
9769;243;48;220;land;false;forest;1
9770;187;186;139;land;false;plains;1
9771;225;241;185;land;false;hills;1
9772;185;187;193;land;false;plains;1
9773;42;33;64;land;false;urban;1
9774;167;80;254;land;false;mountain;1
9775;198;138;174;land;false;mountain;1
9776;239;197;85;land;false;jungle;1
9777;198;163;150;land;false;forest;1
9778;81;218;253;land;false;plains;1
9779;239;177;123;land;false;hills;1
9780;133;203;240;land;true;mountain;1
9781;26;75;31;land;false;urban;1
9782;253;213;129;land;false;forest;1
9783;80;184;237;land;false;forest;1
9784;251;61;226;land;false;plains;1
9785;133;248;251;land;false;plains;1
9786;237;193;148;land;false;plains;1
9787;211;192;144;land;false;plains;1
9788;244;164;105;land;false;plains;1
9789;201;124;242;land;false;plains;1
9790;162;106;249;land;false;hills;1
9791;134;254;126;land;false;plains;1
9792;223;197;99;land;false;plains;1
9793;218;91;243;land;false;plains;1
9794;253;63;238;land;false;forest;1
9795;207;130;216;land;false;forest;1
9796;63;1;44;land;false;hills;1
9797;250;161;198;land;true;hills;1
9798;71;206;254;land;true;forest;1
9799;78;5;45;land;true;urban;1
9800;144;235;179;land;true;plains;1
9801;104;33;8;land;false;mountain;1
9802;216;239;224;land;false;forest;1
9803;164;220;167;land;false;hills;1
9804;204;216;99;land;false;plains;1
9805;203;207;222;land;false;forest;1
9806;116;244;193;land;false;forest;1
9807;234;155;245;land;false;forest;1
9808;175;204;216;land;false;forest;1
9809;182;181;235;land;false;forest;1
9810;216;145;223;land;false;forest;1
9811;186;172;180;land;false;forest;1
9812;185;142;218;land;false;plains;1
9813;196;186;187;land;true;hills;1
9814;124;248;234;land;true;hills;1
9815;243;229;253;land;false;mountain;1
9816;96;222;245;land;false;plains;1
9817;222;61;226;land;false;forest;1
9818;119;237;242;land;false;plains;1
9819;201;200;151;land;false;plains;1
9820;216;229;60;land;false;plains;1
9821;195;174;207;land;false;plains;1
9822;87;33;4;land;false;urban;1
9823;242;179;154;land;false;plains;1
9824;74;26;48;land;false;urban;1
9825;187;131;211;land;false;plains;1
9826;201;73;236;land;false;plains;1
9827;148;160;246;land;false;plains;1
9828;151;166;251;land;false;plains;1
9829;193;242;107;land;false;forest;1
9830;209;177;198;land;true;mountain;1
9831;216;247;155;land;false;plains;1
9832;188;222;174;land;true;forest;1
9833;176;220;107;land;false;mountain;1
9834;213;190;153;land;false;plains;1
9835;238;64;227;land;false;plains;1
9836;193;186;163;land;true;urban;1
9837;198;144;207;land;false;forest;1
9838;221;120;246;land;false;plains;1
9839;99;248;246;land;false;plains;1
9840;3;52;58;land;false;urban;1
9841;130;146;231;land;false;plains;1
9842;159;237;180;land;false;plains;1
9843;239;248;134;land;false;mountain;1
9844;157;229;135;land;false;plains;1
9845;213;225;181;land;false;plains;1
9846;17;58;51;land;false;urban;1
9847;92;12;30;land;true;urban;1
9848;214;252;214;land;false;plains;1
9849;196;161;235;land;false;desert;1
9850;231;239;125;land;false;desert;1
9851;174;220;109;land;false;mountain;1
9852;254;124;168;land;false;hills;1
9853;235;251;138;land;false;plains;1
9854;193;138;233;land;false;plains;1
9855;48;14;82;land;false;urban;1
9856;242;226;115;land;false;plains;1
9857;71;188;250;land;false;plains;1
9858;237;203;107;land;false;hills;1
9859;189;126;229;land;false;plains;1
9860;224;168;210;land;false;plains;1
9861;181;226;182;land;false;forest;1
9862;209;242;62;land;false;forest;1
9863;248;160;163;land;false;forest;1
9864;188;186;131;land;true;plains;1
9865;234;197;214;land;false;forest;1
9866;59;77;13;land;false;urban;1
9867;149;235;204;land;false;plains;1
9868;247;121;213;land;false;plains;1
9869;128;253;218;land;false;hills;1
9870;186;167;240;land;false;plains;1
9871;213;242;237;land;true;hills;1
9872;174;166;233;land;true;hills;1
9873;11;26;112;land;false;urban;1
9874;254;228;95;land;false;plains;1
9875;206;242;185;land;false;plains;1
9876;224;241;195;land;false;plains;1
9877;219;180;117;land;false;forest;1
9878;222;146;195;land;false;plains;1
9879;16;56;42;land;false;urban;1
9880;251;213;104;land;false;forest;1
9881;177;213;239;land;true;mountain;1
9882;172;138;207;land;false;forest;1
9883;147;142;215;land;false;forest;1
9884;171;159;174;land;true;plains;1
9885;218;150;245;land;true;plains;1
9886;87;212;247;land;false;mountain;1
9887;105;217;247;land;false;plains;1
9888;194;212;98;land;true;forest;1
9889;204;165;196;land;false;mountain;1
9890;41;66;3;land;false;plains;1
9891;239;242;57;land;false;plains;1
9892;245;173;148;land;false;plains;1
9893;126;254;142;land;false;plains;1
9894;214;212;146;land;false;plains;1
9895;194;145;248;land;false;plains;1
9896;138;182;183;land;false;plains;1
9897;200;220;176;land;false;plains;1
9898;226;107;216;land;false;plains;1
9899;228;21;252;land;false;plains;1
9900;139;233;251;land;false;plains;1
9901;216;83;220;land;false;plains;1
9902;152;134;244;land;false;plains;1
9903;145;240;143;land;false;plains;1
9904;218;199;154;land;false;plains;1
9905;130;142;244;land;false;plains;1
9906;247;162;166;land;false;plains;1
9907;241;211;87;land;true;plains;1
9908;235;230;84;land;false;forest;1
9909;203;210;134;land;false;forest;1
9910;249;118;238;land;false;hills;1
9911;37;10;64;land;false;urban;1
9912;215;165;145;land;false;forest;1
9913;102;173;231;land;false;hills;1
9914;144;162;225;land;true;desert;1
9915;13;92;31;land;true;urban;1
9916;96;223;189;land;false;plains;1
9917;215;107;237;land;false;forest;1
9918;53;18;54;land;false;forest;1
9919;250;121;158;land;false;plains;1
9920;112;246;175;land;false;plains;1
9921;183;153;229;land;false;plains;1
9922;239;112;152;land;false;plains;1
9923;145;197;215;land;false;plains;1
9924;216;173;148;land;false;plains;1
9925;190;184;159;land;false;plains;1
9926;165;244;179;land;false;plains;1
9927;21;44;49;land;false;urban;1
9928;240;58;212;land;false;plains;1
9929;188;133;183;land;false;forest;1
9930;181;177;174;land;false;forest;1
9931;216;208;218;land;true;desert;1
9932;249;248;107;land;false;mountain;1
9933;210;183;231;land;true;plains;1
9934;188;145;204;land;false;plains;1
9935;59;253;238;land;false;plains;1
9936;144;231;148;land;false;mountain;1
9937;128;10;0;land;false;hills;1
9938;253;198;88;land;false;hills;1
9939;249;152;125;land;false;forest;1
9940;234;190;224;land;false;plains;1
9941;244;144;134;land;false;plains;1
9942;200;221;233;land;false;plains;1
9943;253;190;101;land;false;hills;1
9944;206;219;172;land;false;plains;1
9945;175;247;187;land;false;plains;1
9946;242;254;47;land;false;plains;1
9947;200;183;183;land;false;plains;1
9948;225;199;177;land;true;plains;1
9949;33;226;253;land;false;forest;1
9950;150;204;191;land;false;forest;1
9951;195;196;246;land;false;forest;1
9952;241;51;253;land;false;forest;1
9953;220;146;152;land;false;plains;1
9954;106;193;223;land;false;hills;1
9955;195;185;180;land;false;forest;1
9956;180;192;153;land;false;forest;1
9957;184;160;172;land;true;plains;1
9958;177;168;167;land;true;mountain;1
9959;223;71;250;land;false;hills;1
9960;205;126;188;land;false;forest;1
9961;238;158;248;land;false;plains;1
9962;199;196;174;land;false;plains;1
9963;180;226;237;land;false;plains;1
9964;195;219;167;land;false;plains;1
9965;120;248;254;land;false;plains;1
9966;245;164;174;land;false;plains;1
9967;199;67;253;land;false;forest;1
9968;55;27;44;land;false;urban;1
9969;69;68;0;land;false;urban;1
9970;179;194;186;land;false;forest;1
9971;238;177;158;land;false;forest;1
9972;52;79;11;land;false;urban;1
9973;246;37;242;land;false;forest;1
9974;177;100;225;land;false;forest;1
9975;204;240;250;land;false;forest;1
9976;245;197;239;land;true;plains;1
9977;195;207;167;land;false;forest;1
9978;254;236;244;land;false;forest;1
9979;30;73;12;land;false;forest;1
9980;242;210;215;land;false;mountain;1
9981;182;252;126;land;false;plains;1
9982;139;167;204;land;false;forest;1
9983;253;187;168;land;false;forest;1
9984;71;197;235;land;false;plains;1
9985;248;222;89;land;false;hills;1
9986;13;55;66;land;true;urban;1
9987;227;178;185;land;false;mountain;1
9988;230;194;139;land;false;mountain;1
9989;218;69;221;land;true;marsh;1
9990;242;221;188;land;false;plains;1
9991;252;103;246;land;false;plains;1
9992;193;241;100;land;false;forest;1
9993;152;222;246;land;false;forest;1
9994;86;23;26;land;false;urban;1
9995;224;189;88;land;false;forest;1
9996;246;213;78;land;false;plains;1
9997;52;57;9;land;false;urban;1
9998;137;219;231;land;false;plains;1
9999;17;70;43;land;true;urban;1
10000;249;195;156;land;false;forest;1
10001;236;106;183;land;false;plains;1
10002;248;99;223;land;false;plains;1
10003;238;153;123;land;false;plains;1
10004;180;127;237;land;false;plains;1
10005;242;155;160;land;false;hills;1
10006;218;212;204;land;false;mountain;1
10007;198;188;164;land;false;mountain;1
10008;237;198;230;land;false;forest;1
10009;240;127;172;land;false;mountain;1
10010;243;117;186;land;false;hills;1
10011;243;214;103;land;false;forest;1
10012;157;169;227;land;false;mountain;1
10013;221;219;84;land;false;plains;1
10014;82;61;4;land;false;urban;1
10015;195;178;244;land;false;plains;1
10016;205;227;104;land;false;plains;1
10017;207;186;131;land;false;plains;1
10018;166;244;243;land;false;hills;1
10019;177;174;234;land;false;plains;1
10020;194;184;136;land;false;hills;1
10021;181;175;200;land;false;hills;1
10022;237;156;227;land;false;plains;1
10023;232;174;224;land;false;plains;1
10024;193;237;232;land;false;plains;1
10025;165;190;207;land;false;plains;1
10026;15;48;60;land;false;urban;1
10027;241;221;50;land;true;forest;1
10028;178;192;151;land;false;forest;1
10029;225;146;189;land;false;plains;1
10030;195;217;109;land;false;forest;1
10031;73;13;35;land;false;urban;1
10032;207;197;216;land;false;mountain;1
10033;97;178;244;land;false;mountain;1
10034;215;108;200;land;false;hills;1
10035;200;238;235;land;false;forest;1
10036;251;184;169;land;false;forest;1
10037;211;178;135;land;false;mountain;1
10038;244;233;165;land;false;plains;1
10039;121;203;232;land;false;plains;1
10040;237;233;46;land;false;plains;1
10041;72;25;36;land;false;plains;1
10042;219;152;165;land;false;plains;1
10043;234;192;84;land;false;plains;1
10044;249;233;90;land;false;plains;1
10045;151;192;232;land;false;plains;1
10046;228;251;144;land;false;plains;1
10047;181;191;234;land;true;forest;1
10048;252;218;157;land;false;forest;1
10049;254;206;148;land;false;forest;1
10050;222;100;187;land;false;plains;1
10051;189;101;243;land;true;mountain;1
10052;71;40;1;land;false;hills;1
10053;224;58;239;land;true;plains;1
10054;219;203;127;land;false;hills;1
10055;175;213;177;land;false;mountain;1
10056;220;254;71;land;false;plains;1
10057;155;191;159;land;false;plains;1
10058;109;201;216;land;false;plains;1
10059;37;61;10;land;false;urban;1
10060;217;254;213;land;false;plains;1
10061;253;220;52;land;false;plains;1
10062;124;2;7;land;false;urban;1
10063;226;181;215;land;false;plains;1
10064;47;17;45;land;false;urban;1
10065;254;84;246;land;false;forest;1
10066;223;232;147;land;false;forest;1
10067;211;147;147;land;true;forest;1
10068;247;162;135;land;false;plains;1
10069;214;140;227;land;false;mountain;1
10070;243;208;114;land;false;mountain;1
10071;247;192;112;land;false;plains;1
10072;40;65;17;land;false;urban;1
10073;200;233;146;land;false;plains;1
10074;228;88;203;land;false;forest;1
10075;227;174;184;land;false;forest;1
10076;222;156;137;land;false;plains;1
10077;191;185;198;land;false;plains;1
10078;182;165;244;land;false;hills;1
10079;207;171;239;land;false;plains;1
10080;228;89;237;land;false;forest;1
10081;246;107;148;land;false;forest;1
10082;240;212;96;land;false;mountain;1
10083;225;164;122;land;false;forest;1
10084;143;172;187;land;false;forest;1
10085;250;219;50;land;false;forest;1
10086;224;96;199;land;false;desert;1
10087;211;164;214;land;false;mountain;1
10088;162;249;97;land;true;hills;1
10089;30;56;33;land;false;hills;1
10090;125;225;195;land;false;mountain;1
10091;24;19;65;land;false;plains;1
10092;169;218;197;land;false;plains;1
10093;37;12;79;land;false;plains;1
10094;138;175;217;land;false;hills;1
10095;247;221;100;land;false;plains;1
10096;243;112;169;land;false;plains;1
10097;226;212;211;land;false;plains;1
10098;211;197;157;land;false;plains;1
10099;240;94;185;land;false;plains;1
10100;172;213;241;land;false;plains;1
10101;195;230;156;land;false;plains;1
10102;251;56;252;land;false;plains;1
10103;20;236;245;land;true;plains;1
10104;233;108;197;land;false;forest;1
10105;109;237;225;land;false;forest;1
10106;241;212;96;land;false;forest;1
10107;252;120;136;land;false;forest;1
10108;247;207;119;land;false;forest;1
10109;210;116;231;land;true;plains;1
10110;4;65;54;land;false;urban;1
10111;10;81;13;land;false;hills;1
10112;244;248;133;land;false;plains;1
10113;10;19;112;land;false;urban;1
10114;197;114;204;land;false;plains;1
10115;196;214;122;land;false;plains;1
10116;244;136;227;land;false;plains;1
10117;212;186;196;land;false;plains;1
10118;135;226;157;land;false;plains;1
10119;151;132;229;land;false;plains;1
10120;212;160;159;land;false;mountain;1
10121;141;199;212;land;false;plains;1
10122;140;180;244;land;false;plains;1
10123;29;71;27;land;false;urban;1
10124;218;173;239;land;false;plains;1
10125;219;159;212;land;true;plains;1
10126;77;227;235;land;false;forest;1
10127;217;186;134;land;false;forest;1
10128;245;142;158;land;false;forest;1
10129;164;152;218;land;false;desert;1
10130;172;120;235;land;false;plains;1
10131;250;159;169;land;true;hills;1
10132;20;114;7;land;false;urban;1
10133;155;193;169;land;false;hills;1
10134;95;225;203;land;false;forest;1
10135;249;143;192;land;false;forest;1
10136;203;163;182;land;false;mountain;1
10137;60;10;38;land;false;forest;1
10138;215;237;86;land;false;plains;1
10139;230;198;158;land;false;plains;1
10140;7;90;42;land;false;urban;1
10141;218;156;252;land;false;plains;1
10142;241;130;227;land;false;plains;1
10143;145;192;225;land;false;plains;1
10144;146;197;222;land;false;plains;1
10145;249;99;182;land;false;plains;1
10146;158;185;174;land;false;hills;1
10147;92;251;160;land;false;plains;1
10148;150;246;115;land;false;forest;1
10149;86;232;243;land;false;forest;1
10150;11;6;123;land;false;urban;1
10151;220;219;177;land;false;forest;1
10152;242;118;145;land;false;forest;1
10153;239;139;230;land;false;mountain;1
10154;242;234;235;land;true;plains;1
10155;230;186;95;land;false;mountain;1
10156;199;145;233;land;true;plains;1
10157;237;162;125;land;false;forest;1
10158;228;240;158;land;false;forest;1
10159;19;12;112;land;false;urban;1
10160;231;134;242;land;false;plains;1
10161;233;84;188;land;false;plains;1
10162;236;168;147;land;false;plains;1
10163;157;160;243;land;false;plains;1
10164;77;2;51;land;false;urban;1
10165;25;59;25;land;false;urban;1
10166;212;139;168;land;false;hills;1
10167;87;252;164;land;false;plains;1
10168;246;191;138;land;false;plains;1
10169;229;137;199;land;false;plains;1
10170;142;200;241;land;false;plains;1
10171;195;193;131;land;false;plains;1
10172;245;213;166;land;false;forest;1
10173;22;15;94;land;false;forest;1
10174;225;151;239;land;false;forest;1
10175;190;106;228;land;false;plains;1
10176;195;215;112;land;false;hills;1
10177;207;205;208;land;true;plains;1
10178;250;164;228;land;false;plains;1
10179;243;251;108;land;true;plains;1
10180;18;22;62;land;true;urban;1
10181;225;230;155;land;true;plains;1
10182;226;48;227;land;false;plains;1
10183;224;121;210;land;false;plains;1
10184;14;34;55;land;true;urban;1
10185;212;225;151;land;false;mountain;1
10186;219;240;229;land;false;hills;1
10187;186;168;214;land;false;hills;1
10188;247;216;61;land;false;plains;1
10189;247;162;156;land;false;plains;1
10190;201;178;164;land;false;plains;1
10191;221;184;214;land;false;plains;1
10192;191;191;148;land;false;plains;1
10193;142;207;238;land;false;plains;1
10194;242;125;213;land;false;plains;1
10195;232;171;153;land;false;plains;1
10196;53;0;95;land;false;urban;1
10197;237;188;119;land;true;plains;1
10198;247;237;160;land;false;plains;1
10199;247;189;82;land;true;plains;1
10200;152;192;180;land;false;forest;1
10201;160;213;227;land;false;forest;1
10202;165;221;120;land;false;forest;1
10203;201;205;242;land;false;plains;1
10204;251;187;87;land;false;plains;1
10205;244;176;213;land;false;plains;1
10206;234;133;136;land;false;plains;1
10207;217;184;151;land;false;forest;1
10208;181;123;198;land;false;plains;1
10209;222;182;187;land;false;mountain;1
10210;205;181;189;land;false;plains;1
10211;252;181;245;land;true;marsh;1
10212;244;179;140;land;false;hills;1
10213;201;252;248;land;false;plains;1
10214;222;137;218;land;false;plains;1
10215;166;211;224;land;false;hills;1
10216;177;150;233;land;false;plains;1
10217;220;127;239;land;false;plains;1
10218;228;170;161;land;false;plains;1
10219;186;183;249;land;false;plains;1
10220;185;224;102;land;false;plains;1
10221;205;101;210;land;false;plains;1
10222;219;179;203;land;false;plains;1
10223;151;204;184;land;false;plains;1
10224;222;244;74;land;false;hills;1
10225;240;128;141;land;false;plains;1
10226;242;164;96;land;false;plains;1
10227;243;219;218;land;false;plains;1
10228;234;185;246;land;false;plains;1
10229;195;169;196;land;true;forest;1
10230;239;77;194;land;false;hills;1
10231;233;217;201;land;true;plains;1
10232;246;196;159;land;false;plains;1
10233;188;175;194;land;false;forest;1
10234;167;177;225;land;false;hills;1
10235;12;87;16;land;false;hills;1
10236;84;64;1;land;true;urban;1
10237;250;228;29;land;false;mountain;1
10238;10;28;66;land;false;urban;1
10239;78;34;32;land;false;urban;1
10240;241;144;238;land;true;forest;1
10241;242;90;215;land;false;mountain;1
10242;244;172;105;land;false;mountain;1
10243;183;134;222;land;false;plains;1
10244;205;226;102;land;false;plains;1
10245;250;221;188;land;false;plains;1
10246;175;219;227;land;false;mountain;1
10247;9;254;251;land;false;desert;1
10248;243;197;80;land;false;plains;1
10249;236;125;209;land;false;plains;1
10250;241;155;180;land;false;forest;1
10251;252;231;20;land;false;forest;1
10252;201;199;154;land;false;forest;1
10253;111;3;14;land;false;forest;1
10254;226;195;133;land;false;forest;1
10255;253;119;205;land;false;plains;1
10256;247;231;104;land;false;mountain;1
10257;3;62;45;land;false;urban;1
10258;208;254;108;land;false;mountain;1
10259;24;2;118;land;false;urban;1
10260;213;85;207;land;false;plains;1
10261;240;188;102;land;false;mountain;1
10262;219;137;241;land;false;forest;1
10263;240;235;223;land;false;plains;1
10264;160;250;128;land;false;plains;1
10265;243;189;116;land;false;plains;1
10266;209;147;254;land;false;plains;1
10267;186;245;208;land;false;hills;1
10268;50;235;236;land;false;plains;1
10269;240;251;26;land;false;plains;1
10270;212;103;234;land;false;plains;1
10271;200;205;208;land;false;plains;1
10272;188;178;191;land;false;forest;1
10273;110;168;239;land;false;forest;1
10274;169;241;231;land;false;forest;1
10275;213;186;156;land;false;plains;1
10276;254;231;52;land;false;forest;1
10277;222;190;228;land;false;mountain;1
10278;250;226;172;land;true;mountain;1
10279;249;219;143;land;false;desert;1
10280;204;190;208;land;true;hills;1
10281;205;193;219;land;false;plains;1
10282;237;226;100;land;false;marsh;1
10283;229;196;219;land;false;desert;1
10284;88;27;14;land;false;urban;1
10285;246;153;229;land;false;mountain;1
10286;122;147;249;land;false;mountain;1
10287;227;70;206;land;false;plains;1
10288;238;212;82;land;false;plains;1
10289;238;135;240;land;false;forest;1
10290;2;25;120;land;false;urban;1
10291;215;213;131;land;false;plains;1
10292;206;164;178;land;false;forest;1
10293;145;194;212;land;false;forest;1
10294;195;188;210;land;false;forest;1
10295;229;231;232;land;false;forest;1
10296;248;243;240;land;false;forest;1
10297;191;211;152;land;false;plains;1
10298;180;179;210;land;false;plains;1
10299;222;247;207;land;true;plains;1
10300;237;168;228;land;false;plains;1
10301;236;218;238;land;false;mountain;1
10302;204;59;238;land;false;desert;1
10303;248;70;229;land;false;plains;1
10304;164;233;177;land;false;plains;1
10305;211;238;101;land;false;mountain;1
10306;33;18;75;land;false;mountain;1
10307;18;41;55;land;false;mountain;1
10308;164;209;152;land;false;mountain;1
10309;129;218;204;land;false;plains;1
10310;245;246;72;land;false;plains;1
10311;200;252;247;land;false;plains;1
10312;192;216;251;land;false;plains;1
10313;194;128;209;land;false;plains;1
10314;92;232;237;land;false;plains;1
10315;215;161;197;land;false;forest;1
10316;206;189;134;land;false;plains;1
10317;206;230;87;land;false;plains;1
10318;227;208;84;land;false;plains;1
10319;235;195;245;land;false;plains;1
10320;226;211;144;land;false;plains;1
10321;97;235;208;land;false;hills;1
10322;184;97;246;land;false;plains;1
10323;16;11;112;land;false;urban;1
10324;238;184;185;land;true;plains;1
10325;254;130;139;land;false;hills;1
10326;210;218;207;land;true;plains;1
10327;117;217;180;land;false;mountain;1
10328;202;75;244;land;false;plains;1
10329;231;112;219;land;false;plains;1
10330;223;212;162;land;false;plains;1
10331;235;151;166;land;false;plains;1
10332;38;11;55;land;false;hills;1
10333;246;218;216;land;false;forest;1
10334;146;248;206;land;false;forest;1
10335;220;87;234;land;false;forest;1
10336;191;161;156;land;false;forest;1
10337;207;159;180;land;false;plains;1
10338;173;242;250;land;true;desert;1
10339;15;1;109;land;true;urban;1
10340;224;195;85;land;false;marsh;1
10341;238;152;142;land;false;plains;1
10342;225;176;205;land;false;plains;1
10343;85;223;242;land;false;forest;1
10344;233;240;75;land;false;forest;1
10345;150;178;243;land;false;mountain;1
10346;83;55;6;land;false;urban;1
10347;185;241;134;land;false;plains;1
10348;2;108;8;land;false;urban;1
10349;175;188;178;land;false;hills;1
10350;218;214;253;land;false;plains;1
10351;79;231;200;land;false;plains;1
10352;158;181;173;land;false;forest;1
10353;184;204;192;land;false;forest;1
10354;206;138;234;land;false;plains;1
10355;229;150;198;land;false;plains;1
10356;143;183;190;land;false;plains;1
10357;104;224;240;land;false;plains;1
10358;236;104;243;land;false;plains;1
10359;178;93;239;land;false;forest;1
10360;243;95;168;land;false;forest;1
10361;175;125;254;land;false;forest;1
10362;67;228;225;land;false;mountain;1
10363;160;243;229;land;false;mountain;1
10364;179;197;192;land;false;forest;1
10365;158;209;171;land;false;mountain;1
10366;160;186;244;land;false;desert;1
10367;168;190;198;land;false;desert;1
10368;86;3;16;land;false;urban;1
10369;60;2;58;land;true;urban;1
10370;226;237;151;land;false;hills;1
10371;211;217;92;land;false;hills;1
10372;179;245;82;land;false;mountain;1
10373;150;132;225;land;false;mountain;1
10374;254;209;61;land;false;plains;1
10375;208;224;121;land;false;plains;1
10376;44;10;70;land;false;urban;1
10377;231;132;173;land;false;plains;1
10378;190;214;245;land;false;plains;1
10379;187;206;195;land;true;plains;1
10380;254;94;168;land;false;plains;1
10381;243;220;93;land;true;forest;1
10382;122;219;171;land;false;plains;1
10383;252;211;40;land;false;plains;1
10384;220;56;250;land;true;plains;1
10385;213;172;153;land;false;plains;1
10386;253;241;203;land;false;plains;1
10387;238;97;235;land;false;desert;1
10388;247;240;67;land;false;mountain;1
10389;223;233;70;land;false;forest;1
10390;132;244;243;land;false;hills;1
10391;183;159;229;land;false;forest;1
10392;140;238;224;land;false;plains;1
10393;251;227;175;land;false;plains;1
10394;103;240;162;land;false;plains;1
10395;252;203;92;land;false;plains;1
10396;238;127;152;land;false;plains;1
10397;232;178;133;land;false;plains;1
10398;82;210;210;land;false;plains;1
10399;203;106;209;land;false;plains;1
10400;181;117;234;land;false;plains;1
10401;204;213;156;land;false;plains;1
10402;48;20;42;land;false;forest;1
10403;136;187;244;land;false;forest;1
10404;220;188;156;land;true;forest;1
10405;36;225;245;land;false;plains;1
10406;80;170;251;land;false;mountain;1
10407;229;78;199;land;true;plains;1
10408;237;191;195;land;false;plains;1
10409;160;201;216;land;true;hills;1
10410;134;235;153;land;false;mountain;1
10411;250;182;72;land;false;plains;1
10412;241;180;116;land;false;plains;1
10413;151;235;220;land;false;forest;1
10414;228;80;193;land;false;plains;1
10415;23;14;78;land;true;urban;1
10416;221;204;206;land;false;plains;1
10417;129;154;235;land;false;forest;1
10418;225;143;143;land;false;forest;1
10419;234;78;201;land;false;plains;1
10420;134;120;253;land;false;forest;1
10421;82;247;233;land;false;hills;1
10422;89;174;243;land;true;forest;1
10423;254;234;235;land;true;plains;1
10424;154;253;203;land;false;plains;1
10425;246;110;186;land;false;plains;1
10426;235;134;254;land;false;desert;1
10427;195;79;250;land;false;plains;1
10428;100;230;242;land;false;plains;1
10429;11;127;0;land;false;urban;1
10430;198;232;114;land;false;plains;1
10431;252;222;125;land;false;hills;1
10432;189;159;173;land;true;mountain;1
10433;214;180;242;land;false;plains;1
10434;252;231;234;land;false;plains;1
10435;160;248;250;land;false;plains;1
10436;242;217;244;land;true;plains;1
10437;186;114;252;land;false;forest;1
10438;222;132;249;land;false;forest;1
10439;238;238;129;land;false;forest;1
10440;237;107;234;land;false;forest;1
10441;74;33;29;land;false;urban;1
10442;175;183;163;land;false;plains;1
10443;199;192;251;land;false;forest;1
10444;250;217;89;land;false;plains;1
10445;253;164;94;land;false;plains;1
10446;252;217;165;land;false;forest;1
10447;235;111;166;land;false;mountain;1
10448;213;189;131;land;false;mountain;1
10449;60;30;21;land;true;urban;1
10450;35;73;38;land;true;urban;1
10451;203;154;250;land;true;plains;1
10452;129;195;237;land;false;plains;1
10453;195;240;200;land;false;desert;1
10454;200;180;179;land;true;hills;1
10455;173;189;243;land;false;plains;1
10456;164;154;198;land;false;mountain;1
10457;246;146;159;land;false;mountain;1
10458;11;20;100;land;false;urban;1
10459;240;193;232;land;false;plains;1
10460;211;164;153;land;false;plains;1
10461;164;196;165;land;false;plains;1
10462;252;85;167;land;false;plains;1
10463;21;20;95;land;false;urban;1
10464;139;215;165;land;false;forest;1
10465;211;138;182;land;false;hills;1
10466;174;150;240;land;false;plains;1
10467;145;160;212;land;true;plains;1
10468;218;168;200;land;false;plains;1
10469;90;171;246;land;false;plains;1
10470;235;124;227;land;true;plains;1
10471;228;223;246;land;false;forest;1
10472;211;192;247;land;true;forest;1
10473;139;222;145;land;false;forest;1
10474;244;129;212;land;false;forest;1
10475;188;185;137;land;false;forest;1
10476;224;194;220;land;false;plains;1
10477;174;162;236;land;false;hills;1
10478;144;244;250;land;false;plains;1
10479;136;194;214;land;false;forest;1
10480;90;9;5;sea;true;ocean;0
10481;251;128;132;land;false;plains;1
10482;197;206;227;land;false;plains;1
10483;252;149;187;land;false;plains;1
10484;212;225;191;land;false;plains;1
10485;214;185;246;land;false;plains;1
10486;227;180;162;land;false;plains;1
10487;109;248;224;land;false;plains;1
10488;252;220;235;land;false;mountain;1
10489;211;213;110;land;false;forest;1
10490;137;228;167;land;false;plains;1
10491;220;120;237;land;false;plains;1
10492;228;64;238;land;false;plains;1
10493;223;238;89;land;false;plains;1
10494;181;143;187;land;false;plains;1
10495;162;211;215;land;false;forest;1
10496;226;154;240;land;false;forest;1
10497;237;165;222;land;false;forest;1
10498;252;177;100;land;true;plains;1
10499;247;208;158;land;false;plains;1
10500;130;251;200;land;false;mountain;1
10501;191;198;179;land;true;plains;1
10502;204;145;193;land;false;mountain;1
10503;203;203;198;land;false;forest;1
10504;235;133;221;land;false;mountain;1
10505;202;208;242;land;false;plains;1
10506;221;133;206;land;false;plains;1
10507;224;137;167;land;false;plains;1
10508;218;86;246;land;false;plains;1
10509;237;175;185;land;false;plains;1
10510;16;47;55;land;false;plains;1
10511;125;241;150;land;false;plains;1
10512;241;182;248;land;false;hills;1
10513;14;86;7;land;false;urban;1
10514;251;184;172;land;false;forest;1
10515;224;227;140;land;false;plains;1
10516;29;52;59;land;false;urban;1
10517;228;183;252;land;true;forest;1
10518;202;199;184;land;false;mountain;1
10519;205;199;142;land;false;forest;1
10520;128;247;162;land;false;forest;1
10521;222;241;49;land;false;forest;1
10522;146;168;209;land;false;mountain;1
10523;224;223;87;land;false;desert;1
10524;253;160;183;land;true;plains;1
10525;141;233;136;sea;true;ocean;0
10526;19;99;13;land;false;urban;1
10527;243;96;232;land;false;plains;1
10528;157;216;243;land;true;plains;1
10529;24;69;10;land;false;mountain;1
10530;227;132;222;land;false;hills;1
10531;180;229;143;land;false;hills;1
10532;173;132;206;land;false;mountain;1
10533;186;249;233;land;false;hills;1
10534;91;239;178;land;false;plains;1
10535;150;105;250;land;false;plains;1
10536;125;175;210;land;false;plains;1
10537;120;151;240;land;false;plains;1
10538;174;249;81;land;false;plains;1
10539;216;249;212;land;true;forest;1
10540;183;248;129;land;false;forest;1
10541;241;205;122;land;false;forest;1
10542;206;197;193;land;false;desert;1
10543;243;178;188;land;false;plains;1
10544;237;34;239;land;true;mountain;1
10545;160;186;249;land;true;plains;1
10546;166;250;207;land;false;hills;1
10547;118;226;212;land;false;mountain;1
10548;106;216;216;land;false;mountain;1
10549;168;221;182;land;false;plains;1
10550;114;253;222;land;true;plains;1
10551;251;203;104;land;false;plains;1
10552;187;239;84;land;false;plains;1
10553;222;235;60;land;true;plains;1
10554;254;206;87;land;false;hills;1
10555;246;216;112;land;false;plains;1
10556;225;239;250;land;false;plains;1
10557;23;28;64;land;false;urban;1
10558;198;219;93;land;false;plains;1
10559;251;126;180;land;false;plains;1
10560;198;99;214;land;false;plains;1
10561;236;254;252;land;false;hills;1
10562;1;8;113;land;false;urban;1
10563;10;116;11;land;false;urban;1
10564;249;174;211;land;false;mountain;1
10565;231;187;250;land;false;plains;1
10566;119;243;175;land;false;plains;1
10567;238;105;190;land;false;forest;1
10568;224;129;193;land;true;mountain;1
10569;202;229;153;land;false;plains;1
10570;77;216;254;land;false;hills;1
10571;250;209;211;land;false;forest;1
10572;190;238;81;land;true;mountain;1
10573;232;253;56;land;true;hills;1
10574;161;177;206;land;false;mountain;1
10575;199;117;200;land;false;mountain;1
10576;250;162;176;land;true;plains;1
10577;239;203;68;land;false;forest;1
10578;125;137;241;land;true;plains;1
10579;124;188;243;land;true;plains;1
10580;61;213;253;land;false;forest;1
10581;188;244;123;land;false;mountain;1
10582;254;99;166;land;false;plains;1
10583;40;17;51;land;false;urban;1
10584;210;160;242;land;false;plains;1
10585;217;245;235;land;false;plains;1
10586;97;229;215;land;false;plains;1
10587;235;253;132;land;false;plains;1
10588;226;191;229;land;false;plains;1
10589;194;222;155;land;false;hills;1
10590;187;224;192;land;false;plains;1
10591;127;235;249;land;false;plains;1
10592;9;51;70;land;false;urban;1
10593;128;245;140;land;false;plains;1
10594;236;125;184;land;false;plains;1
10595;225;230;47;land;false;forest;1
10596;25;76;44;land;false;urban;1
10597;191;230;207;land;false;forest;1
10598;176;74;254;land;false;forest;1
10599;133;236;191;land;false;forest;1
10600;213;156;210;land;false;forest;1
10601;189;245;88;land;false;plains;1
10602;189;129;190;land;false;hills;1
10603;188;115;215;land;true;desert;1
10604;99;175;238;land;false;desert;1
10605;234;254;215;land;false;mountain;1
10606;168;235;179;land;false;plains;1
10607;184;111;230;land;true;hills;1
10608;69;7;58;land;false;urban;1
10609;199;170;143;land;false;hills;1
10610;188;152;223;land;false;plains;1
10611;85;213;210;land;false;plains;1
10612;184;73;253;land;false;hills;1
10613;212;222;252;land;false;plains;1
10614;100;235;250;land;false;plains;1
10615;223;244;207;land;false;mountain;1
10616;96;218;194;land;false;forest;1
10617;218;242;172;land;false;plains;1
10618;84;247;200;land;false;plains;1
10619;200;200;105;land;false;plains;1
10620;254;77;176;land;false;forest;1
10621;231;184;191;land;false;forest;1
10622;144;208;153;land;false;forest;1
10623;95;253;212;land;false;forest;1
10624;188;232;132;land;false;plains;1
10625;247;89;177;land;false;plains;1
10626;147;192;180;land;false;mountain;1
10627;214;58;231;land;true;desert;1
10628;18;56;37;land;false;urban;1
10629;67;240;216;land;true;plains;1
10630;178;214;167;land;true;plains;1
10631;243;204;254;land;false;desert;1
10632;250;62;201;land;true;plains;1
10633;156;166;218;land;false;desert;1
10634;127;215;241;land;true;forest;1
10635;200;149;173;land;false;mountain;1
10636;232;194;148;land;false;hills;1
10637;199;235;94;land;false;hills;1
10638;233;157;212;land;false;mountain;1
10639;120;3;44;land;false;forest;1
10640;77;84;231;land;false;forest;1
10641;220;189;138;land;false;plains;1
10642;68;235;225;land;false;forest;1
10643;225;183;115;land;false;forest;1
10644;196;149;244;land;false;plains;1
10645;253;220;163;land;false;forest;1
10646;71;63;4;land;true;urban;1
10647;19;79;28;land;false;forest;1
10648;202;247;221;land;false;forest;1
10649;213;182;112;land;false;plains;1
10650;240;114;226;land;true;plains;1
10651;206;143;184;land;false;mountain;1
10652;245;123;194;land;true;hills;1
10653;163;234;121;land;false;mountain;1
10654;247;248;97;land;false;hills;1
10655;231;115;228;land;false;plains;1
10656;218;167;242;land;false;hills;1
10657;225;145;166;land;false;plains;1
10658;242;204;251;land;false;plains;1
10659;230;201;148;land;false;forest;1
10660;151;240;117;land;false;plains;1
10661;181;115;248;land;false;plains;1
10662;53;39;32;land;true;urban;1
10663;223;209;151;land;false;forest;1
10664;156;194;246;land;false;forest;1
10665;236;174;146;land;false;forest;1
10666;222;156;222;land;true;forest;1
10667;59;228;249;land;false;mountain;1
10668;183;210;182;land;false;forest;1
10669;251;228;111;land;false;hills;1
10670;165;184;180;land;false;plains;1
10671;246;222;238;land;false;plains;1
10672;159;139;234;land;false;plains;1
10673;91;234;210;land;false;plains;1
10674;149;249;113;land;false;plains;1
10675;42;27;54;land;false;urban;1
10676;202;182;154;land;false;mountain;1
10677;125;95;3;sea;true;ocean;0
10678;254;187;107;land;false;forest;1
10679;148;215;253;land;false;hills;1
10680;198;144;185;land;false;plains;1
10681;56;12;61;land;false;urban;1
10682;142;187;229;land;false;plains;1
10683;249;173;134;land;false;plains;1
10684;196;151;185;land;false;plains;1
10685;246;227;130;land;false;plains;1
10686;164;169;197;land;false;plains;1
10687;250;251;11;land;false;hills;1
10688;247;158;133;land;false;plains;1
10689;154;193;226;land;false;plains;1
10690;177;202;205;land;false;plains;1
10691;252;131;254;land;false;plains;1
10692;223;82;210;land;false;plains;1
10693;9;23;100;land;false;urban;1
10694;202;109;206;land;false;plains;1
10695;116;214;240;land;false;plains;1
10696;233;239;115;land;false;plains;1
10697;251;244;210;land;true;urban;1
10698;211;143;147;land;false;forest;1
10699;247;42;212;land;false;forest;1
10700;198;89;235;land;true;forest;1
10701;189;222;131;land;false;forest;1
10702;191;219;233;land;false;forest;1
10703;107;233;168;land;false;mountain;1
10704;81;233;218;land;false;plains;1
10705;233;174;168;land;true;forest;1
10706;113;240;242;land;false;desert;1
10707;194;168;228;land;false;plains;1
10708;23;249;238;land;false;forest;1
10709;58;57;13;land;false;urban;1
10710;183;185;204;land;false;hills;1
10711;187;175;207;land;false;hills;1
10712;252;249;211;land;false;plains;1
10713;93;237;195;land;false;plains;1
10714;245;161;148;land;false;plains;1
10715;14;13;117;land;false;plains;1
10716;117;164;221;land;false;mountain;1
10717;71;21;47;land;false;urban;1
10718;248;196;179;land;true;plains;1
10719;232;84;249;land;false;plains;1
10720;13;89;17;land;false;urban;1
10721;252;110;233;land;false;plains;1
10722;43;7;60;land;false;forest;1
10723;193;212;252;land;false;plains;1
10724;253;70;250;land;true;plains;1
10725;167;186;148;land;false;plains;1
10726;236;114;169;land;false;plains;1
10727;210;147;232;land;true;forest;1
10728;93;238;252;land;true;plains;1
10729;228;188;161;land;true;hills;1
10730;222;189;115;land;true;hills;1
10731;126;208;252;land;false;hills;1
10732;198;65;244;land;false;hills;1
10733;221;125;216;land;false;hills;1
10734;220;135;164;land;false;hills;1
10735;236;120;172;land;false;plains;1
10736;193;154;236;land;false;plains;1
10737;218;205;208;land;false;plains;1
10738;14;55;77;land;false;urban;1
10739;180;135;222;land;false;mountain;1
10740;244;140;236;land;false;plains;1
10741;201;168;220;land;false;plains;1
10742;254;122;196;land;false;plains;1
10743;235;235;176;land;false;plains;1
10744;167;209;252;land;true;plains;1
10745;185;168;159;land;false;forest;1
10746;219;154;204;land;false;plains;1
10747;228;242;99;land;true;desert;1
10748;34;59;53;land;true;urban;1
10749;147;239;133;land;true;hills;1
10750;17;5;95;land;false;plains;1
10751;226;245;89;land;false;plains;1
10752;220;132;168;land;false;hills;1
10753;196;229;90;land;false;plains;1
10754;238;168;162;land;false;plains;1
10755;52;254;249;land;false;hills;1
10756;184;247;225;land;false;mountain;1
10757;237;122;207;land;false;plains;1
10758;234;217;204;land;true;plains;1
10759;29;92;11;land;false;urban;1
10760;95;1;14;land;false;urban;1
10761;5;86;29;land;false;urban;1
10762;165;121;251;land;false;plains;1
10763;225;119;179;land;false;plains;1
10764;254;229;179;land;false;forest;1
10765;225;71;251;land;false;plains;1
10766;203;199;237;land;false;plains;1
10767;240;220;175;land;false;plains;1
10768;114;222;186;land;false;mountain;1
10769;109;29;0;land;false;urban;1
10770;228;102;208;land;false;plains;1
10771;242;214;110;land;true;forest;1
10772;216;88;241;land;false;forest;1
10773;154;241;149;land;true;plains;1
10774;152;198;175;land;true;plains;1
10775;240;228;201;land;false;hills;1
10776;233;166;212;land;false;hills;1
10777;157;246;193;land;false;plains;1
10778;214;148;178;land;false;plains;1
10779;159;219;165;land;false;plains;1
10780;196;181;192;land;false;plains;1
10781;219;206;135;land;false;forest;1
10782;178;179;144;land;false;plains;1
10783;3;83;34;land;false;urban;1
10784;209;223;210;land;false;plains;1
10785;223;247;212;land;false;plains;1
10786;252;130;135;land;false;plains;1
10787;253;33;228;land;false;forest;1
10788;252;103;248;land;false;forest;1
10789;184;182;200;land;false;forest;1
10790;166;181;185;land;false;forest;1
10791;208;175;218;land;false;forest;1
10792;230;192;132;land;true;forest;1
10793;152;220;182;land;true;hills;1
10794;212;77;234;land;false;plains;1
10795;168;251;244;land;false;forest;1
10796;115;199;207;land;false;mountain;1
10797;224;218;84;land;true;plains;1
10798;34;45;32;land;false;urban;1
10799;250;175;176;land;false;hills;1
10800;147;164;203;land;false;plains;1
10801;21;52;59;land;true;urban;1
10802;109;231;191;land;true;plains;1
10803;196;127;237;land;true;plains;1
10804;234;33;246;land;true;plains;1
10805;159;216;143;land;true;plains;1
10806;235;188;225;land;false;hills;1
10807;192;240;219;land;false;hills;1
10808;183;220;102;land;false;hills;1
10809;202;173;248;land;false;hills;1
10810;163;176;208;land;false;hills;1
10811;252;238;158;land;false;plains;1
10812;144;240;181;land;false;mountain;1
10813;245;225;76;land;false;plains;1
10814;243;150;112;land;false;plains;1
10815;118;181;250;land;false;plains;1
10816;19;75;37;land;false;urban;1
10817;215;157;151;land;false;forest;1
10818;234;196;177;land;false;plains;1
10819;26;254;224;land;false;plains;1
10820;37;61;22;land;false;urban;1
10821;113;211;224;land;false;plains;1
10822;203;231;181;land;false;forest;1
10823;253;206;45;land;false;mountain;1
10824;172;212;217;land;false;plains;1
10825;145;212;187;land;false;jungle;1
10826;170;189;182;land;false;plains;1
10827;230;143;168;land;false;hills;1
10828;231;240;247;land;false;desert;1
10829;250;136;172;land;true;plains;1
10830;214;192;166;land;true;mountain;1
10831;232;159;217;land;false;hills;1
10832;137;162;216;land;false;plains;1
10833;232;244;82;land;false;hills;1
10834;236;190;227;land;false;plains;1
10835;223;153;215;land;false;hills;1
10836;26;8;85;land;false;plains;1
10837;192;220;192;land;false;plains;1
10838;188;225;110;land;true;plains;1
10839;245;147;186;land;false;forest;1
10840;235;108;178;land;false;forest;1
10841;225;193;165;land;false;forest;1
10842;70;27;15;land;true;urban;1
10843;49;69;23;land;true;urban;1
10844;134;179;244;land;false;plains;1
10845;11;49;66;land;false;urban;1
10846;48;42;26;land;false;urban;1
10847;248;93;253;land;false;hills;1
10848;96;201;243;land;false;hills;1
10849;194;239;116;land;false;plains;1
10850;99;170;238;land;false;hills;1
10851;97;3;11;land;false;urban;1
10852;243;132;203;land;false;plains;1
10853;242;124;212;land;false;plains;1
10854;235;210;192;land;false;forest;1
10855;162;247;136;land;false;forest;1
10856;212;174;241;land;false;plains;1
10857;218;132;159;land;false;plains;1
10858;191;185;152;land;false;plains;1
10859;252;174;102;land;false;plains;1
10860;223;254;252;land;false;plains;1
10861;10;46;75;land;false;urban;1
10862;85;19;11;land;false;urban;1
10863;79;232;218;land;false;plains;1
10864;211;234;249;land;false;forest;1
10865;178;233;175;land;false;forest;1
10866;243;187;108;land;false;forest;1
10867;134;243;231;land;false;forest;1
10868;226;144;176;land;true;mountain;1
10869;48;254;239;land;false;plains;1
10870;103;248;242;land;false;hills;1
10871;183;99;240;land;true;plains;1
10872;172;228;250;land;false;plains;1
10873;115;168;227;land;true;plains;1
10874;79;22;0;land;true;urban;1
10875;164;157;250;land;false;mountain;1
10876;171;232;179;land;false;hills;1
10877;18;59;40;land;false;urban;1
10878;158;224;169;land;false;plains;1
10879;230;234;94;land;false;plains;1
10880;236;130;160;land;false;forest;1
10881;114;236;221;land;false;plains;1
10882;83;199;253;land;false;plains;1
10883;229;206;100;land;false;forest;1
10884;181;224;205;land;false;forest;1
10885;185;136;236;land;false;forest;1
10886;220;155;243;land;false;forest;1
10887;209;166;227;land;false;forest;1
10888;133;245;212;land;true;plains;1
10889;180;212;174;land;false;plains;1
10890;53;43;30;land;false;mountain;1
10891;152;160;247;land;false;mountain;1
10892;203;226;229;land;false;desert;1
10893;160;170;199;land;true;forest;1
10894;209;145;222;land;true;plains;1
10895;125;176;218;land;true;plains;1
10896;194;198;114;land;false;hills;1
10897;168;225;234;land;false;mountain;1
10898;235;250;80;land;false;hills;1
10899;252;92;236;land;false;hills;1
10900;200;162;235;land;false;plains;1
10901;155;93;254;land;false;plains;1
10902;218;172;244;land;false;plains;1
10903;238;199;168;land;false;plains;1
10904;148;202;210;land;false;plains;1
10905;195;165;215;land;false;mountain;1
10906;158;204;158;land;false;forest;1
10907;225;246;89;land;false;plains;1
10908;173;185;249;land;false;forest;1
10909;247;194;119;land;false;forest;1
10910;53;69;15;land;false;forest;1
10911;248;192;154;land;false;forest;1
10912;245;81;214;land;false;forest;1
10913;218;240;165;land;false;forest;1
10914;204;222;218;land;true;hills;1
10915;190;167;206;land;false;forest;1
10916;223;78;238;land;false;forest;1
10917;134;131;245;land;false;forest;1
10918;205;99;235;land;false;plains;1
10919;202;196;215;land;false;plains;1
10920;130;198;193;land;false;plains;1
10921;166;132;232;land;false;hills;1
10922;78;180;246;land;false;hills;1
10923;106;221;205;land;true;plains;1
10924;198;194;251;land;true;plains;1
10925;188;216;178;land;true;desert;1
10926;231;145;239;land;true;desert;1
10927;148;222;153;land;true;mountain;1
10928;220;231;55;land;false;hills;1
10929;238;252;216;land;false;plains;1
10930;200;197;174;land;false;plains;1
10931;236;241;208;land;false;hills;1
10932;142;225;179;land;false;mountain;1
10933;155;160;234;land;false;mountain;1
10934;204;223;161;land;true;hills;1
10935;215;215;184;land;true;plains;1
10936;58;224;251;land;false;plains;1
10937;205;185;245;land;false;plains;1
10938;200;202;185;land;false;plains;1
10939;191;233;141;land;true;plains;1
10940;253;130;156;land;true;plains;1
10941;100;224;208;land;true;plains;1
10942;248;113;205;land;false;plains;1
10943;10;77;55;land;true;urban;1
10944;253;130;202;land;false;hills;1
10945;197;142;168;land;false;hills;1
10946;185;209;250;land;false;hills;1
10947;166;241;103;land;false;mountain;1
10948;230;168;162;land;false;plains;1
10949;94;21;12;land;false;urban;1
10950;206;222;152;land;false;plains;1
10951;60;238;228;land;false;plains;1
10952;67;42;2;land;false;urban;1
10953;243;179;177;land;false;plains;1
10954;230;114;222;land;false;mountain;1
10955;190;249;112;land;false;forest;1
10956;187;160;208;land;true;plains;1
10957;219;219;129;land;false;plains;1
10958;228;253;91;land;false;plains;1
10959;184;166;199;land;false;plains;1
10960;111;198;250;land;false;plains;1
10961;96;37;10;land;false;urban;1
10962;177;182;179;land;false;plains;1
10963;177;191;254;land;false;forest;1
10964;229;218;92;land;false;forest;1
10965;118;171;226;land;false;forest;1
10966;236;253;104;land;false;forest;1
10967;190;169;206;land;false;mountain;1
10968;188;223;201;land;false;plains;1
10969;216;100;254;land;true;plains;1
10970;243;207;112;land;false;hills;1
10971;85;231;189;land;false;plains;1
10972;20;46;58;land;false;urban;1
10973;196;91;217;land;true;plains;1
10974;191;212;161;land;false;hills;1
10975;98;36;1;land;true;urban;1
10976;225;237;222;land;false;mountain;1
10977;163;234;107;land;false;plains;1
10978;232;223;198;land;false;plains;1
10979;188;186;188;land;false;plains;1
10980;216;231;147;land;false;plains;1
10981;228;200;113;land;false;plains;1
10982;222;240;220;land;false;plains;1
10983;125;238;165;land;true;mountain;1
10984;219;139;217;land;false;forest;1
10985;98;184;242;land;false;forest;1
10986;249;212;135;land;false;mountain;1
10987;209;213;119;land;false;forest;1
10988;224;233;101;land;false;plains;1
10989;48;50;14;land;false;urban;1
10990;228;216;148;land;true;plains;1
10991;221;226;218;land;false;forest;1
10992;245;199;174;land;false;forest;1
10993;177;194;244;land;false;forest;1
10994;165;247;105;land;true;hills;1
10995;189;156;247;land;true;desert;1
10996;39;245;251;land;false;plains;1
10997;233;105;218;land;true;plains;1
10998;94;199;211;land;false;desert;1
10999;149;237;151;land;true;plains;1
11000;45;67;12;land;true;urban;1
11001;199;210;231;land;true;plains;1
11002;246;135;182;land;false;hills;1
11003;172;208;133;land;false;hills;1
11004;249;77;178;land;false;hills;1
11005;154;239;182;land;false;mountain;1
11006;226;220;191;land;false;hills;1
11007;135;160;242;land;false;hills;1
11008;245;162;164;land;false;plains;1
11009;45;57;27;land;false;urban;1
11010;229;156;167;land;false;forest;1
11011;162;224;173;land;false;plains;1
11012;108;24;17;land;false;urban;1
11013;142;242;170;land;false;plains;1
11014;6;55;49;land;false;urban;1
11015;64;39;7;land;false;urban;1
11016;227;83;203;land;false;plains;1
11017;197;228;139;land;false;forest;1
11018;240;222;100;land;false;forest;1
11019;215;204;86;land;false;forest;1
11020;119;214;241;land;false;forest;1
11021;244;247;131;land;false;forest;1
11022;41;23;55;land;true;urban;1
11023;196;224;198;land;false;mountain;1
11024;249;236;246;land;true;desert;1
11025;242;117;241;land;true;plains;1
11026;175;231;169;land;true;mountain;1
11027;56;20;28;land;false;urban;1
11028;253;41;238;land;false;hills;1
11029;204;176;138;land;false;hills;1
11030;35;79;33;land;false;plains;1
11031;233;202;245;land;false;plains;1
11032;221;114;179;land;false;hills;1
11033;192;224;238;land;false;hills;1
11034;161;126;234;land;false;plains;1
11035;174;230;163;land;false;forest;1
11036;230;189;220;land;false;forest;1
11037;249;237;162;land;false;plains;1
11038;239;245;49;land;false;plains;1
11039;181;251;148;land;false;plains;1
11040;50;24;48;land;false;urban;1
11041;198;113;216;land;false;plains;1
11042;50;19;32;land;false;urban;1
11043;252;222;101;land;false;plains;1
11044;1;0;139;land;false;urban;1
11045;224;180;135;land;false;forest;1
11046;244;193;191;land;true;forest;1
11047;95;6;29;land;false;urban;1
11048;10;101;28;land;false;urban;1
11049;169;229;167;land;true;plains;1
11050;228;178;146;land;false;plains;1
11051;252;146;109;land;false;desert;1
11052;194;235;234;land;true;desert;1
11053;60;38;48;land;false;urban;1
11054;219;121;208;land;false;mountain;1
11055;161;215;184;land;true;mountain;1
11056;205;90;219;land;true;hills;1
11057;207;184;176;land;false;hills;1
11058;148;195;175;land;false;hills;1
11059;158;168;202;land;false;plains;1
11060;247;227;53;land;false;plains;1
11061;24;54;64;land;false;urban;1
11062;158;230;254;land;false;forest;1
11063;201;222;94;land;false;plains;1
11064;197;248;253;land;false;plains;1
11065;250;91;201;land;false;forest;1
11066;51;39;46;land;false;urban;1
11067;222;248;114;land;false;forest;1
11068;141;187;185;land;false;forest;1
11069;246;184;243;land;false;hills;1
11070;152;228;177;land;false;forest;1
11071;241;130;139;land;false;plains;1
11072;170;199;165;land;true;mountain;1
11073;186;216;126;land;true;plains;1
11074;186;225;254;land;false;plains;1
11075;223;199;87;land;false;hills;1
11076;220;185;114;land;false;hills;1
11077;235;133;206;land;false;hills;1
11078;250;247;90;land;false;plains;1
11079;230;199;88;land;false;plains;1
11080;145;251;173;land;false;hills;1
11081;207;254;132;land;false;plains;1
11082;209;116;178;land;false;forest;1
11083;187;189;133;land;false;plains;1
11084;180;138;203;land;false;plains;1
11085;237;144;128;land;false;plains;1
11086;216;203;158;land;false;forest;1
11087;218;136;147;land;false;forest;1
11088;192;142;193;land;false;forest;1
11089;248;191;128;land;false;forest;1
11090;94;19;0;land;false;forest;1
11091;76;224;225;land;false;plains;1
11092;235;200;253;land;false;plains;1
11093;4;45;96;land;false;urban;1
11094;226;182;198;land;true;desert;1
11095;248;153;159;land;false;forest;1
11096;127;211;253;land;true;desert;1
11097;186;254;223;land;false;hills;1
11098;195;206;122;land;false;hills;1
11099;165;172;166;land;false;hills;1
11100;212;134;213;land;false;hills;1
11101;3;112;34;land;false;mountain;1
11102;62;244;204;land;false;mountain;1
11103;201;225;225;land;false;plains;1
11104;100;246;171;land;false;plains;1
11105;165;167;186;land;false;plains;1
11106;230;50;239;land;false;plains;1
11107;248;203;89;land;false;plains;1
11108;241;55;206;land;true;plains;1
11109;247;176;178;land;false;plains;1
11110;217;154;169;land;false;plains;1
11111;250;63;219;land;false;plains;1
11112;189;236;252;land;false;forest;1
11113;236;249;244;land;true;forest;1
11114;111;237;155;land;false;forest;1
11115;142;253;231;land;false;hills;1
11116;217;71;218;land;true;plains;1
11117;70;3;51;land;false;hills;1
11118;250;202;243;land;false;mountain;1
11119;154;197;182;land;true;plains;1
11120;222;116;177;land;true;plains;1
11121;232;84;246;land;true;plains;1
11122;23;29;70;land;false;urban;1
11123;240;171;176;land;false;mountain;1
11124;152;212;218;land;false;plains;1
11125;54;40;43;land;false;plains;1
11126;249;90;215;land;false;plains;1
11127;203;178;254;land;false;plains;1
11128;254;198;96;land;false;plains;1
11129;162;217;217;land;false;hills;1
11130;187;156;181;land;false;plains;1
11131;166;242;169;land;true;plains;1
11132;206;249;152;land;false;forest;1
11133;44;41;25;land;false;forest;1
11134;151;175;236;land;false;mountain;1
11135;215;179;139;land;false;plains;1
11136;191;239;212;land;false;plains;1
11137;15;43;83;land;false;urban;1
11138;237;204;60;land;false;plains;1
11139;205;251;53;land;true;desert;1
11140;160;174;250;land;false;desert;1
11141;148;225;141;land;true;desert;1
11142;189;143;237;land;false;hills;1
11143;105;179;223;land;false;hills;1
11144;196;237;114;land;false;mountain;1
11145;202;180;248;land;false;plains;1
11146;243;72;218;land;false;mountain;1
11147;231;214;138;land;false;hills;1
11148;121;202;216;land;false;hills;1
11149;246;189;165;land;false;hills;1
11150;69;212;224;land;false;plains;1
11151;174;230;103;land;false;plains;1
11152;211;144;226;land;false;plains;1
11153;145;227;225;land;false;plains;1
11154;176;246;222;land;false;plains;1
11155;241;175;161;land;true;plains;1
11156;253;193;130;land;true;plains;1
11157;104;23;6;land;false;urban;1
11158;115;159;251;land;false;plains;1
11159;218;202;173;land;false;plains;1
11160;125;202;188;land;false;plains;1
11161;242;161;148;land;false;plains;1
11162;249;233;96;land;false;forest;1
11163;46;30;59;land;false;urban;1
11164;243;252;48;land;true;forest;1
11165;191;213;211;land;false;mountain;1
11166;33;55;60;land;false;urban;1
11167;166;246;196;land;false;plains;1
11168;129;236;185;land;false;mountain;1
11169;218;209;105;land;false;plains;1
11170;128;249;187;land;false;desert;1
11171;144;252;116;land;true;plains;1
11172;29;100;4;land;true;urban;1
11173;70;28;8;land;false;urban;1
11174;175;207;151;land;false;plains;1
11175;252;247;90;land;false;plains;1
11176;204;233;180;land;false;plains;1
11177;159;173;254;land;false;plains;1
11178;241;82;254;land;false;plains;1
11179;161;125;242;land;true;plains;1
11180;219;194;120;land;false;forest;1
11181;196;185;123;land;true;forest;1
11182;246;185;108;land;false;forest;1
11183;181;212;161;land;false;forest;1
11184;208;156;244;land;false;forest;1
11185;223;219;76;land;false;plains;1
11186;242;197;135;land;false;plains;1
11187;60;239;239;land;true;plains;1
11188;244;170;196;land;true;forest;1
11189;249;171;106;land;false;desert;1
11190;39;31;59;land;true;urban;1
11191;125;234;143;land;false;mountain;1
11192;161;215;148;land;false;hills;1
11193;186;235;225;land;false;plains;1
11194;156;125;254;land;false;plains;1
11195;218;198;241;land;false;plains;1
11196;180;221;141;land;false;plains;1
11197;139;237;157;land;false;plains;1
11198;245;182;237;land;false;hills;1
11199;168;180;215;land;false;hills;1
11200;26;45;43;land;false;hills;1
11201;249;213;82;land;false;hills;1
11202;229;183;138;land;false;forest;1
11203;210;66;254;land;false;plains;1
11204;167;243;97;land;false;plains;1
11205;184;96;226;land;false;forest;1
11206;214;185;134;land;false;forest;1
11207;186;165;234;land;false;plains;1
11208;239;105;166;land;true;desert;1
11209;191;232;207;land;false;plains;1
11210;230;240;64;land;false;hills;1
11211;2;20;115;land;false;urban;1
11212;206;126;247;land;false;hills;1
11213;183;239;135;land;false;hills;1
11214;163;219;169;land;false;plains;1
11215;232;103;214;land;false;hills;1
11216;205;102;203;land;false;plains;1
11217;236;174;120;land;false;plains;1
11218;230;130;187;land;false;plains;1
11219;218;190;102;land;false;plains;1
11220;169;153;185;land;false;plains;1
11221;28;46;29;land;false;urban;1
11222;252;182;201;land;true;plains;1
11223;209;220;161;land;false;plains;1
11224;139;161;250;land;false;plains;1
11225;186;156;202;land;false;plains;1
11226;11;86;4;land;false;urban;1
11227;63;37;20;land;false;urban;1
11228;210;159;251;land;false;plains;1
11229;87;236;207;land;false;forest;1
11230;223;233;203;land;false;mountain;1
11231;62;47;4;land;false;urban;1
11232;68;17;32;land;false;hills;1
11233;188;235;78;land;false;mountain;1
11234;199;192;185;land;false;plains;1
11235;212;244;213;land;false;plains;1
11236;63;45;26;land;false;urban;1
11237;197;196;253;land;false;plains;1
11238;40;98;10;land;true;marsh;1
11239;250;235;185;land;true;forest;1
11240;115;214;210;land;true;hills;1
11241;116;246;208;land;false;desert;1
11242;196;211;120;land;true;hills;1
11243;183;215;253;land;false;hills;1
11244;69;2;49;land;false;urban;1
11245;252;184;186;land;false;plains;1
11246;169;191;206;land;false;plains;1
11247;164;145;217;land;false;plains;1
11248;206;248;218;land;false;plains;1
11249;173;238;139;land;false;forest;1
11250;34;47;21;land;false;urban;1
11251;213;188;169;land;false;forest;1
11252;183;223;97;land;false;plains;1
11253;160;178;198;land;false;forest;1
11254;183;218;228;land;false;plains;1
11255;229;37;19;land;false;urban;1
11256;204;137;160;land;true;plains;1
11257;245;247;15;land;true;plains;1
11258;241;92;203;land;false;forest;1
11259;209;220;157;land;false;forest;1
11260;241;72;234;land;false;forest;1
11261;249;238;214;land;false;forest;1
11262;52;253;224;land;false;plains;1
11263;209;124;171;land;false;plains;1
11264;210;142;192;land;false;plains;1
11265;231;227;145;land;false;mountain;1
11266;146;156;221;land;false;mountain;1
11267;121;199;190;land;true;marsh;1
11268;216;212;172;land;false;desert;1
11269;120;199;230;land;false;desert;1
11270;250;148;137;land;true;desert;1
11271;200;224;110;land;false;plains;1
11272;184;155;188;land;false;plains;1
11273;252;38;214;land;false;plains;1
11274;167;165;181;land;false;plains;1
11275;246;246;36;land;false;hills;1
11276;225;113;202;land;false;mountain;1
11277;172;195;202;land;false;plains;1
11278;244;82;211;land;false;plains;1
11279;117;211;235;land;false;plains;1
11280;104;3;29;land;false;urban;1
11281;147;238;191;land;false;plains;1
11282;250;208;160;land;false;plains;1
11283;60;253;200;land;false;desert;1
11284;227;118;159;land;false;plains;1
11285;196;150;212;land;true;mountain;1
11286;190;213;187;land;true;urban;1
11287;228;191;191;land;false;plains;1
11288;124;152;232;land;false;plains;1
11289;15;98;36;land;false;urban;1
11290;217;146;145;land;false;urban;1
11291;210;222;187;land;false;plains;1
11292;220;97;206;land;false;forest;1
11293;244;172;243;land;false;forest;1
11294;175;155;205;land;false;forest;1
11295;216;247;170;land;false;forest;1
11296;39;227;253;land;false;forest;1
11297;160;243;228;land;false;forest;1
11298;190;191;244;land;true;forest;1
11299;122;166;221;land;false;forest;1
11300;211;182;159;land;false;mountain;1
11301;59;50;22;land;false;urban;1
11302;243;225;221;land;true;desert;1
11303;231;206;227;land;true;plains;1
11304;130;200;197;land;false;plains;1
11305;139;185;214;land;false;hills;1
11306;233;183;175;land;false;plains;1
11307;142;201;220;land;false;hills;1
11308;158;214;192;land;false;hills;1
11309;203;60;238;land;false;hills;1
11310;116;187;205;land;false;plains;1
11311;227;214;176;land;false;plains;1
11312;127;215;170;land;false;plains;1
11313;241;137;248;land;false;hills;1
11314;207;213;177;land;false;forest;1
11315;171;139;192;land;false;plains;1
11316;212;204;212;land;false;plains;1
11317;215;118;183;land;false;plains;1
11318;149;252;229;land;false;forest;1
11319;160;205;240;land;false;forest;1
11320;214;153;208;land;true;mountain;1
11321;194;191;131;land;false;mountain;1
11322;4;64;53;land;true;mountain;1
11323;216;70;216;land;true;hills;1
11324;236;224;42;land;true;plains;1
11325;251;31;249;land;false;forest;1
11326;240;189;244;land;false;mountain;1
11327;88;204;244;land;false;mountain;1
11328;63;38;34;land;false;urban;1
11329;234;173;237;land;false;plains;1
11330;249;150;145;land;false;hills;1
11331;213;251;83;land;false;plains;1
11332;175;165;230;land;false;plains;1
11333;202;138;173;land;false;forest;1
11334;232;201;217;land;false;forest;1
11335;6;61;75;land;false;urban;1
11336;244;218;193;land;false;plains;1
11337;240;167;192;land;true;forest;1
11338;197;195;200;land;false;forest;1
11339;208;241;122;land;false;mountain;1
11340;153;244;118;land;true;marsh;1
11341;224;222;119;land;true;marsh;1
11342;250;75;176;land;true;plains;1
11343;194;198;110;land;false;hills;1
11344;143;139;238;land;false;plains;1
11345;207;246;88;land;false;plains;1
11346;165;184;161;land;false;plains;1
11347;220;253;239;land;false;hills;1
11348;251;204;208;land;false;plains;1
11349;239;240;87;land;false;plains;1
11350;7;247;248;land;false;plains;1
11351;253;129;214;land;false;plains;1
11352;210;83;241;land;true;plains;1
11353;224;244;214;land;true;plains;1
11354;48;10;70;land;true;urban;1
11355;214;183;156;land;false;forest;1
11356;197;105;248;land;false;forest;1
11357;39;65;14;land;false;urban;1
11358;189;250;211;land;false;forest;1
11359;121;252;212;land;false;forest;1
11360;220;245;249;land;false;hills;1
11361;235;226;204;land;false;plains;1
11362;88;34;21;land;false;mountain;1
11363;116;226;227;land;false;plains;1
11364;248;254;149;land;false;plains;1
11365;139;196;175;land;false;plains;1
11366;88;44;16;land;false;hills;1
11367;90;241;250;land;false;plains;1
11368;252;191;182;land;true;forest;1
11369;83;237;192;land;true;jungle;1
11370;182;159;160;land;false;mountain;1
11371;157;100;251;land;false;hills;1
11372;209;164;235;land;false;hills;1
11373;237;158;167;land;false;hills;1
11374;200;246;254;land;false;hills;1
11375;243;243;174;land;false;plains;1
11376;95;252;185;land;false;plains;1
11377;241;224;116;land;false;forest;1
11378;94;52;2;land;false;urban;1
11379;209;178;232;land;false;hills;1
11380;35;99;11;land;false;urban;1
11381;131;245;148;land;false;forest;1
11382;252;203;66;land;true;plains;1
11383;224;252;124;land;false;forest;1
11384;123;231;172;land;false;forest;1
11385;223;180;226;land;false;forest;1
11386;240;164;200;land;false;hills;1
11387;201;101;228;land;false;forest;1
11388;109;185;225;land;false;plains;1
11389;229;243;207;land;false;plains;1
11390;159;226;129;land;false;plains;1
11391;252;110;161;land;false;desert;1
11392;135;157;226;land;false;mountain;1
11393;139;239;145;land;true;desert;1
11394;221;148;169;land;false;mountain;1
11395;202;93;254;land;false;plains;1
11396;41;30;73;land;false;urban;1
11397;207;250;105;land;false;desert;1
11398;230;185;150;land;false;hills;1
11399;253;217;208;land;false;forest;1
11400;250;194;75;land;false;forest;1
11401;240;208;194;land;false;hills;1
11402;127;244;230;land;false;plains;1
11403;39;26;51;land;false;urban;1
11404;6;44;71;land;true;urban;1
11405;200;231;135;land;true;plains;1
11406;76;31;1;land;false;urban;1
11407;238;132;207;land;false;plains;1
11408;186;183;154;land;true;mountain;1
11409;163;194;223;land;false;hills;1
11410;142;203;196;land;false;plains;1
11411;112;236;209;land;false;plains;1
11412;104;228;199;land;false;plains;1
11413;207;178;161;land;true;mountain;1
11414;134;199;172;land;false;plains;1
11415;247;215;130;land;false;plains;1
11416;66;253;223;land;false;mountain;1
11417;159;159;204;land;false;desert;1
11418;71;242;242;land;false;mountain;1
11419;252;209;197;land;true;marsh;1
11420;216;226;212;land;true;desert;1
11421;243;63;228;land;false;hills;1
11422;115;233;196;land;false;mountain;1
11423;194;237;134;land;false;plains;1
11424;206;145;152;land;false;hills;1
11425;239;171;106;land;false;plains;1
11426;100;234;248;land;false;plains;1
11427;223;165;147;land;false;forest;1
11428;250;220;182;land;false;plains;1
11429;237;163;250;land;false;mountain;1
11430;76;9;36;land;false;urban;1
11431;44;23;75;land;false;urban;1
11432;78;39;5;land;false;urban;1
11433;168;180;208;land;false;plains;1
11434;212;102;218;land;false;plains;1
11435;76;27;40;land;false;urban;1
11436;248;169;158;land;false;mountain;1
11437;82;243;199;land;false;desert;1
11438;252;32;250;land;false;forest;1
11439;224;227;107;land;false;forest;1
11440;254;117;232;land;false;forest;1
11441;182;218;203;land;true;desert;1
11442;189;235;167;land;false;mountain;1
11443;236;101;167;land;false;plains;1
11444;198;229;108;land;false;forest;1
11445;235;91;239;land;false;forest;1
11446;219;173;131;land;false;forest;1
11447;165;193;168;land;true;marsh;1
11448;190;246;149;land;true;forest;1
11449;191;136;203;land;false;desert;1
11450;127;0;51;lake;false;lakes;0
11451;201;190;199;land;false;hills;1
11452;204;115;208;land;false;plains;1
11453;201;183;190;land;false;hills;1
11454;176;213;164;land;false;hills;1
11455;249;158;205;land;false;hills;1
11456;181;246;127;land;false;forest;1
11457;166;144;244;land;false;forest;1
11458;235;205;116;land;false;forest;1
11459;165;221;180;land;false;forest;1
11460;242;227;79;land;false;forest;1
11461;64;252;203;land;false;forest;1
11462;120;249;146;land;false;forest;1
11463;110;151;249;land;false;mountain;1
11464;246;110;176;land;true;plains;1
11465;234;229;91;land;true;marsh;1
11466;108;247;149;land;true;plains;1
11467;188;183;160;land;true;forest;1
11468;144;224;185;land;true;desert;1
11469;247;167;169;land;false;desert;1
11470;203;253;154;land;true;hills;1
11471;254;158;163;land;false;plains;1
11472;237;202;231;land;false;hills;1
11473;203;167;158;land;false;plains;1
11474;247;179;135;land;false;forest;1
11475;142;249;132;land;false;plains;1
11476;140;223;164;land;false;plains;1
11477;146;159;226;land;false;desert;1
11478;207;109;227;land;false;plains;1
11479;184;86;249;land;false;hills;1
11480;209;225;245;land;false;forest;1
11481;226;173;178;land;false;hills;1
11482;110;250;223;land;false;mountain;1
11483;124;154;232;land;true;plains;1
11484;5;48;53;land;false;urban;1
11485;13;106;26;land;true;urban;1
11486;199;179;188;land;false;forest;1
11487;229;166;137;land;false;forest;1
11488;81;202;237;land;false;forest;1
11489;235;195;111;land;false;plains;1
11490;194;89;233;land;false;desert;1
11491;66;29;24;land;false;urban;1
11492;205;173;146;land;true;marsh;1
11493;234;178;238;land;true;marsh;1
11494;0;96;6;land;true;urban;1
11495;250;160;137;land;false;plains;1
11496;162;144;197;land;false;plains;1
11497;11;49;86;lake;false;lakes;0
11498;180;201;135;land;false;hills;1
11499;252;237;147;land;false;plains;1
11500;12;31;66;land;false;urban;1
11501;253;153;156;land;false;plains;1
11502;181;232;243;land;false;plains;1
11503;230;140;239;land;false;forest;1
11504;4;25;114;land;true;urban;1
11505;252;181;211;land;true;forest;1
11506;201;227;252;land;true;plains;1
11507;56;245;252;land;false;desert;1
11508;141;214;170;land;true;marsh;1
11509;135;218;200;land;true;forest;1
11510;157;225;140;land;false;forest;1
11511;88;30;2;land;false;urban;1
11512;252;239;111;land;true;hills;1
11513;197;132;194;land;true;hills;1
11514;244;186;217;land;false;hills;1
11515;11;88;17;land;false;urban;1
11516;80;117;39;lake;false;lakes;0
11517;237;190;183;land;false;mountain;1
11518;84;197;239;land;false;hills;1
11519;137;138;238;land;false;plains;1
11520;212;226;170;land;false;hills;1
11521;218;175;139;land;false;forest;1
11522;181;198;128;land;false;plains;1
11523;192;207;216;land;false;plains;1
11524;20;244;246;land;false;plains;1
11525;202;164;230;land;true;plains;1
11526;90;19;19;land;false;urban;1
11527;62;57;30;land;false;urban;1
11528;249;166;201;land;false;plains;1
11529;244;232;232;land;false;plains;1
11530;183;239;243;land;false;forest;1
11531;165;156;205;land;true;forest;1
11532;175;217;164;land;false;forest;1
11533;97;233;243;land;false;plains;1
11534;211;189;210;land;false;forest;1
11535;247;175;238;land;false;plains;1
11536;142;202;242;land;false;mountain;1
11537;246;220;163;land;false;mountain;1
11538;112;192;207;land;false;plains;1
11539;125;236;155;land;false;plains;1
11540;229;163;241;land;false;marsh;1
11541;103;165;249;land;true;forest;1
11542;215;203;165;land;false;desert;1
11543;245;126;163;land;false;desert;1
11544;142;253;117;land;false;desert;1
11545;78;200;225;land;false;hills;1
11546;242;198;228;land;false;plains;1
11547;53;49;42;land;false;urban;1
11548;250;236;128;land;false;plains;1
11549;187;220;195;land;false;plains;1
11550;93;254;246;land;false;plains;1
11551;187;253;124;land;false;hills;1
11552;212;132;191;land;false;plains;1
11553;199;195;179;land;false;hills;1
11554;147;242;162;land;false;forest;1
11555;187;232;231;land;false;forest;1
11556;180;240;177;land;false;forest;1
11557;52;92;0;land;false;jungle;1
11558;238;94;191;land;true;plains;1
11559;28;83;14;land;false;urban;1
11560;86;219;200;land;true;forest;1
11561;181;126;216;land;true;forest;1
11562;250;135;120;land;false;forest;1
11563;140;168;201;land;false;forest;1
11564;154;238;110;land;false;forest;1
11565;237;215;173;land;true;hills;1
11566;246;184;204;land;false;plains;1
11567;87;27;0;land;true;urban;1
11568;230;204;84;land;true;desert;1
11569;242;181;169;land;false;forest;1
11570;222;231;179;land;true;plains;1
11571;201;246;226;land;true;forest;1
11572;133;161;237;land;false;desert;1
11573;127;148;229;land;true;plains;1
11574;244;90;196;land;false;hills;1
11575;249;145;118;land;false;forest;1
11576;8;27;65;lake;false;lakes;0
11577;114;194;223;land;false;forest;1
11578;65;20;58;land;false;urban;1
11579;246;205;185;land;false;hills;1
11580;218;225;236;land;false;plains;1
11581;231;214;154;land;false;plains;1
11582;176;162;224;land;false;plains;1
11583;207;239;112;land;false;hills;1
11584;197;167;192;land;false;plains;1
11585;253;145;117;land;false;plains;1
11586;55;82;1;land;false;urban;1
11587;161;193;170;land;false;forest;1
11588;179;240;219;land;false;hills;1
11589;201;150;175;land;false;forest;1
11590;55;22;60;land;false;urban;1
11591;87;205;239;land;true;plains;1
11592;244;244;193;land;false;plains;1
11593;11;90;8;land;true;urban;1
11594;193;119;251;land;false;forest;1
11595;188;150;173;land;false;plains;1
11596;202;212;219;land;false;desert;1
11597;81;6;30;land;false;urban;1
11598;103;242;178;land;false;marsh;1
11599;82;29;8;land;false;urban;1
11600;154;187;174;land;true;hills;1
11601;4;85;48;land;true;urban;1
11602;237;249;197;land;false;plains;1
11603;210;239;224;land;false;forest;1
11604;253;192;131;land;false;hills;1
11605;211;162;156;land;false;hills;1
11606;182;110;246;land;false;plains;1
11607;144;252;144;land;false;forest;1
11608;229;226;86;land;false;forest;1
11609;243;211;109;land;false;plains;1
11610;242;223;197;land;false;plains;1
11611;249;193;219;land;true;plains;1
11612;108;4;1;land;false;urban;1
11613;226;188;159;land;true;plains;1
11614;182;212;207;land;false;plains;1
11615;233;245;243;land;false;plains;1
11616;229;175;219;land;true;plains;1
11617;45;230;227;land;false;forest;1
11618;160;216;134;land;false;forest;1
11619;229;204;100;land;true;forest;1
11620;235;151;186;land;false;forest;1
11621;77;241;250;land;false;mountain;1
11622;166;197;231;land;false;mountain;1
11623;186;185;185;land;false;mountain;1
11624;145;240;151;land;false;mountain;1
11625;133;182;246;land;false;forest;1
11626;64;58;7;land;false;urban;1
11627;235;96;198;land;true;plains;1
11628;247;230;31;land;false;forest;1
11629;249;61;237;land;false;desert;1
11630;190;173;213;land;false;hills;1
11631;52;82;95;lake;false;lakes;0
11632;242;229;75;land;false;forest;1
11633;216;229;70;land;false;plains;1
11634;170;236;98;land;false;hills;1
11635;142;202;189;land;false;plains;1
11636;150;178;198;land;false;plains;1
11637;212;242;104;land;false;plains;1
11638;247;228;193;land;false;plains;1
11639;170;159;227;land;false;forest;1
11640;130;201;195;land;false;forest;1
11641;211;228;210;land;false;forest;1
11642;66;32;28;land;true;urban;1
11643;74;22;21;land;false;urban;1
11644;38;96;9;land;true;urban;1
11645;207;236;147;land;false;plains;1
11646;156;157;211;land;false;forest;1
11647;225;95;181;land;false;forest;1
11648;5;65;50;land;false;urban;1
11649;7;50;68;land;false;urban;1
11650;239;237;47;land;false;forest;1
11651;132;200;179;land;false;plains;1
11652;226;220;163;land;true;hills;1
11653;157;216;172;land;true;plains;1
11654;208;212;250;land;false;plains;1
11655;96;223;250;land;true;forest;1
11656;195;241;159;land;true;forest;1
11657;217;196;128;land;true;hills;1
11658;157;218;145;land;false;plains;1
11659;213;156;156;land;false;mountain;1
11660;65;59;18;land;true;urban;1
11661;58;56;33;land;false;urban;1
11662;252;142;216;land;false;hills;1
11663;239;92;215;land;false;plains;1
11664;86;219;217;land;false;forest;1
11665;219;118;171;land;false;forest;1
11666;190;251;135;land;false;forest;1
11667;254;194;248;land;false;hills;1
11668;241;95;202;land;false;mountain;1
11669;166;178;195;land;false;plains;1
11670;240;197;79;land;false;urban;1
11671;251;141;246;land;true;mountain;1
11672;248;111;247;land;false;forest;1
11673;231;131;167;land;true;desert;1
11674;69;32;39;land;false;urban;1
11675;149;254;145;land;true;plains;1
11676;252;121;195;land;true;forest;1
11677;188;213;202;land;true;plains;1
11678;204;129;179;land;false;desert;1
11679;234;235;75;land;true;hills;1
11680;222;89;197;land;false;mountain;1
11681;209;219;164;land;false;plains;1
11682;51;199;254;land;false;plains;1
11683;154;230;202;land;false;plains;1
11684;95;5;10;land;true;urban;1
11685;44;31;40;land;false;urban;1
11686;227;190;178;land;true;plains;1
11687;187;89;245;land;false;forest;1
11688;182;216;155;land;false;forest;1
11689;224;240;95;land;false;forest;1
11690;42;230;238;land;false;forest;1
11691;185;223;102;land;false;plains;1
11692;189;187;248;land;false;forest;1
11693;224;153;213;land;false;mountain;1
11694;236;177;225;land;false;mountain;1
11695;128;179;241;land;true;plains;1
11696;241;176;115;land;false;plains;1
11697;28;54;60;land;false;plains;1
11698;220;86;243;land;false;desert;1
11699;210;153;158;land;false;plains;1
11700;222;237;184;land;false;marsh;1
11701;21;63;48;land;true;urban;1
11702;248;139;169;land;false;plains;1
11703;230;117;220;land;false;forest;1
11704;178;229;251;land;false;desert;1
11705;46;6;78;land;true;urban;1
11706;215;119;168;land;false;hills;1
11707;167;208;168;land;false;forest;1
11708;163;211;146;land;false;hills;1
11709;134;191;219;land;false;hills;1
11710;206;154;254;land;false;plains;1
11711;199;76;229;land;false;plains;1
11712;179;126;251;land;false;desert;1
11713;108;241;220;land;false;hills;1
11714;204;187;154;land;false;hills;1
11715;214;109;230;land;false;plains;1
11716;218;199;213;land;false;forest;1
11717;120;207;176;land;true;forest;1
11718;181;186;212;land;false;forest;1
11719;245;51;233;land;false;forest;1
11720;228;130;165;land;true;mountain;1
11721;174;235;142;land;false;plains;1
11722;111;150;245;land;true;plains;1
11723;161;245;216;land;false;plains;1
11724;42;208;253;land;false;plains;1
11725;49;4;61;land;false;plains;1
11726;216;165;185;land;false;mountain;1
11727;219;64;239;land;false;hills;1
11728;217;184;114;land;false;mountain;1
11729;54;219;254;land;false;desert;1
11730;173;246;166;land;false;desert;1
11731;244;244;30;land;false;plains;1
11732;231;221;58;land;false;forest;1
11733;222;166;239;land;false;plains;1
11734;160;195;234;land;false;desert;1
11735;44;71;34;land;false;urban;1
11736;217;206;80;land;false;plains;1
11737;212;174;124;land;false;plains;1
11738;252;250;12;land;false;mountain;1
11739;204;220;226;land;false;hills;1
11740;202;97;211;land;false;plains;1
11741;245;233;84;land;false;hills;1
11742;241;106;190;land;false;forest;1
11743;48;39;45;land;false;urban;1
11744;159;213;210;land;false;plains;1
11745;215;85;240;land;false;plains;1
11746;223;85;195;land;true;plains;1
11747;209;193;242;land;false;forest;1
11748;14;61;53;land;false;urban;1
11749;168;194;212;land;false;forest;1
11750;232;150;150;land;false;forest;1
11751;137;248;225;land;false;forest;1
11752;219;220;65;land;false;mountain;1
11753;218;197;199;land;false;mountain;1
11754;252;168;122;land;false;forest;1
11755;145;177;244;land;false;plains;1
11756;109;201;237;land;false;desert;1
11757;252;198;56;land;false;forest;1
11758;74;254;236;land;true;forest;1
11759;221;214;222;land;false;jungle;1
11760;247;157;147;land;true;hills;1
11761;229;253;160;land;false;plains;1
11762;225;114;175;land;false;mountain;1
11763;8;26;96;land;false;urban;1
11764;197;120;211;land;false;forest;1
11765;191;169;186;land;false;hills;1
11766;233;104;203;land;false;forest;1
11767;217;145;224;land;true;plains;1
11768;224;253;212;land;true;plains;1
11769;15;36;74;land;true;urban;1
11770;169;242;123;land;true;forest;1
11771;138;196;190;land;false;forest;1
11772;110;252;159;land;true;forest;1
11773;205;110;217;land;false;mountain;1
11774;162;242;200;land;false;forest;1
11775;180;197;148;land;false;forest;1
11776;147;224;156;land;true;hills;1
11777;31;2;112;land;false;hills;1
11778;31;78;38;land;false;plains;1
11779;238;219;52;land;false;plains;1
11780;250;53;246;land;false;hills;1
11781;254;56;253;land;false;plains;1
11782;252;147;250;land;false;plains;1
11783;201;95;228;land;false;hills;1
11784;248;136;130;land;false;plains;1
11785;249;160;199;land;false;hills;1
11786;174;239;188;land;false;plains;1
11787;177;191;232;land;false;plains;1
11788;246;212;113;land;true;mountain;1
11789;112;247;231;land;false;mountain;1
11790;99;236;245;land;false;mountain;1
11791;221;160;134;land;false;plains;1
11792;206;189;242;land;false;plains;1
11793;79;231;248;land;true;plains;1
11794;106;248;247;land;true;plains;1
11795;232;240;185;land;false;plains;1
11796;188;230;223;land;false;plains;1
11797;199;215;216;land;true;mountain;1
11798;241;216;165;land;false;forest;1
11799;243;177;199;land;false;forest;1
11800;252;245;114;land;true;forest;1
11801;68;242;244;land;false;forest;1
11802;108;225;182;land;false;mountain;1
11803;30;32;68;land;false;urban;1
11804;247;128;240;land;false;forest;1
11805;225;189;245;land;false;desert;1
11806;210;186;196;land;false;mountain;1
11807;220;189;110;land;false;plains;1
11808;246;217;84;land;false;mountain;1
11809;14;45;46;land;false;hills;1
11810;188;231;182;land;false;plains;1
11811;241;26;248;land;false;hills;1
11812;251;66;192;land;false;plains;1
11813;137;220;209;land;false;plains;1
11814;220;175;178;land;false;forest;1
11815;32;1;111;land;false;urban;1
11816;163;110;244;land;false;forest;1
11817;247;232;120;land;false;plains;1
11818;245;97;233;land;true;plains;1
11819;186;202;179;land;true;plains;1
11820;213;99;229;land;false;forest;1
11821;166;197;190;land;false;forest;1
11822;239;122;174;land;false;forest;1
11823;242;210;146;land;false;desert;1
11824;253;71;241;land;true;mountain;1
11825;246;232;197;land;true;plains;1
11826;206;233;163;land;true;plains;1
11827;158;95;253;land;true;desert;1
11828;141;235;196;land;false;desert;1
11829;233;206;137;land;false;desert;1
11830;206;221;195;land;false;forest;1
11831;111;232;162;land;false;forest;1
11832;191;206;123;land;false;plains;1
11833;214;224;145;land;true;desert;1
11834;58;9;65;land;false;urban;1
11835;236;152;169;land;false;hills;1
11836;59;47;7;land;false;hills;1
11837;186;236;170;land;false;plains;1
11838;37;4;76;sea;true;ocean;0
11839;223;152;168;land;false;plains;1
11840;165;253;143;land;false;forest;1
11841;218;165;122;land;false;hills;1
11842;206;232;193;land;false;plains;1
11843;248;120;199;land;false;plains;1
11844;168;161;231;land;false;plains;1
11845;217;192;135;land;false;forest;1
11846;215;221;246;land;false;hills;1
11847;212;207;198;land;false;forest;1
11848;133;159;243;land;false;forest;1
11849;222;146;141;land;false;plains;1
11850;92;6;26;land;false;urban;1
11851;204;233;135;land;false;forest;1
11852;213;95;224;land;true;forest;1
11853;54;50;15;land;false;urban;1
11854;147;197;187;land;false;forest;1
11855;243;217;252;land;false;hills;1
11856;141;195;243;land;true;mountain;1
11857;236;153;123;land;false;mountain;1
11858;227;206;167;land;false;forest;1
11859;92;34;7;land;true;urban;1
11860;240;197;220;land;true;plains;1
11861;68;27;12;land;true;plains;1
11862;204;185;244;land;false;forest;1
11863;231;234;115;land;false;forest;1
11864;226;242;40;land;false;plains;1
11865;254;190;217;land;false;forest;1
11866;196;239;125;land;true;plains;1
11867;238;58;248;land;false;plains;1
11868;211;250;230;land;false;mountain;1
11869;173;110;243;land;false;hills;1
11870;229;199;164;land;false;forest;1
11871;200;214;207;land;false;forest;1
11872;253;173;201;land;false;plains;1
11873;204;253;153;land;false;forest;1
11874;60;20;32;land;false;urban;1
11875;242;80;229;land;false;forest;1
11876;251;111;192;land;true;mountain;1
11877;245;74;187;land;false;hills;1
11878;162;241;148;land;false;forest;1
11879;156;140;251;land;true;plains;1
11880;244;91;217;land;true;plains;1
11881;227;228;58;land;true;desert;1
11882;254;236;111;land;false;desert;1
11883;143;148;228;land;false;desert;1
11884;246;134;165;land;false;forest;1
11885;214;247;104;land;false;plains;1
11886;144;223;179;land;false;forest;1
11887;175;174;157;land;false;plains;1
11888;152;239;113;land;false;plains;1
11889;26;31;69;land;false;urban;1
11890;79;227;217;land;false;plains;1
11891;106;199;221;land;false;plains;1
11892;177;252;109;land;false;plains;1
11893;250;31;233;land;false;forest;1
11894;171;251;177;land;false;plains;1
11895;22;65;16;land;false;urban;1
11896;215;225;196;land;false;forest;1
11897;132;201;254;land;false;mountain;1
11898;248;173;249;land;false;plains;1
11899;173;175;205;land;true;plains;1
11900;186;186;143;land;false;plains;1
11901;159;196;160;land;false;plains;1
11902;184;229;187;land;false;forest;1
11903;223;93;217;land;false;plains;1
11904;148;206;169;land;true;plains;1
11905;232;232;157;land;false;plains;1
11906;42;60;127;lake;false;lakes;0
11907;169;233;105;land;false;hills;1
11908;253;222;154;land;false;plains;1
11909;116;22;4;land;false;urban;1
11910;208;174;248;land;false;plains;1
11911;158;228;144;land;false;hills;1
11912;222;200;181;land;false;forest;1
11913;254;195;139;land;false;forest;1
11914;220;152;245;land;false;hills;1
11915;45;41;44;land;false;urban;1
11916;215;230;98;land;false;plains;1
11917;125;5;10;land;true;urban;1
11918;202;172;131;land;true;plains;1
11919;208;90;242;land;true;forest;1
11920;174;236;165;land;false;plains;1
11921;238;66;220;land;false;forest;1
11922;248;78;206;land;false;forest;1
11923;251;229;121;land;true;forest;1
11924;8;47;75;land;false;urban;1
11925;150;119;247;land;false;plains;1
11926;247;205;195;land;false;plains;1
11927;188;216;236;land;false;forest;1
11928;122;197;221;land;false;forest;1
11929;223;122;235;land;false;forest;1
11930;250;152;154;land;false;plains;1
11931;142;165;221;land;false;desert;1
11932;252;233;220;land;true;hills;1
11933;248;52;201;land;false;plains;1
11934;218;151;215;land;false;forest;1
11935;245;210;65;land;false;plains;1
11936;152;173;234;land;false;plains;1
11937;215;62;241;land;false;plains;1
11938;206;184;220;land;false;plains;1
11939;76;223;204;land;false;plains;1
11940;168;164;224;land;false;mountain;1
11941;201;160;211;land;true;plains;1
11942;46;241;244;land;true;plains;1
11943;230;192;127;land;false;forest;1
11944;232;247;191;land;false;forest;1
11945;48;223;231;land;true;forest;1
11946;177;159;212;land;true;forest;1
11947;127;196;179;land;false;mountain;1
11948;186;144;180;land;false;mountain;1
11949;146;220;222;land;false;forest;1
11950;236;204;197;land;true;mountain;1
11951;175;224;124;land;true;plains;1
11952;113;222;214;land;false;plains;1
11953;250;198;164;land;false;plains;1
11954;169;150;199;land;false;forest;1
11955;129;209;172;land;false;mountain;1
11956;214;158;232;land;true;desert;1
11957;251;182;172;land;false;hills;1
11958;244;236;145;land;false;hills;1
11959;207;214;129;land;false;forest;1
11960;195;221;123;land;false;forest;1
11961;245;24;245;land;false;forest;1
11962;147;215;252;land;true;plains;1
11963;86;23;37;land;false;urban;1
11964;90;177;238;land;false;plains;1
11965;173;213;147;land;false;forest;1
11966;107;20;13;land;false;urban;1
11967;240;190;188;land;false;forest;1
11968;243;227;199;land;false;forest;1
11969;179;232;101;land;false;plains;1
11970;203;228;205;land;false;plains;1
11971;198;230;138;land;false;plains;1
11972;221;76;211;land;false;forest;1
11973;158;213;161;land;false;hills;1
11974;206;242;145;land;false;plains;1
11975;14;99;33;land;false;urban;1
11976;202;197;140;land;false;plains;1
11977;62;252;196;land;false;plains;1
11978;179;235;100;land;false;forest;1
11979;217;231;191;land;false;forest;1
11980;65;10;46;land;true;urban;1
11981;183;249;124;land;false;forest;1
11982;205;243;114;land;false;plains;1
11983;144;220;177;land;false;desert;1
11984;186;218;179;land;true;hills;1
11985;152;131;248;land;false;plains;1
11986;197;181;164;land;false;plains;1
11987;186;219;164;land;false;hills;1
11988;72;211;235;land;false;desert;1
11989;53;84;0;land;false;urban;1
11990;102;213;204;land;false;forest;1
11991;176;200;198;land;false;forest;1
11992;239;140;244;land;false;forest;1
11993;131;166;209;land;false;plains;1
11994;112;254;182;land;false;forest;1
11995;228;78;206;land;false;forest;1
11996;203;225;182;land;false;hills;1
11997;235;236;204;land;false;forest;1
11998;186;162;177;land;true;plains;1
11999;214;83;250;land;true;plains;1
12000;186;150;186;land;false;mountain;1
12001;0;103;36;land;false;urban;1
12002;170;226;193;land;false;mountain;1
12003;237;148;117;land;false;desert;1
12004;217;130;193;land;false;desert;1
12005;27;56;32;land;false;urban;1
12006;231;74;237;land;false;forest;1
12007;251;106;209;land;false;forest;1
12008;167;131;214;land;false;forest;1
12009;47;56;42;land;false;urban;1
12010;232;176;227;land;false;plains;1
12011;217;167;159;land;false;plains;1
12012;34;53;2;lake;false;lakes;0
12013;203;140;219;land;false;mountain;1
12014;235;229;102;land;false;forest;1
12015;244;117;246;land;false;hills;1
12016;223;109;197;land;false;plains;1
12017;251;241;44;land;false;plains;1
12018;227;224;88;land;false;forest;1
12019;250;217;119;land;false;hills;1
12020;222;103;220;land;true;forest;1
12021;148;225;184;land;false;plains;1
12022;168;148;186;land;false;forest;1
12023;195;223;120;land;false;hills;1
12024;95;201;238;land;false;forest;1
12025;252;151;249;land;false;mountain;1
12026;220;96;199;land;false;mountain;1
12027;168;190;249;land;false;forest;1
12028;128;166;229;land;false;hills;1
12029;136;176;209;land;true;plains;1
12030;181;191;214;land;false;plains;1
12031;23;75;5;land;false;urban;1
12032;157;180;220;land;false;plains;1
12033;76;58;7;land;false;urban;1
12034;213;193;200;land;false;plains;1
12035;251;227;71;land;false;hills;1
12036;43;12;84;land;false;urban;1
12037;86;53;4;land;true;urban;1
12038;157;221;145;land;true;plains;1
12039;73;63;0;land;false;forest;1
12040;207;230;244;land;false;plains;1
12041;227;158;167;land;false;forest;1
12042;137;248;173;land;false;forest;1
12043;248;187;123;land;false;forest;1
12044;246;74;206;land;false;plains;1
12045;205;212;219;land;false;plains;1
12046;129;191;212;land;false;plains;1
12047;164;106;242;land;true;forest;1
12048;218;136;198;land;false;hills;1
12049;248;92;216;land;false;jungle;1
12050;146;254;164;land;true;hills;1
12051;119;248;163;land;false;hills;1
12052;227;208;168;land;false;plains;1
12053;170;179;251;land;false;forest;1
12054;160;245;114;land;false;forest;1
12055;204;232;215;land;false;plains;1
12056;152;122;250;land;false;hills;1
12057;203;175;192;land;false;plains;1
12058;231;201;116;land;false;hills;1
12059;144;222;193;land;false;plains;1
12060;217;145;193;land;false;hills;1
12061;228;125;189;land;false;forest;1
12062;172;236;118;land;false;forest;1
12063;151;240;142;land;true;plains;1
12064;223;153;203;land;true;plains;1
12065;197;200;229;land;false;plains;1
12066;154;103;246;land;false;forest;1
12067;205;252;131;land;false;forest;1
12068;78;216;224;land;false;forest;1
12069;252;104;201;land;false;forest;1
12070;240;141;252;land;false;mountain;1
12071;245;238;226;land;true;plains;1
12072;224;60;244;land;true;desert;1
12073;227;93;195;land;false;mountain;1
12074;144;163;203;land;false;mountain;1
12075;21;77;51;land;false;plains;1
12076;124;201;202;land;false;plains;1
12077;105;197;224;land;false;forest;1
12078;151;185;205;land;true;hills;1
12079;230;145;142;land;false;hills;1
12080;33;81;7;land;false;plains;1
12081;143;222;206;land;false;hills;1
12082;169;162;176;land;false;hills;1
12083;241;74;220;land;false;hills;1
12084;52;197;252;land;false;plains;1
12085;103;233;242;land;false;plains;1
12086;191;133;251;land;false;plains;1
12087;202;231;250;land;false;plains;1
12088;168;148;217;land;false;plains;1
12089;1;41;74;land;true;urban;1
12090;181;220;254;land;true;forest;1
12091;230;176;183;land;false;forest;1
12092;55;254;244;land;false;plains;1
12093;78;198;254;land;true;hills;1
12094;96;250;185;land;false;mountain;1
12095;240;120;182;land;false;mountain;1
12096;230;243;178;land;true;hills;1
12097;245;192;108;land;true;desert;1
12098;230;208;94;land;false;plains;1
12099;90;236;211;land;false;forest;1
12100;161;184;242;land;false;forest;1
12101;229;195;251;land;false;plains;1
12102;250;178;109;land;false;desert;1
12103;198;243;61;land;true;hills;1
12104;161;151;244;land;false;forest;1
12105;222;211;108;land;false;desert;1
12106;183;146;253;land;false;hills;1
12107;197;183;149;land;false;plains;1
12108;239;107;222;land;false;plains;1
12109;137;157;234;land;false;plains;1
12110;254;235;129;land;false;forest;1
12111;218;65;220;land;false;plains;1
12112;231;246;128;land;false;plains;1
12113;214;100;220;land;true;forest;1
12114;234;77;194;land;true;plains;1
12115;241;161;157;land;false;forest;1
12116;207;209;193;land;false;plains;1
12117;204;133;181;land;true;plains;1
12118;135;149;228;land;false;forest;1
12119;245;106;224;land;false;forest;1
12120;168;159;187;land;true;mountain;1
12121;123;221;227;land;false;forest;1
12122;215;140;192;land;false;forest;1
12123;28;42;43;land;false;desert;1
12124;241;71;217;land;false;forest;1
12125;239;111;182;land;false;forest;1
12126;243;80;187;land;false;plains;1
12127;225;208;114;land;false;plains;1
12128;84;10;43;land;true;urban;1
12129;214;227;139;land;false;desert;1
12130;37;64;28;land;true;urban;1
12131;46;24;33;land;false;plains;1
12132;70;96;48;lake;false;lakes;0
12133;217;205;170;land;false;plains;1
12134;44;32;38;land;false;urban;1
12135;202;177;244;land;false;plains;1
12136;252;224;205;land;false;plains;1
12137;202;175;244;land;false;plains;1
12138;197;146;213;land;false;forest;1
12139;211;181;139;land;false;forest;1
12140;190;77;242;land;true;forest;1
12141;209;101;254;land;false;hills;1
12142;234;94;203;land;false;hills;1
12143;187;142;183;land;false;plains;1
12144;241;141;176;land;true;mountain;1
12145;183;234;143;land;true;plains;1
12146;55;16;65;land;true;urban;1
12147;144;242;145;land;false;desert;1
12148;151;214;251;land;false;plains;1
12149;232;54;243;land;false;forest;1
12150;11;62;39;land;true;urban;1
12151;13;65;55;land;false;urban;1
12152;85;20;42;land;false;urban;1
12153;214;197;111;land;false;marsh;1
12154;211;100;222;land;false;hills;1
12155;231;208;245;land;false;plains;1
12156;178;144;183;land;false;plains;1
12157;19;36;84;land;true;urban;1
12158;193;130;235;land;false;plains;1
12159;127;145;238;land;true;forest;1
12160;201;144;161;land;false;forest;1
12161;247;233;51;land;false;forest;1
12162;203;251;254;land;false;mountain;1
12163;169;190;206;land;true;plains;1
12164;157;230;209;land;false;desert;1
12165;179;215;154;land;false;desert;1
12166;157;172;243;land;false;desert;1
12167;182;217;195;land;false;desert;1
12168;133;176;199;land;false;plains;1
12169;239;140;171;land;false;forest;1
12170;206;215;201;land;false;forest;1
12171;198;241;86;land;false;plains;1
12172;245;77;219;land;true;desert;1
12173;180;172;183;land;false;forest;1
12174;231;176;229;land;false;plains;1
12175;217;244;96;land;false;plains;1
12176;217;93;234;land;false;plains;1
12177;45;32;46;land;false;urban;1
12178;244;244;236;land;false;forest;1
12179;226;73;225;land;false;plains;1
12180;229;249;230;land;false;hills;1
12181;172;97;254;land;false;plains;1
12182;228;227;125;land;false;forest;1
12183;117;151;244;land;false;mountain;1
12184;232;212;93;land;false;plains;1
12185;252;152;150;land;false;plains;1
12186;197;254;74;land;false;forest;1
12187;162;177;191;land;true;mountain;1
12188;218;128;223;land;false;forest;1
12189;243;93;249;land;false;plains;1
12190;247;225;181;land;false;plains;1
12191;170;130;230;land;false;plains;1
12192;220;205;126;land;false;forest;1
12193;159;172;247;land;false;forest;1
12194;77;25;32;land;false;urban;1
12195;133;226;246;land;true;plains;1
12196;160;201;189;land;false;desert;1
12197;234;203;213;land;false;desert;1
12198;136;214;164;land;false;desert;1
12199;250;97;169;land;false;plains;1
12200;160;138;206;land;false;plains;1
12201;93;28;11;land;false;urban;1
12202;238;75;211;land;false;hills;1
12203;137;226;160;land;false;hills;1
12204;229;100;226;land;false;plains;1
12205;196;133;214;land;false;plains;1
12206;220;250;176;land;false;hills;1
12207;40;42;48;land;false;urban;1
12208;174;176;203;land;false;plains;1
12209;251;210;99;land;false;forest;1
12210;234;153;127;land;false;forest;1
12211;210;251;129;land;false;forest;1
12212;133;241;178;land;true;forest;1
12213;137;253;174;land;false;forest;1
12214;156;150;224;land;false;plains;1
12215;249;141;210;land;true;hills;1
12216;228;133;239;land;false;desert;1
12217;240;209;184;land;false;desert;1
12218;229;111;187;land;false;plains;1
12219;192;149;202;land;false;plains;1
12220;22;60;26;land;false;urban;1
12221;229;126;246;land;true;plains;1
12222;232;178;126;land;false;desert;1
12223;122;247;141;land;false;plains;1
12224;173;211;125;land;false;forest;1
12225;222;150;227;land;false;forest;1
12226;156;186;248;land;false;plains;1
12227;207;247;120;land;false;hills;1
12228;158;180;253;land;false;forest;1
12229;86;247;196;land;true;plains;1
12230;59;36;53;land;true;urban;1
12231;236;209;237;land;true;forest;1
12232;191;210;248;land;false;mountain;1
12233;159;143;219;land;false;plains;1
12234;13;6;114;land;false;urban;1
12235;50;28;23;land;false;urban;1
12236;81;10;54;land;false;urban;1
12237;253;87;206;land;false;plains;1
12238;249;224;189;land;false;plains;1
12239;202;212;116;land;false;desert;1
12240;214;161;139;land;true;hills;1
12241;243;212;50;land;true;hills;1
12242;235;196;229;land;false;forest;1
12243;207;147;166;land;false;hills;1
12244;57;233;235;land;false;forest;1
12245;86;236;230;land;false;mountain;1
12246;203;110;253;land;false;plains;1
12247;152;179;206;land;false;hills;1
12248;251;57;226;land;false;plains;1
12249;215;119;244;land;false;plains;1
12250;241;243;88;land;false;forest;1
12251;217;156;251;land;false;plains;1
12252;241;211;59;land;false;mountain;1
12253;202;114;189;land;false;forest;1
12254;213;229;191;land;false;plains;1
12255;189;172;181;land;true;forest;1
12256;217;137;181;land;false;hills;1
12257;204;202;165;land;false;mountain;1
12258;83;199;242;land;true;plains;1
12259;207;189;194;land;false;desert;1
12260;242;234;188;land;false;plains;1
12261;36;54;43;land;false;urban;1
12262;183;202;154;land;true;desert;1
12263;111;233;159;land;false;forest;1
12264;90;227;227;land;false;forest;1
12265;186;167;176;land;false;plains;1
12266;57;215;251;land;false;forest;1
12267;121;21;106;land;false;plains;1
12268;212;171;168;land;false;mountain;1
12269;250;171;229;land;false;forest;1
12270;216;207;196;land;false;hills;1
12271;190;193;159;land;false;plains;1
12272;184;114;243;land;false;plains;1
12273;158;204;246;land;false;forest;1
12274;237;245;118;land;false;plains;1
12275;200;205;199;land;false;plains;1
12276;219;76;224;land;true;forest;1
12277;205;143;184;land;false;forest;1
12278;198;246;134;land;false;forest;1
12279;79;32;1;land;false;urban;1
12280;166;219;124;land;false;desert;1
12281;230;216;212;land;false;forest;1
12282;211;167;208;land;false;plains;1
12283;60;246;227;land;false;forest;1
12284;229;135;137;land;false;mountain;1
12285;150;151;219;land;false;hills;1
12286;107;251;203;land;false;mountain;1
12287;176;250;160;land;true;plains;1
12288;61;44;32;land;true;urban;1
12289;161;237;142;land;false;plains;1
12290;204;124;248;land;false;forest;1
12291;252;144;148;land;false;plains;1
12292;0;71;57;land;true;urban;1
12293;239;221;239;land;true;hills;1
12294;242;228;89;land;false;plains;1
12295;186;238;234;land;false;plains;1
12296;216;109;190;land;false;forest;1
12297;57;232;243;land;false;hills;1
12298;47;239;235;land;false;plains;1
12299;126;169;219;land;false;hills;1
12300;241;83;252;land;false;plains;1
12301;170;249;131;land;false;plains;1
12302;192;88;237;land;false;forest;1
12303;190;188;199;land;false;forest;1
12304;245;118;220;land;false;plains;1
12305;102;230;207;land;true;forest;1
12306;33;2;91;land;true;urban;1
12307;110;3;17;land;false;urban;1
12308;207;138;253;land;false;forest;1
12309;144;141;223;land;false;forest;1
12310;112;231;234;land;false;forest;1
12311;157;121;227;land;false;forest;1
12312;222;110;254;land;false;plains;1
12313;229;176;165;land;false;desert;1
12314;17;240;247;land;false;plains;1
12315;253;156;141;land;false;forest;1
12316;216;104;222;land;false;plains;1
12317;200;105;253;land;true;mountain;1
12318;163;232;220;land;true;hills;1
12319;127;203;224;land;false;marsh;1
12320;170;161;189;land;false;mountain;1
12321;207;247;169;land;false;plains;1
12322;190;196;224;land;false;plains;1
12323;200;179;192;land;false;forest;1
12324;241;210;154;land;false;plains;1
12325;242;235;214;land;false;forest;1
12326;225;112;164;land;false;forest;1
12327;199;254;154;land;false;forest;1
12328;148;194;205;land;false;mountain;1
12329;219;254;139;land;false;mountain;1
12330;198;231;136;land;false;plains;1
12331;211;201;174;land;true;plains;1
12332;72;242;249;land;true;plains;1
12333;34;39;52;land;false;urban;1
12334;238;165;119;land;false;forest;1
12335;242;249;44;land;false;forest;1
12336;228;235;186;land;false;forest;1
12337;190;193;129;land;false;plains;1
12338;172;217;113;land;false;plains;1
12339;146;233;239;land;true;marsh;1
12340;180;149;231;land;false;desert;1
12341;236;193;201;land;true;desert;1
12342;193;246;233;land;true;mountain;1
12343;241;207;138;land;false;forest;1
12344;242;224;182;land;false;forest;1
12345;152;166;197;land;false;plains;1
12346;235;149;181;land;false;marsh;1
12347;153;220;201;land;false;plains;1
12348;30;49;47;land;false;urban;1
12349;244;253;38;land;false;plains;1
12350;221;119;188;land;false;forest;1
12351;227;128;172;land;false;forest;1
12352;157;233;178;land;false;hills;1
12353;210;251;82;land;false;forest;1
12354;167;167;253;land;false;forest;1
12355;22;37;66;land;true;urban;1
12356;99;160;248;land;false;forest;1
12357;183;206;167;land;false;forest;1
12358;222;117;164;land;false;forest;1
12359;187;234;155;land;false;forest;1
12360;32;12;59;land;false;urban;1
12361;251;192;197;land;false;desert;1
12362;229;208;232;land;false;plains;1
12363;111;200;193;land;true;desert;1
12364;113;216;250;land;true;plains;1
12365;235;164;184;land;false;plains;1
12366;165;205;222;land;false;forest;1
12367;116;247;152;land;false;plains;1
12368;154;225;152;land;false;plains;1
12369;148;185;220;land;false;plains;1
12370;76;243;242;land;false;forest;1
12371;18;101;26;land;false;urban;1
12372;180;182;198;land;true;forest;1
12373;213;189;221;land;false;forest;1
12374;238;239;101;land;false;forest;1
12375;233;71;207;land;true;forest;1
12376;232;249;105;land;false;hills;1
12377;237;234;95;land;false;mountain;1
12378;198;233;214;land;false;hills;1
12379;254;142;162;land;false;desert;1
12380;11;25;86;land;true;urban;1
12381;60;52;37;land;false;urban;1
12382;191;140;210;land;false;forest;1
12383;227;218;87;land;false;forest;1
12384;168;226;109;land;false;marsh;1
12385;158;250;155;land;false;marsh;1
12386;81;226;225;land;false;marsh;1
12387;224;249;190;land;false;plains;1
12388;223;199;160;land;false;desert;1
12389;223;94;239;land;true;forest;1
12390;162;215;199;land;false;forest;1
12391;227;225;139;land;false;plains;1
12392;201;91;222;land;false;plains;1
12393;183;248;137;land;false;forest;1
12394;208;253;77;land;false;forest;1
12395;184;119;223;land;false;plains;1
12396;254;184;79;land;false;forest;1
12397;160;175;201;land;false;forest;1
12398;11;33;74;land;true;urban;1
12399;233;229;74;land;false;desert;1
12400;235;236;42;land;false;desert;1
12401;237;213;215;land;false;mountain;1
12402;191;180;188;land;false;desert;1
12403;201;151;190;land;false;forest;1
12404;60;50;13;land;true;urban;1
12405;178;246;205;land;false;hills;1
12406;211;242;89;land;true;hills;1
12407;182;197;184;land;false;forest;1
12408;76;232;235;land;false;forest;1
12409;187;213;216;land;false;forest;1
12410;210;224;140;land;false;hills;1
12411;254;150;99;land;false;mountain;1
12412;245;225;219;land;false;hills;1
12413;201;215;167;land;false;hills;1
12414;207;127;237;land;false;marsh;1
12415;223;202;199;land;false;hills;1
12416;220;223;94;land;false;plains;1
12417;234;228;192;land;false;plains;1
12418;238;155;137;land;false;plains;1
12419;107;239;204;land;true;forest;1
12420;134;173;246;land;false;mountain;1
12421;152;164;210;land;false;mountain;1
12422;248;248;11;land;false;forest;1
12423;242;242;209;land;true;mountain;1
12424;188;212;130;land;false;mountain;1
12425;205;164;169;land;false;plains;1
12426;31;130;4;land;false;plains;1
12427;170;159;174;land;false;forest;1
12428;214;220;75;land;false;plains;1
12429;254;195;121;land;false;plains;1
12430;223;183;141;land;false;desert;1
12431;206;220;125;land;true;mountain;1
12432;59;48;5;land;true;urban;1
12433;103;215;204;land;false;forest;1
12434;146;253;138;land;false;marsh;1
12435;243;140;126;land;false;plains;1
12436;203;222;191;land;false;plains;1
12437;187;216;164;land;false;plains;1
12438;36;40;45;land;false;urban;1
12439;247;208;244;land;false;mountain;1
12440;176;222;177;land;false;forest;1
12441;191;153;247;land;false;plains;1
12442;144;165;193;land;false;forest;1
12443;239;153;141;land;false;forest;1
12444;38;38;30;land;true;urban;1
12445;150;210;229;land;true;forest;1
12446;187;226;142;land;false;plains;1
12447;247;250;23;land;true;plains;1
12448;134;202;199;land;true;hills;1
12449;227;126;220;land;false;plains;1
12450;203;242;147;land;false;plains;1
12451;174;186;178;land;false;plains;1
12452;251;192;240;land;false;plains;1
12453;140;141;228;land;false;desert;1
12454;250;229;199;land;true;plains;1
12455;207;206;111;land;false;plains;1
12456;0;45;94;land;false;urban;1
12457;171;170;210;land;false;plains;1
12458;146;194;218;land;false;plains;1
12459;228;244;87;land;false;plains;1
12460;176;171;186;land;false;plains;1
12461;165;234;124;land;false;plains;1
12462;48;35;33;land;true;urban;1
12463;217;235;218;land;false;forest;1
12464;202;151;155;land;true;plains;1
12465;245;133;203;land;true;plains;1
12466;226;142;151;land;true;forest;1
12467;93;6;6;land;true;urban;1
12468;237;194;197;land;true;mountain;1
12469;178;232;155;land;false;plains;1
12470;220;192;101;land;false;desert;1
12471;211;78;225;land;false;forest;1
12472;19;60;55;land;false;urban;1
12473;222;212;248;land;false;plains;1
12474;192;199;242;land;false;plains;1
12475;215;174;155;land;true;marsh;1
12476;219;215;187;land;false;desert;1
12477;172;76;254;land;true;mountain;1
12478;189;195;170;land;false;mountain;1
12479;197;151;240;land;false;hills;1
12480;236;93;225;land;false;forest;1
12481;143;254;179;land;false;forest;1
12482;92;242;174;land;false;forest;1
12483;107;101;117;land;false;plains;1
12484;254;159;160;land;false;hills;1
12485;236;199;117;land;false;plains;1
12486;198;90;220;land;false;hills;1
12487;203;180;154;land;false;plains;1
12488;210;244;158;land;false;hills;1
12489;231;233;46;land;false;plains;1
12490;248;184;250;land;false;plains;1
12491;226;237;79;land;false;plains;1
12492;244;254;139;land;false;forest;1
12493;79;28;8;land;true;urban;1
12494;31;228;252;land;false;forest;1
12495;253;174;194;land;false;hills;1
12496;45;29;38;land;true;urban;1
12497;251;235;140;land;false;desert;1
12498;149;198;234;land;false;mountain;1
12499;116;204;239;land;false;plains;1
12500;254;251;210;land;true;mountain;1
12501;32;36;35;land;false;urban;1
12502;176;253;104;land;false;hills;1
12503;173;219;188;land;true;marsh;1
12504;214;81;213;land;false;hills;1
12505;55;239;207;land;false;forest;1
12506;32;70;11;land;false;urban;1
12507;218;143;150;land;false;forest;1
12508;241;0;135;land;false;desert;1
12509;119;20;2;land;false;urban;1
12510;245;217;232;land;false;hills;1
12511;24;97;18;land;false;urban;1
12512;214;181;110;land;false;forest;1
12513;23;6;106;land;false;urban;1
12514;250;234;85;land;true;plains;1
12515;116;208;179;land;false;forest;1
12516;177;230;106;land;false;forest;1
12517;199;242;135;land;false;forest;1
12518;140;231;194;land;false;forest;1
12519;239;207;88;land;false;forest;1
12520;19;84;14;land;false;mountain;1
12521;26;28;83;land;false;urban;1
12522;176;188;231;land;false;plains;1
12523;249;93;222;land;true;desert;1
12524;134;242;245;land;false;desert;1
12525;185;108;231;land;false;hills;1
12526;150;219;221;land;false;plains;1
12527;30;10;74;land;false;urban;1
12528;228;249;53;land;false;desert;1
12529;8;99;0;land;false;urban;1
12530;238;229;201;land;false;hills;1
12531;240;130;218;land;false;marsh;1
12532;251;234;98;land;false;marsh;1
12533;181;78;251;land;false;marsh;1
12534;71;203;235;land;false;mountain;1
12535;24;80;15;land;false;urban;1
12536;240;112;230;land;false;plains;1
12537;140;115;254;land;false;plains;1
12538;196;207;157;land;false;forest;1
12539;140;214;196;land;false;plains;1
12540;250;188;210;land;false;forest;1
12541;81;237;185;land;true;mountain;1
12542;137;217;163;land;false;forest;1
12543;235;179;143;land;false;forest;1
12544;213;170;206;land;false;mountain;1
12545;206;238;128;land;true;plains;1
12546;230;157;126;land;false;desert;1
12547;87;239;187;land;false;desert;1
12548;229;209;103;land;false;forest;1
12549;157;193;159;land;true;plains;1
12550;235;109;167;land;false;desert;1
12551;231;240;217;land;false;hills;1
12552;192;245;244;land;true;hills;1
12553;230;132;186;land;false;forest;1
12554;207;237;253;land;false;plains;1
12555;251;162;204;land;false;hills;1
12556;92;247;212;land;false;marsh;1
12557;201;240;96;land;false;marsh;1
12558;128;156;240;land;false;plains;1
12559;189;150;246;land;false;plains;1
12560;241;179;243;land;false;hills;1
12561;163;244;175;land;false;forest;1
12562;223;118;177;land;true;forest;1
12563;226;186;159;land;false;forest;1
12564;205;213;143;land;false;plains;1
12565;246;105;158;land;true;forest;1
12566;230;215;188;land;false;forest;1
12567;242;238;221;land;false;mountain;1
12568;97;3;36;land;false;urban;1
12569;43;37;30;land;true;urban;1
12570;99;189;228;land;false;hills;1
12571;219;234;129;land;false;mountain;1
12572;69;211;252;land;false;plains;1
12573;166;223;182;land;false;plains;1
12574;4;79;38;land;false;urban;1
12575;233;242;162;land;false;desert;1
12576;113;222;217;land;false;forest;1
12577;207;110;197;land;false;forest;1
12578;232;161;151;land;false;plains;1
12579;222;177;159;land;false;hills;1
12580;240;205;205;land;false;plains;1
12581;2;68;71;land;false;urban;1
12582;178;95;251;land;false;forest;1
12583;243;113;170;land;false;forest;1
12584;199;153;224;land;false;forest;1
12585;195;120;221;land;false;forest;1
12586;202;152;183;land;false;forest;1
12587;240;201;214;land;false;hills;1
12588;231;153;198;land;true;plains;1
12589;197;220;106;land;false;forest;1
12590;167;226;159;land;true;forest;1
12591;234;193;242;land;false;forest;1
12592;178;120;231;land;true;forest;1
12593;176;189;205;land;false;forest;1
12594;236;224;214;land;false;forest;1
12595;178;167;172;land;false;plains;1
12596;225;165;180;land;false;mountain;1
12597;215;219;253;land;false;forest;1
12598;197;229;179;land;false;plains;1
12599;206;147;168;land;false;plains;1
12600;224;145;180;land;false;desert;1
12601;87;10;32;land;true;urban;1
12602;26;5;72;land;false;forest;1
12603;246;203;88;land;false;plains;1
12604;171;227;208;land;false;marsh;1
12605;153;152;222;land;false;marsh;1
12606;165;182;185;land;false;plains;1
12607;229;161;182;land;false;forest;1
12608;213;245;218;land;false;plains;1
12609;224;229;99;land;false;forest;1
12610;237;153;208;land;false;plains;1
12611;254;104;219;land;false;forest;1
12612;187;151;167;land;false;forest;1
12613;165;180;235;land;true;forest;1
12614;221;99;221;land;false;forest;1
12615;216;224;227;land;false;forest;1
12616;237;161;200;land;false;hills;1
12617;229;210;101;land;false;hills;1
12618;138;234;247;land;true;plains;1
12619;104;204;197;land;false;mountain;1
12620;190;179;211;land;false;plains;1
12621;209;57;239;land;false;plains;1
12622;186;228;89;land;false;plains;1
12623;235;223;168;land;false;forest;1
12624;212;178;137;land;true;hills;1
12625;163;252;150;land;false;hills;1
12626;167;139;203;land;false;forest;1
12627;180;197;249;land;false;marsh;1
12628;209;175;147;land;false;forest;1
12629;252;97;202;land;false;plains;1
12630;157;134;218;land;false;forest;1
12631;217;120;233;land;false;plains;1
12632;245;140;200;land;false;plains;1
12633;238;175;248;land;true;forest;1
12634;243;232;168;land;true;forest;1
12635;232;36;247;land;true;forest;1
12636;12;63;30;land;true;urban;1
12637;214;154;137;land;false;plains;1
12638;166;195;152;land;false;forest;1
12639;54;231;225;land;true;plains;1
12640;173;231;219;land;true;plains;1
12641;252;179;136;land;false;desert;1
12642;230;237;117;land;false;plains;1
12643;145;149;209;land;false;plains;1
12644;191;129;221;land;false;forest;1
12645;18;8;82;land;false;forest;1
12646;83;10;50;land;false;urban;1
12647;79;251;233;land;false;plains;1
12648;242;138;196;land;true;desert;1
12649;252;229;215;land;false;mountain;1
12650;93;246;201;land;false;mountain;1
12651;243;45;253;land;false;marsh;1
12652;116;231;175;land;false;hills;1
12653;53;5;70;land;false;forest;1
12654;14;88;3;land;false;hills;1
12655;127;196;246;land;false;plains;1
12656;177;173;240;land;true;desert;1
12657;200;197;228;land;false;marsh;1
12658;125;248;149;land;false;marsh;1
12659;103;5;1;land;false;urban;1
12660;123;190;194;land;false;marsh;1
12661;171;219;199;land;false;marsh;1
12662;252;136;242;land;false;plains;1
12663;207;228;250;land;false;plains;1
12664;212;179;241;land;false;forest;1
12665;216;62;231;land;false;forest;1
12666;236;252;75;land;false;forest;1
12667;243;148;211;land;false;mountain;1
12668;229;206;250;land;false;plains;1
12669;173;239;96;land;false;plains;1
12670;244;192;93;land;false;plains;1
12671;243;246;170;land;false;plains;1
12672;76;33;11;land;true;urban;1
12673;197;200;227;land;false;hills;1
12674;252;121;212;land;false;desert;1
12675;151;207;145;land;false;forest;1
12676;206;66;246;land;false;plains;1
12677;201;194;163;land;true;plains;1
12678;216;214;109;land;false;plains;1
12679;53;16;54;lake;false;lakes;0
12680;66;27;47;land;false;forest;1
12681;245;242;198;land;false;plains;1
12682;232;161;233;land;false;plains;1
12683;148;115;241;land;false;marsh;1
12684;239;146;236;land;false;plains;1
12685;100;240;200;land;false;hills;1
12686;156;227;201;land;false;forest;1
12687;238;201;197;land;false;forest;1
12688;47;86;2;land;false;forest;1
12689;181;108;222;land;false;forest;1
12690;233;176;185;land;false;hills;1
12691;175;170;192;land;false;plains;1
12692;137;244;242;land;false;forest;1
12693;199;196;128;land;true;plains;1
12694;182;207;126;land;true;forest;1
12695;167;237;179;land;true;hills;1
12696;210;137;214;land;false;mountain;1
12697;227;220;88;land;true;plains;1
12698;182;224;218;land;false;mountain;1
12699;141;236;198;land;false;forest;1
12700;190;236;229;land;false;plains;1
12701;203;168;236;land;false;plains;1
12702;254;242;70;land;false;plains;1
12703;196;95;253;land;true;marsh;1
12704;211;229;190;land;false;desert;1
12705;177;185;243;land;false;mountain;1
12706;229;250;70;land;true;hills;1
12707;160;196;251;land;false;hills;1
12708;4;51;38;lake;false;lakes;0
12709;168;186;232;land;false;hills;1
12710;245;123;167;land;false;plains;1
12711;167;158;184;land;false;plains;1
12712;118;219;237;land;false;plains;1
12713;170;99;235;land;false;forest;1
12714;49;27;32;land;false;plains;1
12715;165;182;190;land;false;forest;1
12716;146;208;236;land;false;plains;1
12717;84;59;3;land;false;urban;1
12718;245;131;254;land;false;plains;1
12719;152;212;155;land;false;forest;1
12720;232;216;105;land;true;forest;1
12721;254;139;224;land;true;forest;1
12722;216;178;158;land;false;forest;1
12723;28;61;50;land;true;urban;1
12724;119;188;198;land;false;plains;1
12725;25;65;32;land;false;urban;1
12726;246;110;175;land;false;mountain;1
12727;21;244;240;land;true;forest;1
12728;207;204;249;land;true;mountain;1
12729;230;114;159;land;false;hills;1
12730;125;221;166;land;false;forest;1
12731;57;46;6;land;false;forest;1
12732;207;148;165;land;false;marsh;1
12733;185;144;237;land;false;marsh;1
12734;227;165;192;land;false;plains;1
12735;158;241;182;land;false;forest;1
12736;87;193;230;land;false;plains;1
12737;159;222;240;land;false;plains;1
12738;232;242;180;land;false;plains;1
12739;250;118;228;land;false;plains;1
12740;253;100;162;land;true;forest;1
12741;230;197;231;land;true;forest;1
12742;52;38;60;sea;true;ocean;0
12743;74;213;217;land;false;mountain;1
12744;240;196;193;land;false;mountain;1
12745;219;149;139;land;false;forest;1
12746;211;233;245;land;false;forest;1
12747;94;204;219;land;true;hills;1
12748;196;184;189;land;true;hills;1
12749;251;180;94;land;true;hills;1
12750;226;151;148;land;true;plains;1
12751;92;10;13;land;true;urban;1
12752;251;79;204;land;false;desert;1
12753;227;167;175;land;false;plains;1
12754;253;166;89;land;false;plains;1
12755;199;172;231;land;true;mountain;1
12756;93;198;216;land;false;hills;1
12757;242;243;172;land;false;plains;1
12758;239;222;251;land;false;mountain;1
12759;228;155;125;land;false;hills;1
12760;226;85;225;land;false;plains;1
12761;229;114;192;land;false;hills;1
12762;1;113;20;land;false;urban;1
12763;240;172;113;land;true;forest;1
12764;195;199;145;land;true;forest;1
12765;254;236;174;land;true;forest;1
12766;189;150;213;land;false;forest;1
12767;203;90;250;land;true;mountain;1
12768;168;202;170;land;false;mountain;1
12769;227;235;199;land;false;forest;1
12770;38;60;11;land;true;urban;1
12771;123;170;230;land;false;plains;1
12772;227;198;186;land;false;desert;1
12773;196;215;185;land;false;mountain;1
12774;246;178;93;land;false;desert;1
12775;253;235;243;land;false;desert;1
12776;247;207;195;land;false;forest;1
12777;135;146;220;land;false;mountain;1
12778;247;227;178;land;false;plains;1
12779;50;249;242;land;false;plains;1
12780;251;251;107;land;false;desert;1
12781;95;209;210;land;false;hills;1
12782;134;202;203;land;true;mountain;1
12783;208;109;207;land;false;desert;1
12784;194;167;203;land;false;forest;1
12785;15;78;45;land;false;forest;1
12786;81;4;32;land;false;urban;1
12787;219;237;119;land;false;marsh;1
12788;210;218;96;land;false;forest;1
12789;238;231;86;land;false;forest;1
12790;203;219;192;land;false;forest;1
12791;67;22;15;land;false;urban;1
12792;181;208;119;land;false;forest;1
12793;4;56;72;land;true;urban;1
12794;109;238;210;land;false;forest;1
12795;160;194;230;land;false;forest;1
12796;250;121;171;land;false;plains;1
12797;227;229;111;land;false;plains;1
12798;95;192;218;land;false;forest;1
12799;203;186;116;land;false;plains;1
12800;252;240;130;land;false;plains;1
12801;22;59;62;land;true;urban;1
12802;166;161;253;land;false;desert;1
12803;147;210;185;land;false;mountain;1
12804;231;98;232;land;false;hills;1
12805;146;211;163;land;true;plains;1
12806;241;177;83;land;false;hills;1
12807;130;233;178;land;false;forest;1
12808;158;219;203;land;false;plains;1
12809;143;2;2;land;false;urban;1
12810;205;197;220;land;false;marsh;1
12811;239;164;131;land;false;marsh;1
12812;169;175;213;land;false;marsh;1
12813;236;63;215;land;false;forest;1
12814;191;253;220;land;false;forest;1
12815;19;31;79;land;false;urban;1
12816;245;104;229;land;false;forest;1
12817;199;157;251;land;false;forest;1
12818;198;254;252;land;false;plains;1
12819;74;56;7;land;true;urban;1
12820;219;182;156;land;true;plains;1
12821;202;228;168;land;false;forest;1
12822;225;172;112;land;false;forest;1
12823;93;231;180;land;true;forest;1
12824;240;202;198;land;false;forest;1
12825;204;153;224;land;false;mountain;1
12826;176;223;139;land;false;mountain;1
12827;233;253;94;land;false;desert;1
12828;236;139;178;land;false;forest;1
12829;172;232;223;land;false;plains;1
12830;151;188;219;land;false;hills;1
12831;244;139;221;land;false;mountain;1
12832;118;243;146;land;true;plains;1
12833;247;102;214;land;false;mountain;1
12834;243;210;154;land;false;marsh;1
12835;108;0;10;land;true;urban;1
12836;32;57;60;land;false;urban;1
12837;233;173;134;land;false;plains;1
12838;229;233;254;land;false;mountain;1
12839;229;189;109;land;false;hills;1
12840;226;223;70;land;false;marsh;1
12841;232;106;227;land;false;marsh;1
12842;241;226;196;land;false;plains;1
12843;146;240;216;land;false;plains;1
12844;153;252;238;land;true;mountain;1
12845;215;191;118;land;false;forest;1
12846;245;83;241;land;true;forest;1
12847;113;151;242;land;false;forest;1
12848;182;215;238;land;false;forest;1
12849;241;177;237;land;true;hills;1
12850;225;179;159;land;true;plains;1
12851;125;207;229;land;false;plains;1
12852;226;174;116;land;false;hills;1
12853;216;203;120;land;false;plains;1
12854;157;202;187;land;true;desert;1
12855;251;202;78;land;true;mountain;1
12856;253;247;171;land;true;plains;1
12857;80;44;3;land;true;urban;1
12858;42;23;59;land;false;urban;1
12859;216;211;101;land;false;plains;1
12860;180;227;115;land;false;hills;1
12861;155;159;224;land;false;hills;1
12862;207;55;250;land;false;plains;1
12863;13;62;36;land;false;urban;1
12864;50;246;251;land;false;forest;1
12865;43;6;54;land;false;forest;1
12866;235;207;173;land;false;forest;1
12867;151;218;235;land;false;plains;1
12868;229;208;142;land;false;plains;1
12869;128;247;223;land;true;hills;1
12870;163;149;230;land;false;desert;1
12871;205;228;123;land;true;forest;1
12872;27;70;52;land;true;urban;1
12873;192;154;201;land;false;forest;1
12874;171;185;254;land;false;plains;1
12875;80;253;191;land;false;forest;1
12876;218;129;219;land;false;forest;1
12877;116;215;231;land;false;hills;1
12878;224;215;192;land;false;plains;1
12879;156;247;157;land;false;forest;1
12880;228;244;93;land;true;plains;1
12881;71;207;242;land;false;marsh;1
12882;240;152;189;land;true;mountain;1
12883;71;241;208;land;true;plains;1
12884;238;96;176;land;true;marsh;1
12885;85;229;214;land;false;hills;1
12886;12;93;48;lake;false;lakes;0
12887;30;73;21;land;false;forest;1
12888;249;252;26;land;false;plains;1
12889;190;144;192;land;false;marsh;1
12890;217;225;71;land;false;plains;1
12891;179;194;245;land;false;plains;1
12892;234;245;80;land;false;plains;1
12893;145;142;251;land;false;forest;1
12894;180;220;186;land;false;plains;1
12895;219;212;133;land;false;plains;1
12896;223;207;147;land;false;hills;1
12897;240;112;242;land;false;mountain;1
12898;15;77;48;land;true;urban;1
12899;196;251;66;land;false;desert;1
12900;188;145;252;land;false;desert;1
12901;2;31;77;land;false;hills;1
12902;160;225;181;land;false;plains;1
12903;169;185;161;land;false;plains;1
12904;177;232;211;land;false;plains;1
12905;9;83;39;land;false;urban;1
12906;173;193;175;land;false;marsh;1
12907;184;131;246;land;false;plains;1
12908;220;95;234;land;false;plains;1
12909;241;142;182;land;false;forest;1
12910;63;39;30;land;false;urban;1
12911;65;76;2;land;false;urban;1
12912;242;215;207;land;false;hills;1
12913;149;249;169;land;false;plains;1
12914;236;197;83;land;false;plains;1
12915;176;229;137;land;false;plains;1
12916;32;98;9;land;false;urban;1
12917;211;151;188;land;false;forest;1
12918;228;190;227;land;false;plains;1
12919;139;141;226;land;true;forest;1
12920;150;152;242;land;false;mountain;1
12921;220;170;220;land;false;forest;1
12922;186;111;238;land;false;hills;1
12923;151;107;250;land;false;mountain;1
12924;187;163;169;land;false;plains;1
12925;210;216;126;land;false;plains;1
12926;166;241;151;land;false;plains;1
12927;98;155;253;land;false;plains;1
12928;137;212;180;land;false;hills;1
12929;203;250;101;land;false;hills;1
12930;93;249;202;land;true;mountain;1
12931;189;254;144;land;false;mountain;1
12932;242;228;83;land;false;hills;1
12933;197;197;218;land;false;hills;1
12934;253;200;69;land;false;plains;1
12935;187;167;162;land;false;plains;1
12936;235;196;110;land;false;mountain;1
12937;168;210;158;land;false;marsh;1
12938;232;244;109;land;false;plains;1
12939;240;159;240;land;false;plains;1
12940;246;245;84;land;false;forest;1
12941;119;178;231;land;false;forest;1
12942;165;250;141;land;false;plains;1
12943;147;205;235;land;false;forest;1
12944;202;77;242;land;false;forest;1
12945;235;107;221;land;false;mountain;1
12946;94;197;230;land;false;desert;1
12947;67;244;244;land;false;desert;1
12948;185;212;110;land;false;mountain;1
12949;62;254;215;land;false;mountain;1
12950;16;1;121;land;false;urban;1
12951;241;68;248;land;false;hills;1
12952;169;195;215;land;false;hills;1
12953;215;161;147;land;true;mountain;1
12954;69;229;224;land;true;plains;1
12955;207;186;117;land;false;hills;1
12956;222;119;172;land;true;hills;1
12957;212;108;184;land;false;mountain;1
12958;154;151;200;land;false;hills;1
12959;106;205;210;land;false;marsh;1
12960;226;210;118;land;false;plains;1
12961;227;217;129;land;false;forest;1
12962;248;197;211;land;false;forest;1
12963;242;200;143;land;false;forest;1
12964;250;154;234;land;false;forest;1
12965;191;247;197;land;false;forest;1
12966;179;132;222;land;false;forest;1
12967;197;235;93;land;true;plains;1
12968;22;47;54;land;true;urban;1
12969;181;250;143;land;false;plains;1
12970;110;11;11;land;false;urban;1
12971;249;144;227;land;false;hills;1
12972;248;227;135;land;false;plains;1
12973;223;184;245;land;true;desert;1
12974;163;234;173;land;false;forest;1
12975;7;16;107;land;false;forest;1
12976;183;185;234;land;false;forest;1
12977;250;229;211;land;false;marsh;1
12978;240;127;219;land;false;plains;1
12979;246;89;186;land;false;hills;1
12980;83;49;13;land;false;urban;1
12981;33;5;85;land;true;urban;1
12982;207;190;230;land;true;forest;1
12983;182;125;252;land;false;mountain;1
12984;208;195;175;land;false;mountain;1
12985;238;223;175;land;false;forest;1
12986;219;191;250;land;false;forest;1
12987;36;37;31;land;false;urban;1
12988;74;1;47;land;false;urban;1
12989;252;163;189;land;false;plains;1
12990;201;254;201;land;false;desert;1
12991;240;189;89;land;false;desert;1
12992;242;136;249;land;false;desert;1
12993;208;218;253;land;false;desert;1
12994;252;150;204;land;false;desert;1
12995;159;223;181;land;false;urban;1
12996;33;32;56;land;true;urban;1
12997;225;171;172;land;true;desert;1
12998;94;214;218;land;true;plains;1
12999;165;159;234;land;false;hills;1
13000;53;36;54;land;false;plains;1
13001;44;29;68;land;false;plains;1
13002;231;126;252;land;false;forest;1
13003;233;177;112;land;false;marsh;1
13004;167;126;209;land;false;hills;1
13005;137;242;207;land;false;forest;1
13006;155;237;166;land;false;forest;1
13007;188;244;223;land;false;forest;1
13008;63;55;25;land;false;urban;1
13009;34;75;31;land;false;plains;1
13010;235;92;185;land;false;plains;1
13011;218;225;241;land;false;forest;1
13012;240;176;242;land;true;forest;1
13013;253;70;223;land;true;plains;1
13014;175;143;234;land;false;forest;1
13015;186;248;68;land;false;forest;1
13016;243;179;154;land;false;forest;1
13017;232;208;228;land;true;plains;1
13018;65;10;32;land;true;urban;1
13019;241;13;249;land;false;mountain;1
13020;221;84;234;land;false;mountain;1
13021;166;245;217;land;false;desert;1
13022;248;175;89;land;false;plains;1
13023;185;254;231;land;true;plains;1
13024;246;169;146;land;false;desert;1
13025;38;32;37;land;true;urban;1
13026;180;231;104;land;true;plains;1
13027;216;68;230;land;true;plains;1
13028;190;135;5;land;true;plains;1
13029;217;143;191;land;false;mountain;1
13030;200;244;67;land;false;plains;1
13031;168;254;88;land;false;plains;1
13032;94;43;3;land;false;urban;1
13033;196;152;191;land;false;forest;1
13034;227;82;221;land;false;marsh;1
13035;18;34;85;land;false;urban;1
13036;232;88;197;land;false;marsh;1
13037;184;187;239;land;false;plains;1
13038;251;204;201;land;false;plains;1
13039;1;51;53;land;false;urban;1
13040;239;210;186;land;false;plains;1
13041;242;211;164;land;false;plains;1
13042;191;230;128;land;false;plains;1
13043;170;204;247;land;true;forest;1
13044;138;242;178;land;false;mountain;1
13045;160;244;153;land;false;forest;1
13046;112;209;188;land;true;hills;1
13047;240;249;233;land;true;hills;1
13048;132;191;216;land;false;plains;1
13049;190;184;163;land;false;plains;1
13050;78;213;245;land;false;plains;1
13051;238;132;211;land;false;forest;1
13052;196;177;235;land;false;desert;1
13053;30;29;75;land;false;urban;1
13054;195;119;228;land;false;mountain;1
13055;242;187;101;land;false;desert;1
13056;239;202;106;land;true;plains;1
13057;0;44;57;land;true;urban;1
13058;200;241;205;land;false;hills;1
13059;225;202;109;land;false;hills;1
13060;243;168;95;land;false;plains;1
13061;235;160;163;land;false;forest;1
13062;183;252;145;land;false;plains;1
13063;248;201;213;land;false;plains;1
13064;64;12;52;land;true;urban;1
13065;15;29;69;land;true;urban;1
13066;236;155;135;land;false;forest;1
13067;250;181;231;land;true;forest;1
13068;243;236;98;land;true;forest;1
13069;81;237;230;land;false;desert;1
13070;232;155;118;land;true;plains;1
13071;236;180;169;land;false;plains;1
13072;210;173;163;land;false;desert;1
13073;238;212;63;land;false;plains;1
13074;238;189;86;land;false;mountain;1
13075;183;232;211;land;false;mountain;1
13076;169;193;158;land;false;hills;1
13077;205;157;205;land;false;plains;1
13078;213;129;161;land;false;mountain;1
13079;231;231;224;land;false;mountain;1
13080;48;52;38;land;false;urban;1
13081;109;233;216;land;false;plains;1
13082;205;168;203;land;false;hills;1
13083;241;222;97;land;false;hills;1
13084;105;28;15;land;false;forest;1
13085;253;38;234;land;false;plains;1
13086;38;52;13;land;false;urban;1
13087;207;252;117;land;false;plains;1
13088;128;193;211;land;false;forest;1
13089;178;116;215;land;false;hills;1
13090;221;236;123;land;false;plains;1
13091;115;232;233;land;true;mountain;1
13092;212;200;192;land;false;forest;1
13093;253;93;233;land;false;plains;1
13094;227;165;175;land;false;plains;1
13095;232;154;188;land;true;plains;1
13096;234;240;167;land;false;forest;1
13097;254;66;203;land;false;plains;1
13098;221;211;190;land;false;forest;1
13099;187;247;117;land;false;desert;1
13100;221;246;185;land;false;desert;1
13101;229;201;117;land;false;desert;1
13102;75;6;57;land;false;urban;1
13103;2;19;123;land;false;urban;1
13104;218;224;234;land;false;hills;1
13105;252;247;253;land;false;hills;1
13106;209;202;208;land;false;plains;1
13107;165;129;238;land;false;hills;1
13108;156;253;166;land;false;hills;1
13109;210;176;133;land;false;hills;1
13110;228;111;224;land;false;hills;1
13111;227;146;193;land;false;hills;1
13112;162;203;163;land;false;mountain;1
13113;94;17;15;land;false;urban;1
13114;244;160;132;land;false;marsh;1
13115;225;121;191;land;false;marsh;1
13116;196;251;69;land;false;hills;1
13117;229;174;153;land;false;plains;1
13118;176;142;222;land;false;forest;1
13119;154;254;228;land;false;forest;1
13120;209;166;179;land;false;mountain;1
13121;95;228;185;land;false;hills;1
13122;50;227;253;land;false;marsh;1
13123;252;65;208;land;false;plains;1
13124;11;0;102;land;false;plains;1
13125;85;226;203;land;false;plains;1
13126;248;146;127;land;false;plains;1
13127;199;151;170;land;false;forest;1
13128;199;200;175;land;true;forest;1
13129;214;146;221;land;false;forest;1
13130;230;217;205;land;false;mountain;1
13131;214;247;191;land;false;mountain;1
13132;252;161;139;land;false;forest;1
13133;186;113;206;land;false;mountain;1
13134;219;247;189;land;false;hills;1
13135;130;212;222;land;false;desert;1
13136;90;230;208;land;false;plains;1
13137;110;233;247;land;false;forest;1
13138;150;181;202;land;false;forest;1
13139;243;202;227;land;false;desert;1
13140;222;73;244;land;false;mountain;1
13141;219;59;225;land;true;plains;1
13142;196;246;179;land;false;plains;1
13143;207;238;166;land;false;marsh;1
13144;195;133;196;land;false;hills;1
13145;210;70;234;land;false;forest;1
13146;154;240;241;land;false;marsh;1
13147;173;172;210;land;false;marsh;1
13148;185;241;220;land;false;marsh;1
13149;27;71;46;land;false;urban;1
13150;13;38;89;land;false;urban;1
13151;252;184;193;land;false;plains;1
13152;29;27;47;land;true;urban;1
13153;183;181;207;land;true;forest;1
13154;243;164;151;land;false;forest;1
13155;85;180;236;land;false;forest;1
13156;187;229;206;land;false;forest;1
13157;232;195;126;land;false;hills;1
13158;129;146;251;land;false;desert;1
13159;253;210;226;land;false;plains;1
13160;187;214;153;land;false;hills;1
13161;56;24;23;land;false;urban;1
13162;206;192;238;land;true;plains;1
13163;168;110;251;land;true;desert;1
13164;246;152;223;land;false;mountain;1
13165;200;67;245;land;false;mountain;1
13166;231;114;245;land;false;plains;1
13167;158;148;216;land;false;desert;1
13168;238;120;221;land;false;hills;1
13169;168;149;196;land;false;marsh;1
13170;193;212;104;land;false;plains;1
13171;241;235;166;land;false;forest;1
13172;216;65;247;land;false;forest;1
13173;157;170;226;land;false;forest;1
13174;217;155;129;land;false;forest;1
13175;206;123;240;land;false;plains;1
13176;238;245;204;land;false;plains;1
13177;189;177;163;land;true;forest;1
13178;88;207;219;land;false;mountain;1
13179;151;135;231;land;false;forest;1
13180;200;118;192;land;false;forest;1
13181;23;59;27;land;false;urban;1
13182;241;184;96;land;false;forest;1
13183;233;238;77;land;false;plains;1
13184;253;80;177;land;false;plains;1
13185;238;234;76;land;false;desert;1
13186;213;148;209;land;false;desert;1
13187;254;248;179;land;false;mountain;1
13188;238;247;133;land;false;mountain;1
13189;210;180;137;land;false;mountain;1
13190;227;235;157;land;true;mountain;1
13191;137;240;192;land;true;plains;1
13192;27;103;17;land;false;urban;1
13193;182;112;226;land;false;hills;1
13194;224;248;121;land;false;plains;1
13195;125;136;248;land;false;plains;1
13196;219;108;175;land;false;plains;1
13197;193;175;199;land;false;hills;1
13198;246;57;230;land;false;marsh;1
13199;107;221;214;land;false;plains;1
13200;214;234;245;land;false;forest;1
13201;192;96;229;land;false;forest;1
13202;240;105;184;land;false;forest;1
13203;178;254;165;land;false;mountain;1
13204;253;131;186;land;false;mountain;1
13205;249;156;220;land;false;forest;1
13206;214;249;110;land;false;forest;1
13207;167;176;205;land;false;mountain;1
13208;109;248;161;land;false;desert;1
13209;19;42;54;land;false;urban;1
13210;240;218;127;land;false;plains;1
13211;192;190;198;land;false;mountain;1
13212;67;23;34;land;false;urban;1
13213;250;229;50;land;false;plains;1
13214;67;240;243;land;false;hills;1
13215;253;228;190;land;false;plains;1
13216;245;138;193;land;false;forest;1
13217;23;80;21;land;false;urban;1
13218;162;251;155;land;false;plains;1
13219;166;187;177;land;false;plains;1
13220;75;19;26;land;false;urban;1
13221;238;201;217;land;false;forest;1
13222;232;220;165;land;false;mountain;1
13223;170;230;201;land;false;plains;1
13224;251;230;184;land;false;plains;1
13225;201;199;192;land;false;hills;1
13226;217;225;69;land;true;marsh;1
13227;204;238;65;land;false;desert;1
13228;251;121;156;land;true;forest;1
13229;68;54;24;land;true;urban;1
13230;116;176;219;land;false;plains;1
13231;104;157;251;land;false;hills;1
13232;248;245;209;land;false;marsh;1
13233;226;219;137;land;false;plains;1
13234;172;227;186;land;false;hills;1
13235;204;203;222;land;false;forest;1
13236;157;201;203;land;false;mountain;1
13237;230;252;184;land;false;forest;1
13238;124;211;217;land;false;hills;1
13239;241;166;222;land;false;forest;1
13240;191;137;235;land;false;marsh;1
13241;192;210;119;land;false;plains;1
13242;200;194;239;land;false;hills;1
13243;89;214;239;land;false;hills;1
13244;206;184;133;land;false;plains;1
13245;245;219;230;land;false;plains;1
13246;224;245;58;land;false;plains;1
13247;240;155;168;land;false;plains;1
13248;163;98;248;land;true;forest;1
13249;227;213;121;land;false;forest;1
13250;247;223;57;land;false;forest;1
13251;192;170;237;land;false;forest;1
13252;184;186;194;land;false;mountain;1
13253;233;174;160;land;false;forest;1
13254;249;100;246;land;true;hills;1
13255;177;164;245;land;false;desert;1
13256;147;193;202;land;false;desert;1
13257;235;247;145;land;false;desert;1
13258;220;196;150;land;false;hills;1
13259;238;203;219;land;false;forest;1
13260;179;209;234;land;true;plains;1
13261;242;167;191;land;false;desert;1
13262;240;176;164;land;false;hills;1
13263;195;202;144;land;false;plains;1
13264;229;227;122;land;false;mountain;1
13265;20;54;73;land;false;urban;1
13266;232;165;106;land;false;mountain;1
13267;40;27;45;land;false;urban;1
13268;243;97;196;land;false;forest;1
13269;212;244;125;land;false;plains;1
13270;9;34;64;land;true;urban;1
13271;223;163;238;land;true;hills;1
13272;154;236;141;land;false;desert;1
13273;169;247;119;land;false;plains;1
13274;250;121;161;land;false;plains;1
13275;211;219;194;land;false;hills;1
13276;226;221;119;land;false;plains;1
13277;148;207;204;land;false;mountain;1
13278;155;243;223;land;false;forest;1
13279;116;242;178;land;false;hills;1
13280;244;58;234;land;false;mountain;1
13281;195;191;121;land;false;forest;1
13282;230;138;185;land;false;marsh;1
13283;169;143;223;land;false;plains;1
13284;225;132;167;land;false;forest;1
13285;130;194;252;land;false;plains;1
13286;246;138;202;land;false;hills;1
13287;250;80;210;land;false;forest;1
13288;84;20;30;land;false;urban;1
13289;193;228;119;land;false;forest;1
13290;90;201;236;land;false;plains;1
13291;162;240;197;land;true;forest;1
13292;43;240;223;land;false;forest;1
13293;192;109;215;land;false;mountain;1
13294;211;235;95;land;false;desert;1
13295;239;40;234;land;false;mountain;1
13296;34;19;96;land;false;urban;1
13297;161;238;177;land;false;hills;1
13298;176;196;250;land;false;plains;1
13299;146;160;234;land;true;forest;1
13300;225;129;217;land;true;desert;1
13301;169;229;180;land;false;hills;1
13302;236;129;169;land;true;plains;1
13303;246;139;245;land;true;plains;1
13304;23;229;250;land;false;marsh;1
13305;244;179;109;land;false;mountain;1
13306;220;160;237;land;false;plains;1
13307;84;235;210;land;false;plains;1
13308;174;190;247;land;false;hills;1
13309;239;149;154;land;false;plains;1
13310;249;222;211;land;false;plains;1
13311;133;245;236;land;false;hills;1
13312;221;231;63;land;false;hills;1
13313;181;190;201;land;false;plains;1
13314;49;37;55;land;false;urban;1
13315;198;201;227;land;false;forest;1
13316;128;240;233;land;false;mountain;1
13317;240;148;177;land;false;forest;1
13318;186;116;213;land;false;hills;1
13319;209;249;77;land;false;desert;1
13320;203;165;205;land;false;hills;1
13321;173;234;156;land;false;hills;1
13322;189;183;173;land;false;mountain;1
13323;0;26;104;land;false;urban;1
13324;253;57;245;land;false;hills;1
13325;103;207;240;land;false;forest;1
13326;179;189;222;land;false;forest;1
13327;32;24;73;land;false;marsh;1
13328;196;228;160;land;false;desert;1
13329;42;40;48;land;false;urban;1
13330;189;229;204;land;false;forest;1
13331;171;212;240;land;false;forest;1
13332;215;205;173;land;false;forest;1
13333;34;49;22;land;true;urban;1
13334;216;212;250;land;true;forest;1
13335;183;157;214;land;true;forest;1
13336;220;183;188;land;false;forest;1
13337;246;185;168;land;true;forest;1
13338;60;3;50;land;false;forest;1
13339;196;132;173;land;false;forest;1
13340;166;212;196;land;false;mountain;1
13341;159;99;249;land;false;mountain;1
13342;222;190;238;land;false;hills;1
13343;198;218;240;land;true;mountain;1
13344;197;57;250;land;false;desert;1
13345;203;251;246;land;false;mountain;1
13346;245;231;50;land;false;hills;1
13347;162;214;176;land;false;plains;1
13348;237;43;221;land;false;hills;1
13349;221;190;191;land;false;hills;1
13350;166;195;177;land;false;hills;1
13351;248;201;177;land;false;plains;1
13352;188;131;185;land;false;desert;1
13353;250;113;185;land;false;hills;1
13354;221;182;130;land;true;plains;1
13355;237;250;192;land;true;plains;1
13356;193;220;207;land;false;plains;1
13357;145;183;222;land;false;plains;1
13358;252;166;131;land;true;plains;1
13359;172;164;246;land;false;mountain;1
13360;171;133;210;land;false;hills;1
13361;115;215;238;land;false;plains;1
13362;248;211;185;land;false;plains;1
13363;244;134;180;land;false;plains;1
13364;79;254;249;land;false;plains;1
13365;159;132;229;land;false;forest;1
13366;246;196;162;land;false;hills;1
13367;170;130;206;land;false;plains;1
13368;204;219;176;land;false;forest;1
13369;75;201;230;land;false;forest;1
13370;205;215;186;land;false;forest;1
13371;229;136;166;land;false;forest;1
13372;235;166;226;land;false;mountain;1
13373;233;74;197;land;false;plains;1
13374;83;9;51;land;false;urban;1
13375;236;158;170;land;false;mountain;1
13376;212;161;204;land;false;hills;1
13377;203;254;194;land;false;mountain;1
13378;229;134;179;land;false;mountain;1
13379;251;203;169;land;false;hills;1
13380;231;104;169;land;false;hills;1
13381;66;223;229;land;false;forest;1
13382;253;178;95;land;false;forest;1
13383;133;177;194;land;false;plains;1
13384;220;198;121;land;true;forest;1
13385;253;239;82;land;false;forest;1
13386;238;149;179;land;false;forest;1
13387;170;251;118;land;true;plains;1
13388;189;141;215;land;false;mountain;1
13389;66;18;29;land;true;urban;1
13390;13;70;36;land;false;urban;1
13391;225;120;217;land;false;mountain;1
13392;74;25;42;land;false;urban;1
13393;88;11;17;land;false;urban;1
13394;168;219;203;land;false;plains;1
13395;99;253;216;land;false;desert;1
13396;254;93;228;land;false;mountain;1
13397;241;117;239;land;false;hills;1
13398;244;76;241;land;false;plains;1
13399;249;89;164;land;true;plains;1
13400;186;147;201;land;false;forest;1
13401;249;183;193;land;false;hills;1
13402;223;232;235;land;false;hills;1
13403;195;159;227;land;false;marsh;1
13404;243;228;180;land;false;plains;1
13405;213;109;232;land;false;plains;1
13406;228;229;196;land;false;plains;1
13407;241;116;167;land;false;plains;1
13408;234;32;239;land;false;hills;1
13409;240;152;169;land;false;forest;1
13410;160;222;153;land;false;forest;1
13411;240;188;76;land;false;plains;1
13412;189;247;123;land;false;hills;1
13413;146;243;199;land;true;forest;1
13414;204;166;149;land;true;forest;1
13415;219;226;205;land;false;forest;1
13416;247;184;126;land;false;mountain;1
13417;224;231;235;land;false;forest;1
13418;221;221;180;land;false;desert;1
13419;166;247;113;land;false;hills;1
13420;240;104;160;land;false;hills;1
13421;149;173;230;land;false;hills;1
13422;246;246;59;land;false;mountain;1
13423;9;88;26;land;false;urban;1
13424;107;226;243;land;false;forest;1
13425;141;202;169;land;true;plains;1
13426;246;117;162;land;false;mountain;1
13427;24;29;55;land;true;urban;1
13428;103;24;6;land;true;urban;1
13429;121;194;235;land;false;hills;1
13430;190;168;187;land;false;plains;1
13431;211;225;150;land;false;mountain;1
13432;102;176;240;land;false;mountain;1
13433;108;12;29;land;false;urban;1
13434;192;192;226;land;false;mountain;1
13435;246;177;146;land;false;marsh;1
13436;179;253;233;land;false;marsh;1
13437;218;66;253;land;false;plains;1
13438;254;197;146;land;false;marsh;1
13439;191;251;228;land;false;forest;1
13440;240;49;218;land;false;plains;1
13441;72;3;46;land;false;urban;1
13442;149;153;234;land;false;plains;1
13443;202;64;236;land;true;forest;1
13444;215;226;158;land;true;forest;1
13445;7;117;12;land;true;urban;1
13446;249;221;105;land;false;forest;1
13447;226;222;233;land;false;forest;1
13448;249;246;62;land;false;forest;1
13449;50;25;45;land;false;urban;1
13450;210;242;224;land;false;forest;1
13451;250;179;244;land;false;plains;1
13452;146;199;192;land;false;desert;1
13453;43;26;61;land;false;urban;1
13454;207;187;127;land;true;plains;1
13455;104;200;200;land;false;mountain;1
13456;205;191;222;land;false;mountain;1
13457;203;198;171;land;false;forest;1
13458;198;95;246;land;false;plains;1
13459;208;244;104;land;false;forest;1
13460;96;25;19;land;false;urban;1
13461;214;185;245;land;false;plains;1
13462;221;250;113;land;false;forest;1
13463;135;163;214;land;false;plains;1
13464;217;131;245;land;true;forest;1
13465;198;151;191;land;true;forest;1
13466;201;125;242;land;true;forest;1
13467;26;44;57;land;true;urban;1
13468;184;152;197;land;false;forest;1
13469;206;137;224;land;false;forest;1
13470;203;89;222;land;false;forest;1
13471;150;167;220;land;false;mountain;1
13472;182;164;181;land;false;mountain;1
13473;71;16;61;land;false;urban;1
13474;203;230;110;land;false;mountain;1
13475;251;173;98;land;false;plains;1
13476;244;249;109;land;false;mountain;1
13477;251;208;238;land;false;plains;1
13478;85;246;230;land;false;plains;1
13479;148;245;232;land;false;mountain;1
13480;241;182;139;land;false;mountain;1
13481;213;189;109;land;false;plains;1
13482;157;252;157;land;false;hills;1
13483;205;178;148;land;false;hills;1
13484;8;17;78;land;false;urban;1
13485;33;48;23;land;false;plains;1
13486;243;198;66;land;false;plains;1
13487;251;247;113;land;false;forest;1
13488;139;196;229;land;false;forest;1
13489;204;244;113;land;false;mountain;1
13490;3;82;23;land;false;desert;1
13491;173;151;177;land;false;forest;1
13492;193;249;87;land;true;plains;1
13493;157;105;244;land;true;plains;1
13494;248;246;98;land;false;mountain;1
13495;162;223;167;land;false;mountain;1
13496;248;118;238;land;false;hills;1
13497;105;234;185;land;false;mountain;1
13498;218;68;215;land;false;forest;1
13499;253;48;251;land;false;marsh;1
13500;242;199;95;land;false;plains;1
13501;247;130;174;land;false;forest;1
13502;252;221;137;land;false;forest;1
13503;244;197;156;land;false;hills;1
13504;220;248;84;land;false;forest;1
13505;211;122;253;land;false;forest;1
13506;237;195;133;land;true;forest;1
13507;244;164;169;land;false;forest;1
13508;202;145;212;land;false;hills;1
13509;84;217;200;land;false;plains;1
13510;215;160;143;land;false;desert;1
13511;15;22;70;land;true;urban;1
13512;18;78;19;land;true;urban;1
13513;5;63;34;land;true;urban;1
13514;11;99;38;land;true;urban;1
13515;142;150;212;land;true;plains;1
13516;225;214;217;land;false;plains;1
13517;236;148;147;land;false;mountain;1
13518;142;202;182;land;false;mountain;1
13519;53;253;217;land;false;hills;1
13520;215;107;208;land;false;marsh;1
13521;175;88;252;land;false;plains;1
13522;54;243;238;land;false;plains;1
13523;252;217;183;land;false;plains;1
13524;223;171;144;land;false;plains;1
13525;35;71;34;land;false;urban;1
13526;184;196;162;land;false;forest;1
13527;169;248;252;land;false;forest;1
13528;170;128;217;land;false;plains;1
13529;244;211;144;land;false;plains;1
13530;234;200;215;land;false;mountain;1
13531;238;146;129;land;true;forest;1
13532;42;80;24;land;true;urban;1
13533;250;111;237;land;false;mountain;1
13534;168;237;175;land;false;forest;1
13535;254;62;207;land;true;forest;1
13536;194;183;168;land;true;plains;1
13537;13;245;243;land;false;hills;1
13538;78;245;211;land;false;forest;1
13539;246;205;187;land;false;plains;1
13540;101;206;252;land;false;hills;1
13541;190;220;250;land;false;hills;1
13542;187;238;85;land;false;mountain;1
13543;246;139;172;land;false;plains;1
13544;209;202;184;land;true;plains;1
13545;124;219;222;land;true;plains;1
13546;226;101;244;land;true;forest;1
13547;145;132;229;land;false;forest;1
13548;205;109;216;land;false;marsh;1
13549;252;251;2;land;false;plains;1
13550;215;225;163;land;false;forest;1
13551;113;244;201;land;false;plains;1
13552;139;189;232;land;false;plains;1
13553;247;141;231;land;false;plains;1
13554;119;230;205;land;true;forest;1
13555;248;158;176;land;false;forest;1
13556;39;14;54;land;true;urban;1
13557;244;227;143;land;false;forest;1
13558;164;228;217;land;false;forest;1
13559;203;155;247;land;false;mountain;1
13560;234;231;173;land;false;hills;1
13561;132;161;227;land;false;desert;1
13562;166;251;179;land;false;desert;1
13563;209;145;185;land;false;hills;1
13564;238;180;148;land;false;hills;1
13565;196;105;236;land;false;plains;1
13566;250;183;106;land;false;forest;1
13567;197;210;226;land;false;hills;1
13568;189;220;209;land;false;plains;1
13569;239;241;249;land;false;mountain;1
13570;215;142;166;land;false;plains;1
13571;174;167;199;land;false;desert;1
13572;210;84;245;land;true;plains;1
13573;174;217;213;land;true;plains;1
13574;202;177;137;land;false;hills;1
13575;191;163;162;land;false;hills;1
13576;193;235;222;land;false;hills;1
13577;151;166;219;land;false;plains;1
13578;214;214;173;land;false;plains;1
13579;205;164;187;land;false;plains;1
13580;81;20;21;land;false;urban;1
13581;1;77;32;land;false;urban;1
13582;239;193;127;land;false;forest;1
13583;165;161;236;land;false;plains;1
13584;189;182;133;land;false;mountain;1
13585;194;220;110;land;false;mountain;1
13586;201;128;249;land;false;plains;1
13587;249;165;244;land;false;hills;1
13588;242;211;68;land;false;plains;1
13589;155;216;246;land;false;marsh;1
13590;241;120;168;land;false;forest;1
13591;12;100;27;land;true;urban;1
13592;65;5;49;land;true;urban;1
13593;3;59;63;land;false;urban;1
13594;81;216;223;land;false;mountain;1
13595;219;225;80;land;false;hills;1
13596;223;147;149;land;false;plains;1
13597;202;143;219;land;false;plains;1
13598;203;251;113;land;false;plains;1
13599;61;226;221;land;false;plains;1
13600;164;187;179;land;false;forest;1
13601;110;193;199;land;false;plains;1
13602;0;11;121;land;true;urban;1
13603;46;25;39;land;true;urban;1
13604;227;226;61;land;false;forest;1
13605;234;180;241;land;false;forest;1
13606;194;239;187;land;false;desert;1
13607;241;194;78;land;false;plains;1
13608;247;207;238;land;false;hills;1
13609;209;107;219;land;false;hills;1
13610;221;240;184;land;false;forest;1
13611;191;214;117;land;false;desert;1
13612;175;177;238;land;false;mountain;1
13613;250;206;251;land;false;plains;1
13614;65;233;213;land;false;mountain;1
13615;175;237;156;land;false;plains;1
13616;54;56;38;land;true;urban;1
13617;214;252;102;land;false;mountain;1
13618;246;253;210;land;false;forest;1
13619;167;185;151;land;false;plains;1
13620;166;218;186;land;false;plains;1
13621;144;192;238;land;false;plains;1
13622;217;237;215;land;false;plains;1
13623;177;179;254;land;false;forest;1
13624;245;90;172;land;false;forest;1
13625;130;196;178;land;false;forest;1
13626;72;212;231;land;false;forest;1
13627;240;213;173;land;false;forest;1
13628;209;167;198;land;true;forest;1
13629;253;172;251;land;false;forest;1
13630;146;178;253;land;false;forest;1
13631;238;228;244;land;false;forest;1
13632;216;228;232;land;false;forest;1
13633;237;169;123;land;false;plains;1
13634;68;19;30;land;false;forest;1
13635;232;246;136;land;false;hills;1
13636;131;215;223;land;false;mountain;1
13637;70;243;230;land;false;forest;1
13638;222;175;254;land;false;forest;1
13639;244;97;211;land;false;forest;1
13640;61;216;249;land;true;plains;1
13641;190;246;98;land;false;desert;1
13642;198;234;133;land;false;desert;1
13643;200;167;152;land;false;plains;1
13644;201;210;103;land;false;plains;1
13645;184;248;247;land;true;plains;1
13646;105;164;248;land;false;hills;1
13647;231;222;73;land;false;mountain;1
13648;198;208;107;land;false;plains;1
13649;248;158;142;land;false;forest;1
13650;197;183;130;land;false;plains;1
13651;192;132;180;land;false;marsh;1
13652;127;239;180;land;false;plains;1
13653;244;202;56;land;false;forest;1
13654;8;107;2;land;false;plains;1
13655;186;225;141;land;false;hills;1
13656;155;106;253;land;false;forest;1
13657;236;87;195;land;true;forest;1
13658;129;214;168;land;false;forest;1
13659;213;130;225;land;false;plains;1
13660;118;210;178;land;true;plains;1
13661;207;254;72;land;false;hills;1
13662;223;174;240;land;false;hills;1
13663;238;245;163;land;true;desert;1
13664;223;147;159;land;false;plains;1
13665;205;244;239;land;false;desert;1
13666;247;203;57;land;false;mountain;1
13667;199;206;154;land;false;mountain;1
13668;232;218;64;land;false;plains;1
13669;181;123;241;land;false;plains;1
13670;185;139;190;land;false;hills;1
13671;225;239;244;land;false;forest;1
13672;158;218;234;land;false;marsh;1
13673;237;165;194;land;false;plains;1
13674;233;88;244;land;false;plains;1
13675;240;14;247;land;false;forest;1
13676;123;153;241;land;false;plains;1
13677;24;68;28;land;false;urban;1
13678;124;15;8;land;false;urban;1
13679;63;27;31;land;false;urban;1
13680;213;162;244;land;false;plains;1
13681;180;207;199;land;false;plains;1
13682;204;148;170;land;false;hills;1
13683;214;97;251;land;false;forest;1
13684;88;7;51;land;true;urban;1
13685;213;152;166;land;true;hills;1
13686;231;138;232;land;false;mountain;1
13687;251;176;171;land;false;forest;1
13688;41;79;7;land;false;plains;1
13689;180;167;156;land;false;desert;1
13690;245;201;235;land;false;plains;1
13691;245;110;232;land;false;plains;1
13692;252;228;73;land;true;hills;1
13693;248;161;169;land;false;forest;1
13694;249;168;149;land;false;hills;1
13695;4;68;33;land;false;urban;1
13696;237;95;204;land;false;mountain;1
13697;14;69;18;land;false;urban;1
13698;223;108;202;land;false;hills;1
13699;241;166;171;land;false;plains;1
13700;9;91;36;land;false;urban;1
13701;248;97;193;land;false;plains;1
13702;153;227;208;land;false;hills;1
13703;35;21;93;land;false;urban;1
13704;92;6;49;land;false;plains;1
13705;166;229;198;land;false;forest;1
13706;215;178;238;land;false;mountain;1
13707;244;207;61;land;false;forest;1
13708;230;224;122;land;true;mountain;1
13709;145;189;251;land;false;mountain;1
13710;196;245;131;land;false;forest;1
13711;218;124;234;land;false;mountain;1
13712;239;198;188;land;false;mountain;1
13713;244;143;115;land;false;mountain;1
13714;130;244;248;land;false;plains;1
13715;224;122;190;land;false;mountain;1
13716;215;211;130;land;false;mountain;1
13717;46;43;38;land;false;hills;1
13718;32;71;13;land;false;urban;1
13719;73;71;1;land;false;urban;1
13720;228;253;35;land;false;forest;1
13721;250;205;214;land;false;plains;1
13722;39;14;77;land;false;plains;1
13723;81;1;36;land;false;urban;1
13724;48;32;40;land;false;forest;1
13725;95;218;224;land;false;forest;1
13726;240;136;145;land;false;forest;1
13727;234;224;102;land;false;forest;1
13728;66;230;252;land;false;plains;1
13729;243;9;253;land;false;hills;1
13730;230;249;61;land;true;forest;1
13731;238;118;185;land;false;forest;1
13732;232;85;246;land;false;forest;1
13733;246;176;102;land;false;forest;1
13734;198;137;248;land;false;forest;1
13735;97;220;207;land;false;plains;1
13736;237;156;229;land;false;hills;1
13737;54;76;3;land;true;urban;1
13738;230;103;196;land;false;desert;1
13739;155;208;179;land;false;plains;1
13740;251;195;174;land;false;desert;1
13741;153;192;190;land;false;hills;1
13742;243;219;132;land;true;plains;1
13743;234;238;33;land;false;desert;1
13744;174;246;226;land;false;plains;1
13745;121;205;231;land;false;mountain;1
13746;242;251;208;land;false;forest;1
13747;216;205;100;land;false;hills;1
13748;237;112;200;land;false;plains;1
13749;231;119;218;land;false;forest;1
13750;160;211;187;land;false;hills;1
13751;201;254;117;land;false;plains;1
13752;180;223;105;land;false;forest;1
13753;152;213;153;land;false;forest;1
13754;204;245;209;land;false;forest;1
13755;224;130;202;land;false;plains;1
13756;218;161;221;land;true;forest;1
13757;166;233;228;land;false;forest;1
13758;223;145;238;land;false;forest;1
13759;221;226;171;land;false;forest;1
13760;239;181;214;land;false;forest;1
13761;129;181;225;land;false;mountain;1
13762;68;23;55;land;false;urban;1
13763;85;196;248;land;false;desert;1
13764;215;205;205;land;false;mountain;1
13765;203;157;153;land;false;desert;1
13766;208;171;130;land;false;forest;1
13767;216;141;169;land;false;desert;1
13768;172;109;229;land;false;plains;1
13769;254;184;127;land;false;hills;1
13770;179;223;140;land;false;plains;1
13771;28;39;66;land;true;urban;1
13772;251;225;243;land;false;mountain;1
13773;204;250;242;land;false;forest;1
13774;124;171;229;land;false;hills;1
13775;208;223;248;land;false;marsh;1
13776;107;220;182;land;false;plains;1
13777;17;86;0;land;false;urban;1
13778;175;175;202;land;false;forest;1
13779;251;157;129;land;false;forest;1
13780;95;19;5;land;false;plains;1
13781;172;208;173;land;false;mountain;1
13782;34;55;45;land;false;urban;1
13783;5;17;94;land;false;urban;1
13784;208;240;183;land;false;plains;1
13785;197;231;220;land;true;forest;1
13786;17;57;29;land;false;urban;1
13787;243;133;129;land;false;forest;1
13788;253;190;179;land;false;forest;1
13789;171;244;158;land;false;plains;1
13790;217;166;243;land;false;mountain;1
13791;74;246;194;land;false;desert;1
13792;171;184;209;land;false;mountain;1
13793;220;171;211;land;false;desert;1
13794;195;241;177;land;false;mountain;1
13795;144;253;129;land;false;plains;1
13796;162;222;128;land;false;hills;1
13797;244;110;252;land;false;plains;1
13798;238;153;184;land;false;plains;1
13799;145;213;244;land;false;plains;1
13800;254;156;183;land;false;hills;1
13801;188;223;234;land;false;hills;1
13802;12;19;114;land;false;plains;1
13803;192;179;202;land;false;hills;1
13804;226;193;190;land;false;forest;1
13805;65;57;4;land;true;urban;1
13806;223;96;186;land;false;desert;1
13807;111;249;146;land;false;plains;1
13808;192;203;214;land;false;plains;1
13809;220;131;178;land;false;plains;1
13810;126;215;205;land;false;plains;1
13811;249;61;196;land;false;mountain;1
13812;128;228;173;land;false;plains;1
13813;221;251;225;land;false;hills;1
13814;140;125;250;land;false;plains;1
13815;223;254;209;land;false;plains;1
13816;227;242;142;land;false;plains;1
13817;243;126;216;land;false;plains;1
13818;132;4;12;land;false;urban;1
13819;111;4;11;land;false;urban;1
13820;106;185;214;land;false;forest;1
13821;192;115;225;land;false;forest;1
13822;214;234;162;land;false;forest;1
13823;237;221;190;land;false;forest;1
13824;237;25;241;land;false;plains;1
13825;234;173;232;land;false;plains;1
13826;0;47;66;land;false;mountain;1
13827;106;35;5;land;false;urban;1
13828;247;239;144;land;true;forest;1
13829;83;13;47;land;false;urban;1
13830;210;158;162;land;false;forest;1
13831;215;201;96;land;false;forest;1
13832;163;133;240;land;false;mountain;1
13833;124;183;225;land;true;mountain;1
13834;186;138;193;land;false;mountain;1
13835;183;203;215;land;false;plains;1
13836;193;124;254;land;false;forest;1
13837;190;213;137;land;true;forest;1
13838;45;45;22;land;false;urban;1
13839;47;71;8;land;true;urban;1
13840;162;237;207;land;true;plains;1
13841;187;150;221;land;false;desert;1
13842;247;201;168;land;false;plains;1
13843;210;180;185;land;true;plains;1
13844;11;237;254;land;false;mountain;1
13845;236;124;186;land;false;mountain;1
13846;247;211;88;land;false;hills;1
13847;75;27;4;land;false;urban;1
13848;209;164;136;land;false;forest;1
13849;100;245;226;land;false;plains;1
13850;18;50;48;land;false;plains;1
13851;141;204;157;land;false;forest;1
13852;33;70;4;land;false;urban;1
13853;191;128;234;land;false;forest;1
13854;87;18;20;land;false;plains;1
13855;140;213;186;land;false;forest;1
13856;92;23;23;land;true;urban;1
13857;206;227;211;land;false;forest;1
13858;155;254;103;land;false;mountain;1
13859;242;194;237;land;false;forest;1
13860;164;153;208;land;false;desert;1
13861;149;140;253;land;true;hills;1
13862;246;238;86;land;false;hills;1
13863;174;235;199;land;false;desert;1
13864;61;223;232;land;false;forest;1
13865;121;218;183;land;true;plains;1
13866;222;132;155;land;false;mountain;1
13867;88;250;182;land;false;hills;1
13868;213;239;231;land;false;mountain;1
13869;254;51;230;land;false;plains;1
13870;250;220;34;land;false;hills;1
13871;248;248;146;land;false;hills;1
13872;173;129;203;land;false;hills;1
13873;224;220;129;land;false;hills;1
13874;185;227;115;land;false;marsh;1
13875;242;206;151;land;false;plains;1
13876;160;245;177;land;false;forest;1
13877;253;120;204;land;false;forest;1
13878;235;206;131;land;false;plains;1
13879;15;3;120;land;false;urban;1
13880;29;6;107;land;false;plains;1
13881;0;57;72;land;false;urban;1
13882;252;133;212;land;false;plains;1
13883;215;243;108;land;false;mountain;1
13884;188;203;197;land;false;hills;1
13885;234;118;227;land;true;forest;1
13886;242;252;75;land;false;forest;1
13887;210;247;200;land;false;forest;1
13888;249;124;244;land;false;forest;1
13889;209;250;141;land;true;forest;1
13890;207;248;139;land;true;hills;1
13891;214;138;154;land;false;forest;1
13892;241;138;187;land;false;mountain;1
13893;10;245;252;land;false;mountain;1
13894;250;188;75;land;false;forest;1
13895;215;116;185;land;true;plains;1
13896;197;240;70;land;false;desert;1
13897;240;227;195;land;false;plains;1
13898;77;227;226;land;false;mountain;1
13899;157;199;234;land;false;mountain;1
13900;36;2;104;land;true;urban;1
13901;150;175;221;land;false;hills;1
13902;48;238;252;land;false;forest;1
13903;216;208;108;land;false;plains;1
13904;210;131;214;land;false;plains;1
13905;199;211;195;land;false;plains;1
13906;105;170;253;land;false;hills;1
13907;155;235;203;land;false;hills;1
13908;210;202;139;land;false;plains;1
13909;171;236;96;land;false;hills;1
13910;144;240;241;land;false;plains;1
13911;34;55;15;land;false;urban;1
13912;179;192;208;land;false;plains;1
13913;235;97;209;land;false;forest;1
13914;237;119;246;land;false;forest;1
13915;44;85;3;land;false;plains;1
13916;204;238;76;land;false;forest;1
13917;26;93;24;land;false;urban;1
13918;252;247;97;land;false;forest;1
13919;230;171;208;land;false;forest;1
13920;189;179;156;land;false;forest;1
13921;219;221;155;land;false;forest;1
13922;193;234;175;land;false;forest;1
13923;101;227;219;land;true;forest;1
13924;229;109;171;land;false;forest;1
13925;220;235;134;land;false;desert;1
13926;246;9;253;land;false;mountain;1
13927;243;218;89;land;false;forest;1
13928;238;117;228;land;false;forest;1
13929;240;229;79;land;false;hills;1
13930;77;214;248;land;false;hills;1
13931;151;175;232;land;false;plains;1
13932;231;194;249;land;false;plains;1
13933;225;166;118;land;false;hills;1
13934;219;203;142;land;false;plains;1
13935;221;236;211;land;true;plains;1
13936;204;218;143;land;false;hills;1
13937;187;125;215;land;false;plains;1
13938;186;176;145;land;false;plains;1
13939;198;178;130;land;false;plains;1
13940;213;144;217;land;false;forest;1
13941;9;99;0;land;false;urban;1
13942;224;179;253;land;false;forest;1
13943;239;128;224;land;false;plains;1
13944;21;48;48;land;false;plains;1
13945;235;91;205;land;false;forest;1
13946;161;254;173;land;false;forest;1
13947;231;201;202;land;false;forest;1
13948;253;186;242;land;false;forest;1
13949;91;250;178;land;false;forest;1
13950;244;119;181;land;false;hills;1
13951;163;248;135;land;false;plains;1
13952;244;196;65;land;false;plains;1
13953;251;174;225;land;false;plains;1
13954;238;29;234;land;false;desert;1
13955;230;113;246;land;false;plains;1
13956;137;250;159;land;false;plains;1
13957;191;136;177;land;false;mountain;1
13958;219;228;191;land;false;hills;1
13959;241;158;244;land;false;plains;1
13960;235;175;244;land;false;forest;1
13961;212;139;179;land;false;plains;1
13962;178;153;217;land;false;forest;1
13963;187;105;246;land;false;forest;1
13964;86;28;17;land;false;urban;1
13965;15;32;61;land;false;urban;1
13966;114;217;207;land;false;mountain;1
13967;248;215;193;land;false;forest;1
13968;236;206;113;land;false;mountain;1
13969;218;254;129;land;false;forest;1
13970;38;12;93;land;false;urban;1
13971;61;43;25;land;false;urban;1
13972;233;183;126;land;false;hills;1
13973;240;73;251;land;false;plains;1
13974;245;119;170;land;false;mountain;1
13975;104;237;240;land;false;plains;1
13976;153;250;162;land;false;hills;1
13977;207;163;220;land;false;hills;1
13978;95;249;223;land;false;hills;1
13979;217;238;130;land;false;plains;1
13980;49;29;37;land;false;plains;1
13981;67;4;40;land;false;urban;1
13982;252;63;192;land;false;forest;1
13983;90;12;16;land;false;plains;1
13984;223;200;209;land;false;mountain;1
13985;151;207;207;land;false;forest;1
13986;161;181;184;land;true;plains;1
13987;187;138;209;land;false;mountain;1
13988;26;94;23;land;false;urban;1
13989;135;209;183;land;false;hills;1
13990;210;83;227;land;false;plains;1
13991;164;241;224;land;false;hills;1
13992;88;200;222;land;false;forest;1
13993;210;144;152;land;false;forest;1
13994;153;238;154;land;false;forest;1
13995;176;223;184;land;false;desert;1
13996;217;239;84;land;false;plains;1
13997;179;153;244;land;false;plains;1
13998;193;159;219;land;true;plains;1
13999;205;254;156;land;false;mountain;1
14000;210;207;185;land;false;mountain;1
14001;12;50;67;land;false;urban;1
14002;49;20;54;land;false;urban;1
14003;176;178;171;land;false;plains;1
14004;218;214;156;land;false;forest;1
14005;239;207;227;land;false;plains;1
14006;246;185;126;land;false;plains;1
14007;129;0;17;land;false;urban;1
14008;207;192;204;land;false;forest;1
14009;189;182;147;land;false;desert;1
14010;160;161;182;land;false;mountain;1
14011;215;135;196;land;false;plains;1
14012;214;223;95;land;false;forest;1
14013;233;135;206;land;false;desert;1
14014;58;230;232;land;false;plains;1
14015;61;47;5;land;false;urban;1
14016;253;222;39;land;false;mountain;1
14017;2;91;35;land;false;urban;1
14018;166;201;191;land;false;hills;1
14019;109;4;35;land;false;urban;1
14020;166;162;247;land;false;forest;1
14021;163;250;111;land;false;plains;1
14022;58;43;4;land;false;urban;1
14023;221;205;175;land;false;hills;1
14024;233;184;124;land;false;plains;1
14025;89;26;3;land;false;urban;1
14026;33;12;95;land;false;urban;1
14027;40;37;66;land;false;urban;1
14028;157;123;240;land;false;forest;1
14029;77;23;41;land;true;urban;1
14030;154;188;241;land;true;hills;1
14031;123;156;222;land;false;desert;1
14032;219;118;164;land;false;plains;1
14033;242;232;118;land;false;hills;1
14034;227;238;217;land;false;plains;1
14035;236;242;178;land;false;forest;1
14036;130;221;237;land;false;forest;1
14037;53;32;57;land;false;urban;1
14038;160;202;236;land;false;plains;1
14039;176;237;150;land;false;plains;1
14040;216;150;244;land;false;mountain;1
14041;139;230;172;land;false;plains;1
14042;244;114;238;land;false;forest;1
14043;226;205;105;land;false;plains;1
14044;138;210;230;land;false;plains;1
14045;242;169;244;land;false;forest;1
14046;131;193;204;land;false;hills;1
14047;186;135;210;land;false;hills;1
14048;253;215;143;land;false;forest;1
14049;254;252;207;land;false;forest;1
14050;231;135;145;land;false;forest;1
14051;1;85;46;land;false;urban;1
14052;23;53;26;land;false;urban;1
14053;6;41;83;land;false;plains;1
14054;117;222;179;land;false;forest;1
14055;71;237;206;land;false;forest;1
14056;248;150;238;land;true;forest;1
14057;243;251;231;land;false;forest;1
14058;232;239;170;land;false;forest;1
14059;173;123;235;land;false;plains;1
14060;193;244;91;land;false;plains;1
14061;184;221;115;land;false;forest;1
14062;180;196;197;land;false;mountain;1
14063;210;138;212;land;true;plains;1
14064;223;209;115;land;false;desert;1
14065;216;182;252;land;false;hills;1
14066;174;170;198;land;false;forest;1
14067;253;169;185;land;false;plains;1
14068;179;224;208;land;false;plains;1
14069;83;27;34;land;false;urban;1
14070;82;217;221;land;false;desert;1
14071;131;167;212;land;false;mountain;1
14072;251;237;34;land;false;mountain;1
14073;236;220;219;land;false;plains;1
14074;240;223;70;land;false;forest;1
14075;246;73;242;land;false;plains;1
14076;231;196;123;land;false;forest;1
14077;108;223;232;land;false;forest;1
14078;237;127;217;land;false;plains;1
14079;188;180;189;land;false;plains;1
14080;246;89;194;land;false;forest;1
14081;241;56;215;land;false;plains;1
14082;15;123;8;land;false;mountain;1
14083;67;0;59;land;false;mountain;1
14084;139;197;216;land;false;marsh;1
14085;223;138;209;land;false;forest;1
14086;144;240;208;land;false;forest;1
14087;205;229;212;land;false;forest;1
14088;242;127;141;land;false;mountain;1
14089;168;129;250;land;false;mountain;1
14090;31;34;37;land;true;plains;1
14091;91;45;7;land;true;urban;1
14092;57;19;43;land;false;urban;1
14093;148;246;147;land;true;desert;1
14094;157;207;244;land;false;forest;1
14095;201;191;231;land;false;jungle;1
14096;212;219;138;land;false;plains;1
14097;211;152;170;land;false;plains;1
14098;245;172;117;land;false;plains;1
14099;12;81;17;land;false;urban;1
14100;217;97;199;land;false;mountain;1
14101;225;112;172;land;false;forest;1
14102;111;212;180;land;false;plains;1
14103;203;213;251;land;false;forest;1
14104;229;214;126;land;false;plains;1
14105;81;28;36;land;false;urban;1
14106;0;95;46;land;false;plains;1
14107;221;119;193;land;false;forest;1
14108;246;73;238;land;false;forest;1
14109;152;150;236;land;false;forest;1
14110;210;135;218;land;false;mountain;1
14111;3;105;36;land;false;urban;1
14112;179;234;112;land;false;forest;1
14113;174;155;232;land;false;forest;1
14114;7;56;74;land;true;urban;1
14115;13;104;25;land;false;urban;1
14116;203;182;245;land;false;plains;1
14117;245;205;188;land;false;forest;1
14118;191;244;100;land;false;forest;1
14119;235;215;78;land;false;forest;1
14120;246;94;173;land;false;mountain;1
14121;167;245;143;land;false;desert;1
14122;186;167;158;land;false;plains;1
14123;251;202;182;land;true;plains;1
14124;235;179;219;land;false;plains;1
14125;151;126;243;land;false;mountain;1
14126;233;216;132;land;false;plains;1
14127;230;145;245;land;false;mountain;1
14128;199;185;201;land;false;mountain;1
14129;137;230;154;land;false;forest;1
14130;59;53;2;land;false;urban;1
14131;195;226;220;land;false;forest;1
14132;242;140;126;land;false;forest;1
14133;196;76;235;land;false;forest;1
14134;6;79;55;land;false;urban;1
14135;101;6;18;land;false;urban;1
14136;242;164;248;land;false;plains;1
14137;244;223;181;land;false;plains;1
14138;170;213;173;land;false;forest;1
14139;158;155;243;land;false;marsh;1
14140;173;252;127;land;false;forest;1
14141;83;40;3;land;false;urban;1
14142;217;176;162;land;false;forest;1
14143;162;190;218;land;false;forest;1
14144;208;101;215;land;false;plains;1
14145;94;210;202;land;false;plains;1
14146;223;107;219;land;false;forest;1
14147;254;212;127;land;false;plains;1
14148;181;173;150;land;true;plains;1
14149;207;245;225;land;false;forest;1
14150;234;205;179;land;false;plains;1
14151;179;176;243;land;false;plains;1
14152;207;211;174;land;false;plains;1
14153;246;81;227;land;false;plains;1
14154;77;250;207;land;true;plains;1
14155;116;196;230;land;false;plains;1
14156;123;254;246;land;false;mountain;1
14157;253;178;152;land;false;mountain;1
14158;192;250;194;land;false;plains;1
14159;200;222;174;land;false;mountain;1
14160;176;84;252;land;false;forest;1
14161;244;73;216;land;false;forest;1
14162;245;215;75;land;false;plains;1
14163;149;141;236;land;false;forest;1
14164;241;253;153;land;false;forest;1
14165;132;151;243;land;false;forest;1
14166;215;130;183;land;false;plains;1
14167;148;210;194;land;false;plains;1
14168;133;182;234;land;false;plains;1
14169;248;146;120;land;false;plains;1
14170;107;202;220;land;false;plains;1
14171;34;224;244;land;false;forest;1
14172;252;136;152;land;false;forest;1
14173;147;247;173;land;false;forest;1
14174;25;253;241;land;false;hills;1
14175;172;194;162;land;false;forest;1
14176;215;88;237;land;false;forest;1
14177;108;229;225;land;false;plains;1
14178;163;184;158;land;false;mountain;1
14179;240;202;213;land;false;forest;1
14180;231;220;97;land;false;plains;1
14181;174;210;139;land;false;plains;1
14182;50;235;219;land;false;mountain;1
14183;244;79;242;land;false;forest;1
14184;216;155;148;land;false;hills;1
14185;47;23;46;land;false;urban;1
14186;36;0;113;land;false;forest;1
14187;223;137;186;land;false;forest;1
14188;186;114;215;land;false;forest;1
14189;241;241;134;land;false;plains;1
14190;249;209;221;land;false;plains;1
14191;222;98;216;land;false;forest;1
14192;205;150;222;land;false;hills;1
14193;237;236;46;land;false;forest;1
14194;26;84;37;land;false;urban;1
14195;200;246;232;land;false;forest;1
14196;206;144;233;land;false;forest;1
14197;231;89;189;land;false;plains;1
14198;230;232;179;land;false;forest;1
14199;213;196;243;land;false;plains;1
14200;10;56;36;land;true;urban;1
14201;72;49;18;land;false;urban;1
14202;244;241;142;land;true;plains;1
14203;235;224;172;land;false;desert;1
14204;97;18;18;land;false;urban;1
14205;201;244;119;land;false;forest;1
14206;44;23;55;land;false;urban;1
14207;210;196;190;land;false;plains;1
14208;218;201;156;land;false;mountain;1
14209;221;201;106;land;false;hills;1
14210;241;173;231;land;false;plains;1
14211;164;124;224;land;false;plains;1
14212;51;31;43;land;false;urban;1
14213;211;202;136;land;false;plains;1
14214;221;168;145;land;false;forest;1
14215;244;229;84;land;false;plains;1
14216;175;199;153;land;true;mountain;1
14217;198;135;204;land;false;forest;1
14218;1;116;31;land;true;urban;1
14219;188;174;174;land;true;forest;1
14220;236;182;200;land;false;forest;1
14221;13;1;97;land;false;urban;1
14222;34;57;39;land;false;urban;1
14223;191;197;215;land;false;mountain;1
14224;233;156;129;land;false;mountain;1
14225;205;204;237;land;false;mountain;1
14226;165;252;192;land;true;plains;1
14227;238;151;181;land;false;desert;1
14228;165;252;182;land;false;forest;1
14229;219;175;111;land;false;desert;1
14230;248;104;153;land;false;desert;1
14231;204;244;109;land;false;desert;1
14232;207;167;242;land;false;mountain;1
14233;239;248;86;land;false;plains;1
14234;247;164;217;land;false;mountain;1
14235;166;154;224;land;false;forest;1
14236;217;215;123;land;false;forest;1
14237;169;150;239;land;false;forest;1
14238;24;45;80;land;false;urban;1
14239;53;46;4;land;false;urban;1
14240;217;190;169;land;false;plains;1
14241;215;122;225;land;false;forest;1
14242;243;111;188;land;false;forest;1
14243;253;99;245;land;false;forest;1
14244;189;233;116;land;true;forest;1
14245;189;183;205;land;true;plains;1
14246;177;230;104;land;false;desert;1
14247;247;133;167;land;false;mountain;1
14248;163;147;218;land;false;plains;1
14249;2;46;80;land;false;urban;1
14250;50;44;16;land;false;urban;1
14251;154;173;201;land;false;forest;1
14252;235;166;197;land;true;plains;1
14253;58;208;244;land;false;mountain;1
14254;184;188;162;land;false;forest;1
14255;133;228;153;land;false;plains;1
14256;210;178;228;land;false;plains;1
14257;7;105;30;land;false;urban;1
14258;233;166;198;land;false;plains;1
14259;200;124;177;land;false;mountain;1
14260;173;192;217;land;false;forest;1
14261;219;152;161;land;false;mountain;1
14262;207;206;227;land;false;forest;1
14263;224;184;135;land;false;plains;1
14264;248;145;157;land;false;plains;1
14265;240;140;240;land;false;forest;1
14266;183;214;162;land;false;forest;1
14267;209;71;230;land;false;plains;1
14268;32;0;114;land;false;plains;1
14269;205;248;80;land;false;forest;1
14270;225;192;244;land;false;plains;1
14271;198;103;214;land;false;mountain;1
14272;245;197;82;land;false;mountain;1
14273;109;201;218;land;false;plains;1
14274;208;237;71;land;true;forest;1
14275;167;154;202;land;true;plains;1
14276;202;167;199;land;false;forest;1
14277;211;129;178;land;false;forest;1
14278;150;239;116;land;false;forest;1
14279;202;76;247;land;true;plains;1
14280;222;222;71;land;true;plains;1
14281;60;10;45;land;false;urban;1
14282;57;62;18;land;false;desert;1
14283;244;189;104;land;false;desert;1
14284;144;224;135;land;false;mountain;1
14285;253;239;239;land;false;desert;1
14286;106;172;243;land;false;plains;1
14287;151;237;195;land;false;plains;1
14288;210;227;83;land;false;plains;1
14289;207;227;153;land;false;plains;1
14290;92;213;201;land;false;plains;1
14291;247;207;141;land;false;mountain;1
14292;120;165;222;land;false;mountain;1
14293;174;207;240;land;false;plains;1
14294;242;187;73;land;false;desert;1
14295;248;156;193;land;false;desert;1
14296;112;217;188;land;false;desert;1
14297;197;162;143;land;false;plains;1
14298;214;219;163;land;false;forest;1
14299;173;167;189;land;false;forest;1
14300;153;254;204;land;false;plains;1
14301;166;145;240;land;false;forest;1
14302;245;206;149;land;false;plains;1
14303;83;250;236;land;false;forest;1
14304;232;33;251;land;false;plains;1
14305;18;29;70;land;false;urban;1
14306;228;192;241;land;false;forest;1
14307;12;61;30;land;false;marsh;1
14308;234;216;237;land;true;forest;1
14309;10;80;44;land;false;urban;1
14310;252;137;193;land;true;forest;1
14311;219;241;180;land;false;mountain;1
14312;152;243;123;land;false;mountain;1
14313;163;140;254;land;false;desert;1
14314;230;230;200;land;false;plains;1
14315;154;246;163;land;false;mountain;1
14316;66;201;250;land;false;hills;1
14317;243;172;173;land;false;jungle;1
14318;198;172;253;land;false;forest;1
14319;114;2;8;land;false;urban;1
14320;214;153;154;land;false;forest;1
14321;236;251;253;land;false;desert;1
14322;247;118;162;land;false;desert;1
14323;230;169;190;land;true;plains;1
14324;10;34;84;land;true;urban;1
14325;247;137;131;land;true;plains;1
14326;201;249;77;land;false;plains;1
14327;117;0;16;land;false;urban;1
14328;188;245;156;land;false;forest;1
14329;253;173;140;land;false;plains;1
14330;232;252;180;land;false;plains;1
14331;196;166;225;land;false;hills;1
14332;42;65;1;land;false;urban;1
14333;242;211;190;land;false;forest;1
14334;27;64;40;land;false;urban;1
14335;52;21;46;land;false;plains;1
14336;196;211;156;land;false;forest;1
14337;182;234;124;land;false;forest;1
14338;164;204;146;land;false;forest;1
14339;37;32;35;land;false;urban;1
14340;103;248;224;land;false;forest;1
14341;201;87;232;land;false;forest;1
14342;212;71;226;land;false;plains;1
14343;176;179;146;land;true;desert;1
14344;218;148;216;land;false;forest;1
14345;228;51;247;land;false;plains;1
14346;197;72;247;land;false;hills;1
14347;162;149;242;land;false;hills;1
14348;241;135;128;land;true;plains;1
14349;169;227;168;land;false;mountain;1
14350;216;132;173;land;false;plains;1
14351;204;247;204;land;false;plains;1
14352;234;108;211;land;false;plains;1
14353;112;196;224;land;false;forest;1
14354;138;206;181;land;false;plains;1
14355;232;224;50;land;false;forest;1
14356;72;26;26;land;false;plains;1
14357;245;132;219;land;false;forest;1
14358;215;156;187;land;false;forest;1
14359;237;251;217;land;false;plains;1
14360;52;49;9;land;false;plains;1
14361;73;22;13;land;false;mountain;1
14362;109;243;242;land;false;forest;1
14363;182;208;229;land;false;desert;1
14364;210;204;190;land;false;forest;1
14365;13;72;57;land;false;urban;1
14366;91;40;2;land;false;urban;1
14367;241;196;82;land;false;desert;1
14368;195;170;205;land;false;plains;1
14369;218;172;126;land;false;plains;1
14370;124;213;253;land;false;mountain;1
14371;133;164;241;land;false;hills;1
14372;46;6;91;land;true;urban;1
14373;19;84;7;land;true;urban;1
14374;250;243;16;land;false;mountain;1
14375;184;196;205;land;false;mountain;1
14376;239;232;177;land;false;plains;1
14377;252;162;212;land;false;plains;1
14378;221;154;190;land;false;forest;1
14379;138;178;228;land;false;forest;1
14380;247;212;50;land;false;forest;1
14381;248;249;97;land;false;forest;1
14382;197;95;218;land;false;plains;1
14383;166;252;194;land;false;plains;1
14384;212;140;187;land;false;marsh;1
14385;222;219;105;land;false;forest;1
14386;221;159;216;land;false;mountain;1
14387;231;237;220;land;false;desert;1
14388;193;188;217;land;false;desert;1
14389;218;228;246;land;false;plains;1
14390;99;11;16;land;false;urban;1
14391;254;186;200;land;false;plains;1
14392;207;176;222;land;false;plains;1
14393;33;0;94;land;false;urban;1
14394;187;254;231;land;false;plains;1
14395;246;243;74;land;false;forest;1
14396;225;24;252;land;false;plains;1
14397;206;253;109;land;false;desert;1
14398;166;235;213;land;true;mountain;1
14399;202;73;252;land;false;mountain;1
14400;235;225;183;land;false;plains;1
14401;91;228;201;land;false;plains;1
14402;116;216;241;land;false;forest;1
14403;235;206;212;land;false;forest;1
14404;199;233;196;land;false;forest;1
14405;238;63;220;land;false;forest;1
14406;172;243;150;land;false;forest;1
14407;144;213;209;land;false;forest;1
14408;236;160;199;land;false;plains;1
14409;138;168;250;land;false;plains;1
14410;76;45;9;land;false;urban;1
14411;163;162;230;land;false;forest;1
14412;192;218;134;land;false;desert;1
14413;242;225;105;land;false;plains;1
14414;163;220;188;land;false;plains;1
14415;37;58;6;land;false;urban;1
14416;233;128;185;land;false;hills;1
14417;153;214;175;land;false;mountain;1
14418;250;201;146;land;true;plains;1
14419;173;231;106;land;true;forest;1
14420;98;248;250;land;false;plains;1
14421;240;117;190;land;true;plains;1
14422;25;16;93;land;true;urban;1
14423;219;202;205;land;false;mountain;1
14424;134;236;209;land;false;mountain;1
14425;245;252;138;land;false;mountain;1
14426;168;214;147;land;false;forest;1
14427;41;60;37;land;false;urban;1
14428;207;158;189;land;false;hills;1
14429;194;227;134;land;false;plains;1
14430;228;253;155;land;false;forest;1
14431;56;51;29;land;false;urban;1
14432;223;205;183;land;false;forest;1
14433;206;240;133;land;false;forest;1
14434;229;235;185;land;false;mountain;1
14435;214;174;166;land;false;marsh;1
14436;208;146;188;land;false;plains;1
14437;169;141;197;land;true;forest;1
14438;27;15;84;land;false;urban;1
14439;76;30;30;land;false;urban;1
14440;146;224;159;land;false;urban;1
14441;237;139;125;land;false;hills;1
14442;191;153;226;land;false;mountain;1
14443;136;179;244;land;false;desert;1
14444;209;116;240;land;false;mountain;1
14445;55;234;244;land;false;plains;1
14446;239;131;137;land;false;forest;1
14447;213;143;246;land;false;forest;1
14448;238;130;136;land;false;forest;1
14449;131;180;190;land;false;mountain;1
14450;10;21;70;land;false;mountain;1
14451;121;160;254;land;false;plains;1
14452;104;175;242;land;false;mountain;1
14453;242;199;132;land;false;mountain;1
14454;250;165;204;land;false;plains;1
14455;134;225;144;land;false;forest;1
14456;200;164;194;land;false;plains;1
14457;92;49;3;land;false;urban;1
14458;250;244;76;land;false;plains;1
14459;247;220;113;land;false;forest;1
14460;214;173;217;land;false;plains;1
14461;234;215;113;land;false;plains;1
14462;220;191;248;land;false;forest;1
14463;254;232;56;land;false;plains;1
14464;47;49;18;land;false;marsh;1
14465;247;181;216;land;false;forest;1
14466;121;154;237;land;true;plains;1
14467;223;143;157;land;true;forest;1
14468;213;184;150;land;true;forest;1
14469;202;156;179;land;false;forest;1
14470;232;150;172;land;false;forest;1
14471;203;110;220;land;false;mountain;1
14472;243;20;244;land;false;forest;1
14473;173;222;126;land;false;forest;1
14474;182;235;181;land;false;mountain;1
14475;172;185;211;land;false;mountain;1
14476;68;15;43;land;false;urban;1
14477;139;195;237;land;false;mountain;1
14478;240;250;202;land;false;mountain;1
14479;159;186;180;land;false;plains;1
14480;104;165;252;land;false;hills;1
14481;245;227;132;land;false;mountain;1
14482;210;149;233;land;false;mountain;1
14483;129;235;210;land;false;forest;1
14484;198;234;228;land;false;plains;1
14485;234;113;211;land;false;plains;1
14486;170;165;185;land;false;forest;1
14487;177;194;151;land;false;plains;1
14488;235;198;186;land;false;forest;1
14489;235;252;92;land;false;hills;1
14490;194;247;214;land;false;forest;1
14491;244;143;123;land;false;forest;1
14492;148;134;249;land;false;forest;1
14493;202;237;166;land;false;hills;1
14494;221;201;172;land;false;forest;1
14495;194;247;75;land;true;mountain;1
14496;219;251;53;land;false;desert;1
14497;230;157;141;land;false;desert;1
14498;199;246;114;land;false;plains;1
14499;221;205;152;land;false;hills;1
14500;231;81;240;land;false;mountain;1
14501;196;231;136;land;false;plains;1
14502;245;217;131;land;false;mountain;1
14503;181;221;227;land;false;plains;1
14504;200;151;191;land;false;plains;1
14505;245;132;148;land;false;desert;1
14506;223;203;251;land;false;mountain;1
14507;218;184;222;land;false;plains;1
14508;238;194;180;land;false;plains;1
14509;10;6;98;land;false;urban;1
14510;249;206;218;land;false;plains;1
14511;164;227;160;land;false;forest;1
14512;246;221;99;land;false;hills;1
14513;196;151;219;land;false;forest;1
14514;232;252;167;land;false;forest;1
14515;236;176;120;land;false;urban;1
14516;1;13;124;land;false;urban;1
14517;245;186;106;land;true;forest;1
14518;203;222;150;land;false;hills;1
14519;62;12;63;land;false;urban;1
14520;169;206;134;land;false;mountain;1
14521;204;183;121;land;false;plains;1
14522;237;243;111;land;false;desert;1
14523;144;123;234;land;false;plains;1
14524;206;209;210;land;false;mountain;1
14525;106;219;196;land;false;plains;1
14526;16;92;0;land;false;hills;1
14527;247;186;236;land;false;forest;1
14528;214;201;198;land;false;forest;1
14529;226;223;146;land;false;forest;1
14530;208;147;166;land;false;forest;1
14531;155;217;194;land;false;forest;1
14532;239;235;52;land;false;forest;1
14533;210;236;238;land;false;forest;1
14534;239;58;250;land;false;forest;1
14535;115;3;5;land;false;urban;1
14536;180;181;222;land;false;plains;1
14537;62;4;40;land;false;hills;1
14538;151;208;159;land;false;plains;1
14539;243;229;31;land;false;urban;1
14540;41;30;32;land;false;urban;1
14541;47;47;37;land;false;urban;1
14542;159;115;228;land;true;hills;1
14543;194;79;235;land;true;forest;1
14544;5;104;34;land;false;urban;1
14545;219;253;124;land;false;plains;1
14546;245;214;254;land;false;mountain;1
14547;213;198;184;land;false;plains;1
14548;202;201;155;land;false;plains;1
14549;246;219;248;land;false;desert;1
14550;216;189;226;land;false;plains;1
14551;130;183;212;land;true;plains;1
14552;176;245;248;land;false;mountain;1
14553;157;238;167;land;false;mountain;1
14554;166;166;224;land;false;mountain;1
14555;38;92;0;land;false;urban;1
14556;164;174;210;land;false;plains;1
14557;71;204;251;land;false;mountain;1
14558;229;176;208;land;false;plains;1
14559;241;221;209;land;false;plains;1
14560;239;176;141;land;false;plains;1
14561;253;113;209;land;false;forest;1
14562;198;212;97;land;false;plains;1
14563;227;96;188;land;false;forest;1
14564;218;180;128;land;false;forest;1
14565;186;232;212;land;false;plains;1
14566;236;61;244;land;false;mountain;1
14567;249;208;248;land;false;forest;1
14568;238;103;178;land;true;forest;1
14569;200;230;87;land;false;forest;1
14570;205;187;228;land;false;forest;1
14571;201;235;230;land;false;forest;1
14572;87;47;2;land;false;urban;1
14573;97;182;229;land;false;hills;1
14574;108;186;217;land;false;plains;1
14575;12;87;36;land;false;urban;1
14576;249;106;230;land;false;mountain;1
14577;7;2;105;land;false;urban;1
14578;9;13;124;land;true;urban;1
14579;207;216;109;land;true;forest;1
14580;35;250;254;land;false;desert;1
14581;246;151;132;land;false;jungle;1
14582;233;224;170;land;false;hills;1
14583;239;135;219;land;false;plains;1
14584;249;205;225;land;true;plains;1
14585;108;182;212;land;false;desert;1
14586;60;252;211;land;false;mountain;1
14587;182;241;203;land;false;forest;1
14588;230;154;130;land;false;forest;1
14589;190;218;171;land;false;forest;1
14590;172;194;233;land;false;plains;1
14591;169;186;239;land;false;forest;1
14592;253;228;115;land;false;forest;1
14593;141;212;169;land;false;forest;1
14594;170;189;143;land;false;forest;1
14595;35;63;22;land;false;urban;1
14596;181;223;188;land;true;forest;1
14597;252;144;156;land;false;forest;1
14598;202;185;225;land;true;forest;1
14599;107;198;238;land;false;plains;1
14600;233;140;229;land;false;hills;1
14601;205;179;162;land;false;plains;1
14602;17;40;60;land;false;urban;1
14603;247;209;213;land;false;desert;1
14604;116;220;250;land;false;desert;1
14605;199;233;85;land;false;mountain;1
14606;12;67;51;land;true;urban;1
14607;124;234;223;land;false;plains;1
14608;119;199;210;land;false;forest;1
14609;112;205;239;land;false;plains;1
14610;253;253;29;land;false;forest;1
14611;232;123;195;land;true;forest;1
14612;182;246;246;land;false;forest;1
14613;193;126;192;land;false;forest;1
14614;210;152;206;land;false;urban;1
14615;12;30;97;land;false;urban;1
14616;244;137;199;land;false;mountain;1
14617;183;114;211;land;true;forest;1
14618;201;247;198;land;false;desert;1
14619;211;179;251;land;false;desert;1
14620;170;243;117;land;false;plains;1
14621;142;159;238;land;true;mountain;1
14622;238;240;43;land;false;hills;1
14623;175;163;195;land;false;hills;1
14624;227;177;162;land;false;mountain;1
14625;202;181;195;land;false;forest;1
14626;240;184;82;land;false;plains;1
14627;143;244;163;land;false;plains;1
14628;177;184;205;land;false;desert;1
14629;148;120;235;land;false;plains;1
14630;56;49;39;land;true;urban;1
14631;28;105;9;land;true;urban;1
14632;193;133;231;land;false;mountain;1
14633;165;228;176;land;false;mountain;1
14634;230;78;205;land;false;hills;1
14635;242;188;133;land;false;hills;1
14636;210;172;187;land;false;plains;1
14637;57;33;18;land;false;urban;1
14638;254;193;162;land;false;forest;1
14639;225;173;231;land;false;plains;1
14640;100;187;239;land;false;forest;1
14641;147;166;215;land;false;plains;1
14642;179;224;128;land;false;plains;1
14643;141;239;127;land;true;forest;1
14644;36;60;26;land;true;urban;1
14645;185;158;171;land;false;forest;1
14646;101;162;243;land;false;forest;1
14647;242;128;213;land;false;hills;1
14648;213;139;154;land;false;mountain;1
14649;149;185;198;land;false;desert;1
14650;254;53;212;land;false;plains;1
14651;14;245;249;land;false;hills;1
14652;240;140;157;land;false;plains;1
14653;199;129;186;land;false;hills;1
14654;233;78;241;land;true;plains;1
14655;42;10;90;land;false;urban;1
14656;238;245;200;land;false;mountain;1
14657;251;163;119;land;false;plains;1
14658;58;11;32;land;false;mountain;1
14659;103;160;252;land;false;plains;1
14660;4;71;46;land;false;urban;1
14661;173;130;208;land;false;plains;1
14662;231;226;111;land;false;forest;1
14663;180;159;226;land;false;forest;1
14664;69;26;9;land;false;urban;1
14665;228;127;194;land;false;mountain;1
14666;212;121;171;land;false;plains;1
14667;43;246;231;land;false;forest;1
14668;238;160;173;land;false;hills;1
14669;239;85;247;land;false;forest;1
14670;89;184;250;land;false;mountain;1
14671;196;118;217;land;true;mountain;1
14672;189;211;146;land;false;desert;1
14673;253;252;64;land;false;desert;1
14674;158;214;165;land;false;desert;1
14675;5;105;16;land;false;urban;1
14676;239;192;185;land;false;plains;1
14677;112;218;209;land;false;plains;1
14678;225;169;162;land;false;plains;1
14679;235;229;146;land;false;plains;1
14680;213;248;89;land;false;plains;1
14681;187;91;244;land;false;mountain;1
14682;232;170;249;land;false;mountain;1
14683;252;84;231;land;false;mountain;1
14684;78;21;24;land;false;urban;1
14685;172;178;157;land;false;plains;1
14686;248;192;165;land;true;plains;1
14687;230;124;178;land;false;mountain;1
14688;124;175;232;land;false;mountain;1
14689;108;11;10;land;false;mountain;1
14690;249;225;172;land;false;forest;1
14691;239;243;203;land;false;forest;1
14692;189;150;219;land;false;plains;1
14693;249;241;57;land;false;hills;1
14694;112;189;216;land;false;forest;1
14695;195;138;254;land;false;forest;1
14696;165;231;137;land;false;forest;1
14697;220;127;221;land;false;plains;1
14698;62;202;251;land;false;forest;1
14699;1;53;85;land;false;urban;1
14700;38;31;74;land;false;urban;1
14701;222;247;77;land;false;forest;1
14702;3;4;126;land;false;urban;1
14703;170;248;126;land;false;forest;1
14704;251;195;240;land;false;forest;1
14705;128;244;161;land;false;desert;1
14706;105;206;208;land;false;plains;1
14707;254;220;145;land;false;plains;1
14708;208;235;157;land;false;hills;1
14709;167;212;200;land;false;hills;1
14710;224;246;144;land;false;desert;1
14711;224;181;206;land;false;forest;1
14712;93;185;229;land;false;plains;1
14713;218;198;238;land;true;plains;1
14714;243;194;231;land;true;hills;1
14715;211;138;241;land;true;plains;1
14716;234;128;216;land;false;hills;1
14717;234;235;34;land;false;mountain;1
14718;235;143;228;land;false;plains;1
14719;156;153;254;land;false;hills;1
14720;244;249;80;land;false;hills;1
14721;201;115;225;land;false;marsh;1
14722;238;193;247;land;false;marsh;1
14723;181;233;97;land;false;forest;1
14724;45;71;12;land;false;urban;1
14725;177;207;250;land;false;forest;1
14726;225;57;244;land;false;plains;1
14727;229;167;129;land;true;forest;1
14728;248;77;197;land;false;forest;1
14729;192;154;207;land;false;desert;1
14730;47;19;36;land;false;urban;1
14731;145;209;180;land;false;desert;1
14732;124;16;6;land;false;urban;1
14733;249;171;203;land;false;plains;1
14734;60;213;229;land;false;hills;1
14735;246;192;241;land;true;plains;1
14736;215;232;70;land;false;plains;1
14737;249;251;121;land;true;hills;1
14738;153;237;129;land;false;plains;1
14739;84;209;221;land;true;plains;1
14740;195;193;158;land;true;plains;1
14741;195;246;110;land;false;forest;1
14742;121;245;216;land;false;plains;1
14743;194;214;95;land;false;forest;1
14744;248;212;161;land;false;forest;1
14745;220;217;250;land;false;plains;1
14746;95;236;219;land;false;forest;1
14747;123;219;234;land;false;forest;1
14748;224;251;56;land;false;plains;1
14749;198;203;171;land;false;plains;1
14750;244;110;180;land;false;plains;1
14751;214;175;142;land;true;forest;1
14752;245;119;247;land;false;forest;1
14753;226;164;189;land;true;forest;1
14754;246;40;233;land;false;mountain;1
14755;58;1;75;land;false;urban;1
14756;217;214;135;land;false;mountain;1
14757;231;66;205;land;false;desert;1
14758;9;36;69;land;false;urban;1
14759;82;23;40;land;false;urban;1
14760;143;229;207;land;false;forest;1
14761;233;247;112;land;false;plains;1
14762;234;249;229;land;false;forest;1
14763;228;123;163;land;false;plains;1
14764;211;138;170;land;true;plains;1
14765;120;240;231;land;false;plains;1
14766;163;254;163;land;false;forest;1
14767;125;190;188;land;false;plains;1
14768;225;178;179;land;false;plains;1
14769;211;40;252;land;false;plains;1
14770;244;97;206;land;false;plains;1
14771;217;114;230;land;false;plains;1
14772;227;171;222;land;false;forest;1
14773;143;173;222;land;false;forest;1
14774;245;173;99;land;false;forest;1
14775;206;228;80;land;false;forest;1
14776;239;92;205;land;false;forest;1
14777;234;228;76;land;false;plains;1
14778;205;103;211;land;false;forest;1
14779;223;231;173;land;false;plains;1
14780;242;204;213;land;false;plains;1
14781;251;111;167;land;false;mountain;1
14782;224;135;157;land;true;plains;1
14783;126;203;175;land;false;forest;1
14784;116;246;238;land;true;hills;1
14785;55;39;39;land;false;urban;1
14786;252;85;184;land;false;plains;1
14787;120;193;200;land;true;plains;1
14788;68;3;34;land;true;urban;1
14789;219;209;180;land;true;forest;1
14790;242;201;211;land;false;plains;1
14791;205;181;225;land;true;forest;1
14792;240;178;254;land;true;plains;1
14793;147;219;242;land;true;hills;1
14794;236;113;220;land;false;plains;1
14795;3;54;77;land;false;urban;1
14796;9;69;35;land;false;urban;1
14797;218;201;233;land;false;forest;1
14798;188;151;199;land;false;forest;1
14799;153;219;167;land;false;forest;1
14800;73;223;230;land;false;forest;1
14801;152;224;209;land;false;forest;1
14802;108;238;173;land;false;forest;1
14803;99;5;25;land;false;urban;1
14804;20;40;66;land;false;urban;1
14805;233;198;87;land;false;plains;1
14806;248;145;248;land;false;plains;1
14807;4;43;59;land;false;plains;1
14808;84;245;174;land;false;hills;1
14809;200;204;134;land;false;forest;1
14810;188;223;145;land;false;forest;1
14811;241;131;157;land;true;mountain;1
14812;193;219;238;land;false;mountain;1
14813;219;214;251;land;false;desert;1
14814;183;201;172;land;false;desert;1
14815;94;209;247;land;false;plains;1
14816;139;131;245;land;false;plains;1
14817;71;218;224;land;false;forest;1
14818;237;99;195;land;false;desert;1
14819;218;244;196;land;false;mountain;1
14820;217;204;166;land;false;plains;1
14821;219;206;237;land;true;plains;1
14822;214;149;160;land;false;desert;1
14823;80;16;12;land;false;urban;1
14824;103;250;215;land;false;hills;1
14825;159;148;235;land;true;plains;1
14826;248;245;173;land;false;mountain;1
14827;221;190;247;land;false;mountain;1
14828;139;162;217;land;false;plains;1
14829;51;9;78;land;false;mountain;1
14830;228;220;203;land;false;forest;1
14831;143;214;246;land;false;mountain;1
14832;242;234;206;land;false;forest;1
14833;183;224;103;land;false;plains;1
14834;154;142;221;land;false;plains;1
14835;193;136;241;land;false;forest;1
14836;19;87;42;land;false;urban;1
14837;138;165;242;land;false;forest;1
14838;141;185;209;land;false;plains;1
14839;215;248;191;land;false;forest;1
14840;208;249;132;land;false;forest;1
14841;62;1;74;land;true;urban;1
14842;120;244;162;land;true;forest;1
14843;218;96;245;land;false;desert;1
14844;218;131;231;land;false;desert;1
14845;142;254;226;land;false;desert;1
14846;109;228;232;land;false;mountain;1
14847;22;79;40;land;false;urban;1
14848;186;205;158;land;false;desert;1
14849;129;172;235;land;true;plains;1
14850;0;93;26;land;true;urban;1
14851;103;253;244;land;true;hills;1
14852;247;191;126;land;false;mountain;1
14853;31;53;29;land;false;mountain;1
14854;23;18;78;land;false;hills;1
14855;196;127;236;land;false;forest;1
14856;182;211;214;land;false;plains;1
14857;215;212;188;land;false;plains;1
14858;223;225;144;land;false;plains;1
14859;132;159;239;land;false;plains;1
14860;163;231;147;land;false;forest;1
14861;179;144;180;land;false;forest;1
14862;248;173;173;land;false;forest;1
14863;195;229;207;land;false;forest;1
14864;222;193;154;land;false;plains;1
14865;242;110;239;land;false;mountain;1
14866;212;185;215;land;false;mountain;1
14867;177;241;169;land;false;plains;1
14868;170;245;208;land;false;forest;1
14869;213;116;190;land;false;forest;1
14870;195;211;231;land;false;forest;1
14871;53;15;55;land;false;urban;1
14872;134;196;238;land;false;mountain;1
14873;162;160;214;land;false;forest;1
14874;230;243;56;land;false;plains;1
14875;214;207;156;land;false;hills;1
14876;187;253;96;land;true;desert;1
14877;235;111;196;land;false;desert;1
14878;99;245;248;land;true;forest;1
14879;211;120;236;land;true;mountain;1
14880;111;211;241;land;false;mountain;1
14881;229;186;206;land;false;forest;1
14882;42;3;80;land;false;urban;1
14883;176;174;173;land;false;mountain;1
14884;49;32;29;land;false;urban;1
14885;110;178;252;land;false;forest;1
14886;226;224;113;land;false;mountain;1
14887;220;108;180;land;false;forest;1
14888;242;59;220;land;false;forest;1
14889;218;146;185;land;false;forest;1
14890;225;168;121;land;false;plains;1
14891;176;149;221;land;false;plains;1
14892;159;238;126;land;false;plains;1
14893;3;69;64;land;true;urban;1
14894;157;238;111;land;false;plains;1
14895;166;155;212;land;false;desert;1
14896;228;239;202;land;false;desert;1
14897;148;253;218;land;false;mountain;1
14898;226;243;142;land;false;mountain;1
14899;215;106;240;lake;false;lakes;0
14900;157;161;251;land;false;mountain;1
14901;233;175;240;land;false;mountain;1
14902;178;120;245;land;false;hills;1
14903;103;224;202;land;false;mountain;1
14904;232;112;247;land;false;forest;1
14905;238;203;234;land;false;forest;1
14906;43;73;0;land;false;forest;1
14907;219;128;169;land;false;forest;1
14908;239;148;162;land;false;plains;1
14909;92;26;17;land;true;urban;1
14910;83;54;0;land;true;urban;1
14911;236;248;195;land;false;desert;1
14912;231;245;227;land;false;desert;1
14913;189;200;133;land;false;hills;1
14914;230;151;196;land;false;hills;1
14915;231;195;162;land;false;plains;1
14916;226;171;155;land;false;plains;1
14917;162;129;247;land;false;plains;1
14918;139;205;216;land;false;plains;1
14919;233;141;143;land;false;plains;1
14920;214;194;241;land;false;forest;1
14921;135;247;160;land;false;forest;1
14922;231;200;168;land;false;forest;1
14923;250;206;246;land;false;forest;1
14924;218;128;180;land;false;hills;1
14925;228;210;149;land;false;forest;1
14926;216;200;217;land;true;mountain;1
14927;220;54;235;land;false;plains;1
14928;215;154;170;land;false;plains;1
14929;60;215;236;land;false;plains;1
14930;136;233;198;land;false;desert;1
14931;34;3;93;land;false;plains;1
14932;187;209;221;land;false;plains;1
14933;186;218;248;land;true;plains;1
14934;229;119;236;land;false;plains;1
14935;43;46;23;land;false;urban;1
14936;222;249;237;land;false;plains;1
14937;180;172;198;land;false;forest;1
14938;233;251;49;land;false;plains;1
14939;221;131;182;land;false;forest;1
14940;249;150;110;land;false;forest;1
14941;226;190;171;land;false;forest;1
14942;180;204;177;land;false;forest;1
14943;230;173;166;land;false;forest;1
14944;143;183;175;land;false;forest;1
14945;211;218;89;land;false;forest;1
14946;32;83;0;land;false;urban;1
14947;245;145;185;land;true;mountain;1
14948;214;149;213;land;false;plains;1
14949;216;204;114;land;false;hills;1
14950;160;223;193;land;true;forest;1
14951;199;250;90;land;false;forest;1
14952;117;198;237;land;false;mountain;1
14953;225;224;98;land;true;plains;1
14954;247;145;184;land;true;hills;1
14955;182;124;198;land;false;mountain;1
14956;202;208;153;land;false;mountain;1
14957;162;236;251;land;false;mountain;1
14958;252;139;182;land;false;hills;1
14959;169;250;134;land;false;forest;1
14960;149;186;196;land;false;forest;1
14961;68;23;51;land;false;urban;1
14962;219;203;90;land;false;marsh;1
14963;203;173;233;land;false;forest;1
14964;242;114;163;land;false;forest;1
14965;152;185;214;land;false;plains;1
14966;231;152;196;land;false;forest;1
14967;223;154;162;land;false;forest;1
14968;227;195;162;land;false;hills;1
14969;11;92;19;land;false;urban;1
14970;205;222;199;land;false;forest;1
14971;254;248;6;land;true;forest;1
14972;7;66;48;land;true;urban;1
14973;242;184;185;land;false;mountain;1
14974;13;0;89;land;false;urban;1
14975;83;225;227;land;false;desert;1
14976;219;174;179;land;false;desert;1
14977;192;124;250;land;false;plains;1
14978;219;146;173;land;false;plains;1
14979;166;246;240;land;false;plains;1
14980;94;227;241;land;false;desert;1
14981;120;234;223;land;false;forest;1
14982;140;230;201;land;false;desert;1
14983;209;102;230;land;false;mountain;1
14984;23;41;67;land;false;urban;1
14985;125;194;235;land;false;plains;1
14986;230;253;209;land;false;forest;1
14987;0;12;92;land;false;urban;1
14988;209;90;234;land;false;forest;1
14989;22;70;49;land;false;forest;1
14990;167;194;204;land;false;plains;1
14991;220;219;218;land;false;plains;1
14992;32;13;69;land;false;urban;1
14993;154;182;213;land;false;plains;1
14994;56;227;218;land;false;mountain;1
14995;225;207;175;land;false;forest;1
14996;213;193;150;land;false;forest;1
14997;213;114;177;land;false;forest;1
14998;216;130;214;land;false;forest;1
14999;220;211;108;land;false;forest;1
15000;239;237;49;land;false;hills;1
15001;78;25;7;land;true;urban;1
15002;229;252;192;land;true;forest;1
15003;175;203;250;land;false;mountain;1
15004;192;183;173;land;false;plains;1
15005;147;238;151;land;false;hills;1
15006;151;187;197;land;false;desert;1
15007;50;34;54;land;false;urban;1
15008;205;101;202;land;false;plains;1
15009;197;232;111;land;false;forest;1
15010;205;168;182;land;false;desert;1
15011;41;240;254;land;false;hills;1
15012;190;178;162;land;false;plains;1
15013;247;99;209;land;false;plains;1
15014;148;208;198;land;false;hills;1
15015;246;177;235;land;false;plains;1
15016;242;204;93;land;false;forest;1
15017;102;241;231;land;false;mountain;1
15018;200;190;117;land;false;plains;1
15019;243;201;117;land;false;plains;1
15020;122;202;186;land;false;forest;1
15021;0;57;85;land;false;urban;1
15022;251;95;184;land;false;plains;1
15023;235;182;248;land;false;forest;1
15024;249;114;221;land;false;plains;1
15025;173;245;113;land;false;plains;1
15026;238;249;134;land;false;plains;1
15027;237;217;170;land;false;plains;1
15028;250;139;178;land;true;forest;1
15029;162;220;155;land;false;forest;1
15030;242;130;145;land;true;forest;1
15031;223;234;223;land;false;desert;1
15032;153;157;231;land;false;plains;1
15033;242;201;58;land;false;plains;1
15034;171;168;243;land;false;hills;1
15035;168;187;201;land;false;plains;1
15036;236;201;211;land;false;hills;1
15037;235;136;247;land;false;hills;1
15038;9;56;59;land;false;urban;1
15039;197;93;254;land;false;plains;1
15040;50;246;246;land;true;plains;1
15041;191;223;113;land;false;forest;1
15042;248;196;137;land;false;plains;1
15043;95;240;228;land;false;plains;1
15044;232;209;202;land;false;desert;1
15045;233;218;143;land;false;plains;1
15046;225;207;238;land;true;plains;1
15047;200;73;237;land;false;mountain;1
15048;95;253;209;land;false;mountain;1
15049;245;254;247;land;false;forest;1
15050;202;148;254;land;false;hills;1
15051;246;95;200;land;false;plains;1
15052;214;208;192;land;false;plains;1
15053;190;235;110;land;false;plains;1
15054;130;224;230;land;false;forest;1
15055;168;223;206;land;false;forest;1
15056;243;153;196;land;false;plains;1
15057;178;221;249;land;false;forest;1
15058;166;207;249;land;false;forest;1
15059;206;201;151;land;false;forest;1
15060;13;77;50;land;false;urban;1
15061;169;188;159;land;false;plains;1
15062;117;181;231;land;false;plains;1
15063;201;144;224;land;false;desert;1
15064;208;118;234;land;false;hills;1
15065;197;163;242;land;false;desert;1
15066;221;152;155;land;false;forest;1
15067;246;211;183;land;false;mountain;1
15068;212;101;190;land;true;plains;1
15069;70;223;223;land;false;plains;1
15070;161;204;193;land;true;plains;1
15071;214;218;83;land;false;hills;1
15072;55;248;214;land;false;plains;1
15073;194;99;212;land;false;forest;1
15074;194;239;154;land;false;forest;1
15075;158;246;161;land;false;forest;1
15076;136;122;247;land;false;forest;1
15077;24;8;109;land;false;urban;1
15078;186;247;73;land;false;forest;1
15079;165;251;224;land;false;plains;1
15080;251;231;30;land;false;forest;1
15081;191;162;242;land;false;forest;1
15082;150;242;132;land;false;forest;1
15083;245;213;104;land;false;forest;1
15084;216;174;161;land;false;forest;1
15085;190;171;169;land;false;mountain;1
15086;222;213;252;land;false;mountain;1
15087;227;132;211;land;false;plains;1
15088;153;208;183;land;false;mountain;1
15089;222;238;225;land;false;desert;1
15090;10;88;34;land;false;urban;1
15091;213;110;226;land;false;plains;1
15092;190;116;240;land;false;hills;1
15093;153;243;213;land;false;forest;1
15094;216;194;251;land;false;plains;1
15095;248;209;249;land;false;hills;1
15096;165;145;241;land;false;hills;1
15097;247;152;222;land;false;forest;1
15098;201;178;187;land;false;plains;1
15099;246;162;124;land;false;forest;1
15100;218;242;160;land;false;forest;1
15101;218;250;196;land;false;forest;1
15102;227;193;99;land;false;forest;1
15103;85;215;231;land;false;forest;1
15104;236;34;240;land;false;forest;1
15105;249;164;138;land;false;forest;1
15106;205;190;185;land;false;forest;1
15107;227;155;239;land;false;plains;1
15108;139;127;241;land;false;plains;1
15109;229;71;238;land;false;mountain;1
15110;72;229;243;land;false;desert;1
15111;250;252;211;land;false;mountain;1
15112;163;183;234;land;false;plains;1
15113;184;176;194;land;false;forest;1
15114;148;248;174;land;false;desert;1
15115;239;248;136;land;false;desert;1
15116;52;30;49;land;true;urban;1
15117;203;249;165;land;false;plains;1
15118;159;188;227;land;false;hills;1
15119;175;196;205;land;false;forest;1
15120;161;151;207;land;false;forest;1
15121;195;248;203;land;false;forest;1
15122;227;173;128;land;false;plains;1
15123;174;206;200;land;false;forest;1
15124;176;238;195;land;false;plains;1
15125;141;165;219;land;true;mountain;1
15126;31;80;29;land;false;urban;1
15127;12;14;118;land;false;urban;1
15128;199;184;118;land;false;forest;1
15129;141;231;185;land;false;plains;1
15130;250;198;75;land;true;plains;1
15131;219;165;171;land;false;forest;1
15132;181;167;238;land;false;hills;1
15133;231;117;200;land;false;plains;1
15134;250;239;192;land;false;plains;1
15135;222;208;97;land;true;plains;1
15136;209;206;114;land;false;hills;1
15137;236;243;37;land;false;hills;1
15138;59;68;22;land;true;urban;1
15139;244;217;67;land;false;hills;1
15140;251;212;121;land;false;desert;1
15141;144;136;235;land;false;desert;1
15142;239;86;184;land;false;forest;1
15143;183;242;157;land;false;desert;1
15144;251;108;241;land;false;plains;1
15145;201;209;227;land;false;plains;1
15146;243;131;131;land;false;plains;1
15147;226;244;180;land;false;forest;1
15148;161;232;141;land;false;mountain;1
15149;227;232;126;land;false;forest;1
15150;213;224;193;land;false;plains;1
15151;42;67;37;land;false;urban;1
15152;238;118;217;land;false;plains;1
15153;200;157;157;land;true;forest;1
15154;99;11;15;land;true;urban;1
15155;106;25;14;land;true;urban;1
15156;251;154;231;land;false;forest;1
15157;204;192;146;land;true;plains;1
15158;246;204;133;land;false;desert;1
15159;46;41;42;land;false;urban;1
15160;85;200;228;land;false;plains;1
15161;7;68;48;land;false;urban;1
15162;223;154;135;land;false;plains;1
15163;174;167;200;land;false;plains;1
15164;210;230;78;land;false;plains;1
15165;16;14;74;land;false;urban;1
15166;5;110;18;land;true;urban;1
15167;246;70;250;land;false;plains;1
15168;232;105;241;land;false;plains;1
15169;157;231;154;land;false;plains;1
15170;1;253;254;land;false;hills;1
15171;61;45;17;land;false;urban;1
15172;253;148;228;land;false;plains;1
15173;13;65;48;land;false;forest;1
15174;223;227;84;land;false;forest;1
15175;166;114;239;land;false;forest;1
15176;241;27;236;land;false;plains;1
15177;183;159;232;land;true;forest;1
15178;240;244;133;land;false;plains;1
15179;139;178;185;land;false;plains;1
15180;225;83;197;land;false;plains;1
15181;67;44;22;land;true;urban;1
15182;252;194;57;land;false;plains;1
15183;205;108;223;land;true;plains;1
15184;2;102;38;land;false;hills;1
15185;228;208;176;land;false;hills;1
15186;191;225;169;land;false;forest;1
15187;227;170;122;land;false;forest;1
15188;209;161;236;land;false;plains;1
15189;238;182;165;land;false;forest;1
15190;202;152;185;land;false;forest;1
15191;242;149;132;land;false;plains;1
15192;217;216;176;land;false;forest;1
15193;193;169;145;land;false;plains;1
15194;161;109;252;land;false;plains;1
15195;244;151;243;land;false;forest;1
15196;229;217;223;land;false;forest;1
15197;253;83;224;land;false;mountain;1
15198;17;52;61;land;true;urban;1
15199;212;176;120;land;false;mountain;1
15200;37;232;241;land;false;mountain;1
15201;161;247;185;land;false;plains;1
15202;241;115;158;land;false;hills;1
15203;26;12;107;land;true;urban;1
15204;221;219;214;land;false;desert;1
15205;242;206;186;land;false;forest;1
15206;226;145;183;land;false;forest;1
15207;243;180;197;land;false;forest;1
15208;149;232;240;land;false;desert;1
15209;78;206;243;land;false;desert;1
15210;149;252;151;land;false;desert;1
15211;145;204;178;land;false;desert;1
15212;0;118;13;land;false;urban;1
15213;83;228;204;land;false;plains;1
15214;229;133;139;land;false;hills;1
15215;137;250;136;land;false;hills;1
15216;248;253;24;land;false;plains;1
15217;188;222;125;land;false;forest;1
15218;250;234;36;land;false;forest;1
15219;218;203;203;land;false;plains;1
15220;37;59;49;land;false;plains;1
15221;193;154;190;land;false;forest;1
15222;196;253;155;land;false;forest;1
15223;207;174;193;land;false;forest;1
15224;231;138;142;land;true;forest;1
15225;179;217;203;land;false;desert;1
15226;247;209;157;land;false;plains;1
15227;75;20;8;land;false;urban;1
15228;177;244;152;land;false;forest;1
15229;226;234;131;land;false;forest;1
15230;14;72;56;land;true;urban;1
15231;241;209;88;land;false;desert;1
15232;159;229;253;land;false;desert;1
15233;28;14;80;land;false;urban;1
15234;224;214;139;land;false;desert;1
15235;117;145;252;land;false;forest;1
15236;34;63;52;land;true;urban;1
15237;193;100;245;land;true;plains;1
15238;154;228;252;land;false;mountain;1
15239;7;94;11;land;false;urban;1
15240;186;253;110;land;false;hills;1
15241;196;105;211;land;false;hills;1
15242;21;3;107;land;false;hills;1
15243;35;67;46;land;false;hills;1
15244;217;199;90;land;false;forest;1
15245;186;190;226;land;false;forest;1
15246;209;233;112;land;false;forest;1
15247;70;222;241;land;false;forest;1
15248;172;166;173;land;false;forest;1
15249;195;54;253;land;false;hills;1
15250;205;63;237;land;false;forest;1
15251;160;157;225;land;false;forest;1
15252;230;143;179;land;false;mountain;1
15253;33;22;69;land;false;forest;1
15254;235;205;113;land;true;hills;1
15255;153;230;132;land;true;hills;1
15256;215;214;158;land;false;plains;1
15257;124;0;17;land;false;urban;1
15258;128;239;229;land;false;mountain;1
15259;194;231;171;land;false;desert;1
15260;72;67;10;land;true;urban;1
15261;222;244;53;land;false;plains;1
15262;211;227;239;land;false;hills;1
15263;92;50;1;land;false;urban;1
15264;6;95;15;land;false;urban;1
15265;182;94;251;land;false;desert;1
15266;151;188;217;land;false;plains;1
15267;19;67;17;land;true;urban;1
15268;191;199;147;land;true;plains;1
15269;1;2;104;land;false;urban;1
15270;224;78;244;land;false;forest;1
15271;162;200;252;land;false;forest;1
15272;207;209;247;land;false;forest;1
15273;82;229;252;land;false;forest;1
15274;178;199;250;land;false;forest;1
15275;130;187;240;land;false;plains;1
15276;235;220;175;land;false;forest;1
15277;183;206;214;land;false;forest;1
15278;246;206;180;land;false;forest;1
15279;176;144;191;land;false;forest;1
15280;223;211;250;land;false;forest;1
15281;48;95;5;land;false;urban;1
15282;245;175;191;land;true;forest;1
15283;71;57;15;land;true;urban;1
15284;162;169;208;land;false;forest;1
15285;117;213;188;land;true;forest;1
15286;214;238;246;land;false;forest;1
15287;231;154;170;land;false;mountain;1
15288;198;240;157;land;false;desert;1
15289;141;128;244;land;false;desert;1
15290;168;204;173;land;false;desert;1
15291;232;236;64;land;false;desert;1
15292;160;202;216;land;false;desert;1
15293;227;139;214;land;false;plains;1
15294;41;212;251;land;false;plains;1
15295;60;249;214;land;false;hills;1
15296;170;230;190;land;false;plains;1
15297;205;238;188;land;false;plains;1
15298;248;92;168;land;false;forest;1
15299;189;143;180;land;false;forest;1
15300;47;8;90;land;false;urban;1
15301;194;158;204;land;false;mountain;1
15302;224;196;200;land;false;desert;1
15303;231;245;127;land;false;forest;1
15304;32;41;60;land;false;urban;1
15305;84;33;8;land;false;forest;1
15306;194;186;237;land;false;hills;1
15307;208;194;183;land;false;mountain;1
15308;221;231;157;land;false;plains;1
15309;211;239;169;land;false;forest;1
15310;7;104;11;land;false;urban;1
15311;186;194;211;land;false;forest;1
15312;197;162;186;land;false;forest;1
15313;9;87;29;land;false;urban;1
15314;183;111;231;land;false;forest;1
15315;252;21;230;land;false;hills;1
15316;213;228;237;land;false;forest;1
15317;244;148;137;land;false;forest;1
15318;186;238;182;land;false;forest;1
15319;37;13;82;land;true;urban;1
15320;240;51;243;land;false;forest;1
15321;8;42;56;land;true;urban;1
15322;156;226;215;land;false;plains;1
15323;140;174;201;land;false;plains;1
15324;240;158;174;land;false;plains;1
15325;222;128;183;land;false;hills;1
15326;230;173;178;land;false;hills;1
15327;214;228;135;land;false;forest;1
15328;242;239;216;land;false;desert;1
15329;222;185;194;land;false;desert;1
15330;104;192;214;land;false;hills;1
15331;224;92;222;land;false;plains;1
15332;31;47;45;land;false;urban;1
15333;250;222;216;land;false;forest;1
15334;12;120;9;land;false;urban;1
15335;195;224;111;land;false;forest;1
15336;112;11;12;land;false;forest;1
15337;156;226;205;land;false;plains;1
15338;10;104;23;land;false;urban;1
15339;213;177;123;land;false;desert;1
15340;222;127;249;land;false;hills;1
15341;124;193;193;land;false;mountain;1
15342;220;194;199;land;false;desert;1
15343;214;212;83;land;false;plains;1
15344;173;229;228;land;false;hills;1
15345;231;244;197;land;true;urban;1
15346;218;178;235;land;false;plains;1
15347;204;185;252;land;true;plains;1
15348;103;202;247;land;false;plains;1
15349;159;230;157;land;false;forest;1
15350;221;193;216;land;false;plains;1
15351;247;205;163;land;true;plains;1
15352;218;181;117;land;false;plains;1
15353;181;79;251;land;false;desert;1
15354;172;244;253;land;false;forest;1
15355;161;245;192;land;false;desert;1
15356;117;214;243;land;false;forest;1
15357;199;199;161;land;false;mountain;1
15358;139;248;223;land;false;hills;1
15359;242;201;66;land;false;plains;1
15360;249;250;180;land;false;plains;1
15361;206;161;170;land;false;forest;1
15362;147;141;229;land;false;forest;1
15363;169;242;174;land;false;forest;1
15364;240;101;210;land;false;forest;1
15365;238;135;233;land;false;plains;1
15366;195;137;171;land;false;forest;1
15367;251;138;219;land;false;forest;1
15368;211;175;195;land;true;marsh;1
15369;21;59;26;land;false;urban;1
15370;162;217;224;land;false;forest;1
15371;223;172;173;land;false;forest;1
15372;254;187;67;land;false;mountain;1
15373;238;129;218;land;false;desert;1
15374;163;251;98;land;false;desert;1
15375;191;67;252;land;false;plains;1
15376;72;45;21;land;false;urban;1
15377;245;46;244;land;true;plains;1
15378;248;220;59;land;false;forest;1
15379;221;228;76;land;false;desert;1
15380;243;214;186;land;false;desert;1
15381;252;207;160;land;false;desert;1
15382;229;100;192;land;false;desert;1
15383;234;245;160;land;false;plains;1
15384;171;214;148;land;true;plains;1
15385;1;63;48;land;false;urban;1
15386;167;230;225;land;true;plains;1
15387;185;244;180;land;true;plains;1
15388;229;135;240;land;false;hills;1
15389;197;220;223;land;false;hills;1
15390;203;238;64;land;false;hills;1
15391;251;109;194;land;false;hills;1
15392;251;249;252;land;false;plains;1
15393;216;184;181;land;false;forest;1
15394;250;118;231;land;false;forest;1
15395;219;98;186;land;false;forest;1
15396;180;206;180;land;false;forest;1
15397;213;223;239;land;false;forest;1
15398;159;213;237;land;false;forest;1
15399;251;210;206;land;false;forest;1
15400;178;249;79;land;false;plains;1
15401;183;174;167;land;false;plains;1
15402;237;86;192;land;true;forest;1
15403;181;176;183;land;false;forest;1
15404;237;166;252;land;false;forest;1
15405;198;214;232;land;true;hills;1
15406;76;29;20;land;false;desert;1
15407;223;146;236;land;false;mountain;1
15408;237;251;195;land;false;hills;1
15409;177;180;146;land;false;plains;1
15410;219;106;247;land;true;plains;1
15411;170;102;236;land;true;urban;1
15412;154;215;147;land;false;forest;1
15413;28;4;77;land;true;urban;1
15414;59;9;74;land;false;urban;1
15415;99;253;199;land;false;forest;1
15416;249;196;174;land;true;plains;1
15417;254;107;171;land;true;mountain;1
15418;233;241;39;land;false;mountain;1
15419;189;140;196;land;false;hills;1
15420;60;56;31;land;false;urban;1
15421;242;110;183;land;false;mountain;1
15422;57;48;38;land;false;urban;1
15423;234;246;204;land;false;forest;1
15424;178;252;220;land;false;forest;1
15425;186;244;249;land;false;forest;1
15426;185;158;217;land;false;plains;1
15427;207;196;251;land;false;plains;1
15428;230;203;189;land;true;desert;1
15429;158;187;236;land;true;forest;1
15430;193;184;183;land;false;forest;1
15431;254;254;230;land;false;forest;1
15432;251;229;78;land;false;desert;1
15433;160;211;235;land;false;plains;1
15434;248;174;175;land;false;plains;1
15435;179;121;203;land;true;plains;1
15436;178;235;230;land;true;plains;1
15437;144;243;250;land;true;plains;1
15438;228;116;191;land;false;desert;1
15439;231;161;166;land;false;plains;1
15440;86;32;27;land;false;urban;1
15441;141;186;251;land;false;plains;1
15442;236;124;150;land;false;mountain;1
15443;120;148;243;land;false;mountain;1
15444;242;224;37;land;false;forest;1
15445;249;231;160;land;false;plains;1
15446;198;190;189;land;false;forest;1
15447;91;2;35;land;false;urban;1
15448;122;235;174;land;false;forest;1
15449;176;160;223;land;false;forest;1
15450;172;202;202;land;false;forest;1
15451;195;174;164;land;false;plains;1
15452;157;254;149;land;true;urban;1
15453;198;90;251;land;true;mountain;1
15454;184;211;148;land;false;desert;1
15455;139;231;140;land;false;plains;1
15456;98;200;248;land;false;forest;1
15457;243;219;120;land;false;hills;1
15458;236;158;149;land;true;plains;1
15459;217;191;193;land;false;forest;1
15460;134;186;235;land;false;forest;1
15461;128;3;10;land;false;urban;1
15462;116;191;238;land;false;plains;1
15463;55;1;59;land;false;forest;1
15464;186;225;173;land;false;forest;1
15465;122;1;22;land;false;mountain;1
15466;236;178;116;land;false;hills;1
15467;214;242;173;land;false;forest;1
15468;115;254;192;land;false;plains;1
15469;191;215;225;land;false;hills;1
15470;234;103;176;land;false;forest;1
15471;202;179;138;land;false;forest;1
15472;30;62;43;land;false;urban;1
15473;68;6;37;land;false;urban;1
15474;219;171;247;land;false;forest;1
15475;187;200;203;land;false;plains;1
15476;199;181;140;land;false;mountain;1
15477;194;225;177;land;false;forest;1
15478;70;194;250;land;false;desert;1
15479;168;136;233;land;false;desert;1
15480;169;124;218;land;false;plains;1
15481;7;104;3;land;false;urban;1
15482;61;21;59;land;true;urban;1
15483;124;196;246;land;false;mountain;1
15484;250;160;96;land;false;plains;1
15485;158;46;29;land;false;plains;1
15486;158;237;120;land;false;plains;1
15487;238;168;115;land;false;desert;1
15488;75;11;62;land;false;urban;1
15489;253;253;82;land;false;plains;1
15490;217;203;103;land;true;plains;1
15491;43;6;95;land;false;forest;1
15492;210;209;121;land;false;hills;1
15493;246;85;182;land;false;forest;1
15494;236;164;225;land;false;mountain;1
15495;236;125;176;land;false;forest;1
15496;225;214;78;land;false;forest;1
15497;233;149;250;land;false;forest;1
15498;248;223;61;land;false;forest;1
15499;92;253;179;land;false;forest;1
15500;216;237;167;land;false;forest;1
15501;239;150;244;land;false;forest;1
15502;209;251;182;land;false;plains;1
15503;236;228;135;land;false;plains;1
15504;204;248;58;land;false;plains;1
15505;155;154;239;land;false;plains;1
15506;175;165;170;land;false;forest;1
15507;56;234;246;land;false;desert;1
15508;194;200;142;land;false;forest;1
15509;30;11;93;land;false;urban;1
15510;167;224;179;land;false;desert;1
15511;183;138;219;land;false;mountain;1
15512;3;77;26;land;false;urban;1
15513;250;202;143;land;false;forest;1
15514;252;213;153;land;false;desert;1
15515;175;243;120;land;false;plains;1
15516;220;224;248;land;false;forest;1
15517;224;161;194;land;false;forest;1
15518;240;201;126;land;false;forest;1
15519;222;215;113;land;false;forest;1
15520;232;152;198;land;false;plains;1
15521;34;92;7;land;true;urban;1
15522;236;229;92;land;true;marsh;1
15523;237;221;220;land;false;forest;1
15524;233;192;221;land;false;forest;1
15525;158;230;181;land;false;hills;1
15526;142;193;169;land;false;desert;1
15527;204;201;210;land;false;plains;1
15528;130;209;243;land;false;hills;1
15529;178;249;253;land;true;plains;1
15530;2;46;57;land;false;urban;1
15531;144;227;147;land;true;plains;1
15532;95;217;247;land;true;plains;1
15533;241;209;60;land;false;desert;1
15534;249;243;110;land;false;urban;1
15535;218;173;234;land;false;urban;1
15536;186;205;243;land;false;hills;1
15537;143;226;221;land;false;plains;1
15538;229;231;201;land;false;forest;1
15539;19;94;31;land;false;urban;1
15540;237;107;213;land;false;forest;1
15541;185;216;182;land;false;plains;1
15542;174;222;253;land;false;mountain;1
15543;236;83;215;land;false;mountain;1
15544;207;195;250;land;false;hills;1
15545;248;199;229;land;false;hills;1
15546;20;40;47;land;false;urban;1
15547;253;85;205;land;false;forest;1
15548;34;9;103;land;false;forest;1
15549;243;222;120;land;false;forest;1
15550;253;166;182;land;false;forest;1
15551;99;231;177;land;false;mountain;1
15552;236;133;162;land;true;plains;1
15553;176;213;195;land;false;forest;1
15554;218;116;228;land;false;forest;1
15555;210;252;122;land;false;mountain;1
15556;190;242;138;land;false;plains;1
15557;245;220;154;land;false;plains;1
15558;244;152;166;land;false;mountain;1
15559;212;75;232;land;false;forest;1
15560;21;99;6;land;false;urban;1
15561;212;229;60;land;false;hills;1
15562;251;103;235;land;false;forest;1
15563;214;213;94;land;false;plains;1
15564;167;134;249;land;false;desert;1
15565;248;182;168;land;false;desert;1
15566;223;245;128;land;false;plains;1
15567;196;194;173;land;false;forest;1
15568;144;123;239;land;false;desert;1
15569;139;147;247;land;false;forest;1
15570;167;215;161;land;false;forest;1
15571;246;160;225;land;false;plains;1
15572;67;43;4;land;true;urban;1
15573;228;213;189;land;false;forest;1
15574;233;216;170;land;true;hills;1
15575;140;150;238;land;false;plains;1
15576;249;166;108;land;true;plains;1
15577;156;211;177;land;false;marsh;1
15578;207;210;234;land;true;forest;1
15579;211;214;183;land;false;plains;1
15580;152;214;230;land;false;hills;1
15581;252;217;211;land;false;forest;1
15582;248;161;103;land;false;plains;1
15583;246;124;194;land;false;forest;1
15584;252;102;207;land;false;forest;1
15585;163;232;193;land;false;forest;1
15586;23;18;88;land;false;urban;1
15587;236;189;171;land;false;plains;1
15588;233;173;249;land;false;marsh;1
15589;86;234;236;land;false;forest;1
15590;145;244;183;land;false;forest;1
15591;149;221;132;land;true;plains;1
15592;5;16;98;land;true;urban;1
15593;134;237;159;land;false;forest;1
15594;195;224;199;land;false;mountain;1
15595;219;204;195;land;false;plains;1
15596;240;229;203;land;false;hills;1
15597;29;81;20;land;false;urban;1
15598;148;163;191;land;false;forest;1
15599;185;215;206;land;false;mountain;1
15600;201;209;239;land;false;hills;1
15601;141;160;226;land;false;hills;1
15602;233;116;175;land;false;forest;1
15603;227;198;152;land;false;plains;1
15604;229;179;236;land;false;forest;1
15605;192;192;243;land;false;plains;1
15606;237;146;202;land;false;plains;1
15607;141;186;182;land;false;hills;1
15608;195;206;231;land;false;forest;1
15609;232;234;42;land;false;forest;1
15610;155;215;241;land;false;forest;1
15611;232;210;138;land;false;plains;1
15612;22;91;13;land;true;urban;1
15613;190;128;218;land;false;marsh;1
15614;247;230;35;land;false;forest;1
15615;86;214;254;land;false;forest;1
15616;182;228;220;land;true;plains;1
15617;79;242;184;land;false;plains;1
15618;237;247;69;land;false;plains;1
15619;244;252;200;land;false;plains;1
15620;211;178;122;land;false;forest;1
15621;76;1;61;land;false;urban;1
15622;233;213;68;land;false;forest;1
15623;122;234;247;land;false;plains;1
15624;213;182;215;land;true;desert;1
15625;225;180;175;land;true;forest;1
15626;219;169;235;land;false;desert;1
15627;204;186;158;land;true;plains;1
15628;189;251;213;land;false;plains;1
15629;133;249;187;land;true;plains;1
15630;231;242;187;land;false;hills;1
15631;231;220;209;land;false;forest;1
15632;167;240;118;land;false;plains;1
15633;213;213;85;land;false;forest;1
15634;243;128;179;land;false;forest;1
15635;128;206;201;land;false;forest;1
15636;81;41;15;land;false;plains;1
15637;77;248;176;land;false;forest;1
15638;145;108;249;land;false;hills;1
15639;135;148;232;land;false;forest;1
15640;252;253;253;land;false;forest;1
15641;234;94;201;land;false;forest;1
15642;193;96;232;land;false;plains;1
15643;218;108;182;land;false;plains;1
15644;150;212;199;land;true;forest;1
15645;251;103;230;land;false;forest;1
15646;111;245;245;land;true;forest;1
15647;147;154;207;land;true;forest;1
15648;65;249;240;land;false;forest;1
15649;240;208;91;land;false;hills;1
15650;192;166;186;land;false;mountain;1
15651;218;127;249;land;false;plains;1
15652;83;242;243;land;false;plains;1
15653;218;185;117;land;true;plains;1
15654;170;136;249;land;false;desert;1
15655;243;156;237;land;false;plains;1
15656;159;227;208;land;false;forest;1
15657;196;73;251;land;false;forest;1
15658;163;161;198;land;false;plains;1
15659;240;186;239;land;false;plains;1
15660;178;132;226;land;false;plains;1
15661;254;186;186;land;false;plains;1
15662;7;20;89;land;false;urban;1
15663;43;22;67;land;false;urban;1
15664;254;216;251;land;false;forest;1
15665;178;178;202;land;false;forest;1
15666;247;69;243;land;false;hills;1
15667;198;231;105;land;false;marsh;1
15668;240;86;235;land;false;forest;1
15669;226;214;207;land;true;hills;1
15670;235;231;183;land;false;hills;1
15671;234;236;54;land;false;mountain;1
15672;229;158;160;land;false;mountain;1
15673;208;207;88;land;false;desert;1
15674;122;181;228;land;false;desert;1
15675;115;241;206;land;false;desert;1
15676;169;250;83;land;false;desert;1
15677;233;244;45;land;false;mountain;1
15678;160;193;190;land;false;desert;1
15679;44;250;246;land;false;desert;1
15680;203;206;133;land;false;desert;1
15681;217;206;184;land;true;plains;1
15682;197;210;99;land;false;plains;1
15683;239;111;228;land;false;plains;1
15684;202;195;208;land;false;desert;1
15685;165;193;210;land;false;forest;1
15686;91;250;221;land;false;desert;1
15687;243;214;213;land;false;hills;1
15688;198;247;127;land;false;forest;1
15689;158;233;191;land;false;mountain;1
15690;8;36;85;land;false;urban;1
15691;177;97;252;land;false;forest;1
15692;250;121;190;land;false;plains;1
15693;61;28;22;land;true;urban;1
15694;156;189;216;land;false;forest;1
15695;231;203;120;land;false;forest;1
15696;173;113;252;land;false;mountain;1
15697;131;214;246;land;false;desert;1
15698;226;192;114;land;false;mountain;1
15699;219;239;234;land;false;plains;1
15700;195;159;240;land;false;hills;1
15701;95;14;26;land;true;urban;1
15702;193;163;182;land;false;plains;1
15703;234;244;108;land;false;forest;1
15704;186;177;181;land;false;forest;1
15705;233;189;230;land;false;plains;1
15706;220;143;250;land;true;plains;1
15707;185;190;155;land;true;forest;1
15708;98;207;240;land;false;hills;1
15709;197;105;237;land;false;forest;1
15710;166;202;251;land;false;forest;1
15711;26;46;38;land;false;urban;1
15712;209;224;87;land;false;forest;1
15713;177;152;244;land;false;forest;1
15714;228;241;207;land;false;forest;1
15715;239;138;133;land;false;forest;1
15716;142;189;216;land;false;plains;1
15717;254;85;168;land;false;plains;1
15718;30;49;30;land;true;urban;1
15719;161;227;197;land;false;marsh;1
15720;28;61;51;land;false;urban;1
15721;249;105;172;land;false;forest;1
15722;201;110;210;land;false;forest;1
15723;132;195;201;land;false;hills;1
15724;144;213;249;land;false;plains;1
15725;62;37;37;land;false;urban;1
15726;18;76;7;land;false;urban;1
15727;96;41;9;land;false;urban;1
15728;240;78;195;land;false;forest;1
15729;1;99;22;land;false;urban;1
15730;206;181;166;land;false;plains;1
15731;251;227;25;land;true;plains;1
15732;208;158;232;land;false;forest;1
15733;170;166;208;land;false;hills;1
15734;233;209;181;land;false;hills;1
15735;207;223;170;land;false;plains;1
15736;126;229;189;land;false;forest;1
15737;186;197;185;land;false;forest;1
15738;249;122;133;land;false;plains;1
15739;210;250;172;land;false;plains;1
15740;223;182;149;land;false;forest;1
15741;176;105;222;land;false;hills;1
15742;243;203;91;land;false;forest;1
15743;116;225;193;land;false;forest;1
15744;33;247;238;land;true;forest;1
15745;160;146;234;land;false;plains;1
15746;193;216;158;land;true;hills;1
15747;45;11;49;land;false;forest;1
15748;245;199;246;land;false;hills;1
15749;248;191;136;land;false;hills;1
15750;216;79;233;land;false;hills;1
15751;191;198;173;land;false;hills;1
15752;210;110;182;land;false;forest;1
15753;242;186;226;land;false;desert;1
15754;231;233;86;land;false;plains;1
15755;192;225;133;land;false;urban;1
15756;253;140;148;land;false;forest;1
15757;171;172;167;land;false;forest;1
15758;24;43;41;land;true;urban;1
15759;178;194;139;land;true;plains;1
15760;247;230;56;land;false;hills;1
15761;238;141;213;land;false;mountain;1
15762;55;24;45;land;false;urban;1
15763;195;176;187;land;false;forest;1
15764;231;243;111;land;false;marsh;1
15765;222;127;202;land;false;plains;1
15766;252;211;196;land;false;forest;1
15767;80;224;250;land;false;forest;1
15768;221;211;239;land;false;forest;1
15769;176;247;215;land;false;marsh;1
15770;193;134;253;land;false;forest;1
15771;224;249;128;land;false;hills;1
15772;195;209;106;land;false;hills;1
15773;167;117;227;land;false;desert;1
15774;237;215;199;land;false;desert;1
15775;213;192;151;land;false;plains;1
15776;1;112;32;land;true;urban;1
15777;199;225;95;land;true;plains;1
15778;220;224;141;land;false;forest;1
15779;85;252;167;land;false;plains;1
15780;250;80;202;land;false;hills;1
15781;171;203;155;land;false;plains;1
15782;47;242;221;land;false;forest;1
15783;131;157;229;land;false;plains;1
15784;141;211;187;land;false;plains;1
15785;146;190;248;land;false;hills;1
15786;119;147;244;land;false;plains;1
15787;169;195;142;land;false;forest;1
15788;178;251;244;land;false;plains;1
15789;248;222;97;land;false;plains;1
15790;177;181;193;land;false;plains;1
15791;60;226;224;land;false;plains;1
15792;146;206;244;land;false;forest;1
15793;246;136;130;land;false;plains;1
15794;181;227;145;land;true;mountain;1
15795;229;233;201;land;false;forest;1
15796;238;184;202;land;false;forest;1
15797;137;232;135;land;true;plains;1
15798;197;217;140;land;false;plains;1
15799;203;231;229;land;false;forest;1
15800;185;157;251;land;true;plains;1
15801;29;56;54;land;false;forest;1
15802;229;215;241;land;false;plains;1
15803;87;215;211;land;false;forest;1
15804;79;39;19;land;false;urban;1
15805;243;118;150;land;false;marsh;1
15806;239;204;155;land;false;forest;1
15807;17;85;47;land;true;urban;1
15808;170;205;231;land;true;marsh;1
15809;254;129;156;land;false;desert;1
15810;229;219;147;land;false;desert;1
15811;157;185;214;land;false;plains;1
15812;143;254;209;land;false;plains;1
15813;119;186;213;land;false;hills;1
15814;197;184;147;land;false;plains;1
15815;232;194;99;land;true;plains;1
15816;247;48;252;land;true;plains;1
15817;178;179;213;land;false;desert;1
15818;228;141;150;land;false;forest;1
15819;151;222;216;land;true;plains;1
15820;168;204;219;land;false;plains;1
15821;170;211;156;land;false;hills;1
15822;1;20;92;land;false;urban;1
15823;180;191;242;land;false;forest;1
15824;43;247;245;land;false;plains;1
15825;41;63;1;land;false;forest;1
15826;251;210;240;land;false;forest;1
15827;242;238;197;land;false;forest;1
15828;249;186;178;land;false;forest;1
15829;205;214;176;land;false;forest;1
15830;213;185;139;land;false;forest;1
15831;172;168;161;land;false;forest;1
15832;205;238;69;land;false;forest;1
15833;210;83;224;land;false;plains;1
15834;197;234;238;land;false;forest;1
15835;173;244;111;land;false;forest;1
15836;147;213;206;land;false;mountain;1
15837;241;104;170;land;false;desert;1
15838;235;115;172;land;false;plains;1
15839;202;250;181;land;false;plains;1
15840;197;236;105;land;false;plains;1
15841;235;223;48;land;false;forest;1
15842;150;192;162;land;false;forest;1
15843;213;162;204;land;false;mountain;1
15844;185;234;167;land;false;hills;1
15845;209;241;238;land;false;plains;1
15846;158;195;238;land;false;forest;1
15847;209;245;154;land;false;forest;1
15848;137;246;223;land;false;forest;1
15849;164;126;253;land;false;forest;1
15850;176;233;189;land;false;plains;1
15851;22;93;31;land;false;marsh;1
15852;118;228;236;land;false;forest;1
15853;236;141;222;land;false;forest;1
15854;224;208;171;land;false;plains;1
15855;244;243;101;land;false;forest;1
15856;172;188;207;land;true;hills;1
15857;194;199;171;land;false;mountain;1
15858;217;155;140;land;false;desert;1
15859;139;179;210;land;false;hills;1
15860;34;7;76;land;false;urban;1
15861;208;174;150;land;false;forest;1
15862;207;244;106;land;false;desert;1
15863;175;139;219;land;false;forest;1
15864;157;195;171;land;false;desert;1
15865;46;63;10;land;false;urban;1
15866;151;233;146;land;false;hills;1
15867;174;152;218;land;false;forest;1
15868;58;1;88;land;false;urban;1
15869;191;146;225;land;false;hills;1
15870;250;229;254;land;false;plains;1
15871;228;229;200;land;false;forest;1
15872;227;250;213;land;false;plains;1
15873;213;42;253;land;false;hills;1
15874;210;166;244;land;false;marsh;1
15875;155;211;222;land;false;forest;1
15876;168;195;155;land;false;forest;1
15877;223;244;177;land;false;plains;1
15878;110;241;182;land;false;mountain;1
15879;160;183;160;land;false;plains;1
15880;244;138;210;land;false;forest;1
15881;236;222;206;land;false;forest;1
15882;29;254;224;land;false;mountain;1
15883;104;232;228;land;false;hills;1
15884;101;183;230;land;false;plains;1
15885;229;246;145;land;true;plains;1
15886;119;238;163;land;true;plains;1
15887;243;201;98;land;true;mountain;1
15888;62;46;36;land;false;urban;1
15889;14;103;3;land;false;urban;1
15890;204;195;230;land;false;plains;1
15891;248;183;117;land;true;plains;1
15892;208;110;218;land;false;plains;1
15893;47;58;1;land;false;urban;1
15894;195;214;115;land;false;forest;1
15895;154;236;157;land;false;hills;1
15896;197;208;217;land;false;hills;1
15897;238;199;130;land;false;plains;1
15898;139;173;209;land;false;forest;1
15899;91;214;219;land;false;forest;1
15900;125;213;232;land;false;forest;1
15901;167;229;200;land;false;plains;1
15902;226;240;110;land;false;plains;1
15903;228;186;212;land;true;plains;1
15904;172;242;190;land;false;marsh;1
15905;251;77;181;land;true;mountain;1
15906;244;197;239;land;false;hills;1
15907;176;153;197;land;false;desert;1
15908;237;151;124;land;false;plains;1
15909;224;245;129;land;false;plains;1
15910;174;235;139;land;false;plains;1
15911;177;160;194;land;true;hills;1
15912;172;242;112;land;false;hills;1
15913;233;197;156;land;false;plains;1
15914;108;160;251;land;false;hills;1
15915;18;33;58;land;false;plains;1
15916;29;48;51;land;false;urban;1
15917;198;175;186;land;false;forest;1
15918;152;110;241;land;false;forest;1
15919;209;198;218;land;false;forest;1
15920;244;124;147;land;false;plains;1
15921;221;160;220;land;false;forest;1
15922;231;137;133;land;false;forest;1
15923;144;218;230;land;false;forest;1
15924;215;150;209;land;false;forest;1
15925;144;186;254;land;false;plains;1
15926;141;138;248;land;false;forest;1
15927;227;142;167;land;false;forest;1
15928;217;194;136;land;false;forest;1
15929;250;206;156;land;true;forest;1
15930;225;149;135;land;false;forest;1
15931;239;91;187;land;false;desert;1
15932;98;251;210;land;false;hills;1
15933;112;233;186;land;false;plains;1
15934;1;40;65;land;false;urban;1
15935;136;235;183;land;true;hills;1
15936;167;140;244;land;false;forest;1
15937;144;216;186;land;false;mountain;1
15938;172;240;192;land;true;plains;1
15939;157;248;157;land;false;desert;1
15940;47;243;191;land;false;mountain;1
15941;215;191;168;land;false;forest;1
15942;223;244;242;land;true;plains;1
15943;234;221;201;land;false;mountain;1
15944;238;245;235;land;false;mountain;1
15945;83;16;42;land;false;urban;1
15946;186;237;118;land;false;plains;1
15947;198;167;204;land;false;forest;1
15948;144;198;171;land;false;forest;1
15949;251;150;101;land;false;mountain;1
15950;124;207;240;land;false;plains;1
15951;13;64;55;land;true;urban;1
15952;106;211;203;land;true;plains;1
15953;154;129;231;land;true;plains;1
15954;58;7;42;land;true;urban;1
15955;93;252;176;land;false;hills;1
15956;209;196;208;land;false;plains;1
15957;227;141;219;land;false;plains;1
15958;35;44;57;land;false;plains;1
15959;216;179;116;land;false;forest;1
15960;134;203;241;land;false;hills;1
15961;245;200;156;land;false;forest;1
15962;229;143;238;land;false;forest;1
15963;226;184;204;land;false;plains;1
15964;114;196;214;land;false;plains;1
15965;47;240;236;land;false;plains;1
15966;182;192;127;land;false;forest;1
15967;85;24;40;land;false;urban;1
15968;112;195;194;land;false;forest;1
15969;241;189;72;land;false;forest;1
15970;142;254;171;land;true;hills;1
15971;151;222;207;land;false;forest;1
15972;242;131;153;land;false;forest;1
15973;239;142;167;land;false;plains;1
15974;200;100;251;land;false;hills;1
15975;27;1;115;land;false;urban;1
15976;242;223;199;land;true;plains;1
15977;246;119;196;land;true;hills;1
15978;159;185;196;land;false;hills;1
15979;198;187;133;land;false;desert;1
15980;224;160;185;land;false;desert;1
15981;238;75;196;land;false;plains;1
15982;53;35;51;land;false;urban;1
15983;169;156;191;land;false;plains;1
15984;167;112;240;land;false;desert;1
15985;205;221;126;land;false;plains;1
15986;117;176;214;land;false;forest;1
15987;236;168;227;land;true;forest;1
15988;235;218;116;land;false;forest;1
15989;66;237;228;land;false;forest;1
15990;225;90;212;land;false;forest;1
15991;136;244;215;land;false;forest;1
15992;50;26;36;land;true;urban;1
15993;207;240;195;land;false;forest;1
15994;237;209;125;land;false;forest;1
15995;139;246;232;land;false;mountain;1
15996;215;155;231;land;false;plains;1
15997;79;239;206;land;false;plains;1
15998;219;240;129;land;false;plains;1
15999;232;249;156;land;true;plains;1
16000;102;245;178;land;true;hills;1
16001;207;241;131;land;false;forest;1
16002;175;224;198;land;false;forest;1
16003;229;227;250;land;false;forest;1
16004;238;215;158;lake;false;lakes;0
16005;71;29;4;land;false;forest;1
16006;239;189;175;land;false;forest;1
16007;247;242;139;land;false;forest;1
16008;232;195;157;land;false;plains;1
16009;201;191;249;land;false;hills;1
16010;203;109;221;land;false;forest;1
16011;252;183;141;land;true;forest;1
16012;220;188;207;land;false;forest;1
16013;144;147;233;land;false;plains;1
16014;238;199;75;land;false;forest;1
16015;166;174;205;land;true;marsh;1
16016;217;69;219;land;false;desert;1
16017;136;247;246;land;false;marsh;1
16018;220;194;190;land;false;marsh;1
16019;241;204;197;land;false;forest;1
16020;249;168;217;land;false;forest;1
16021;238;131;135;land;false;forest;1
16022;53;41;47;land;false;urban;1
16023;168;158;214;land;true;plains;1
16024;98;214;245;land;false;plains;1
16025;240;169;185;land;false;mountain;1
16026;125;236;149;land;true;plains;1
16027;126;163;224;land;false;hills;1
16028;15;8;98;land;true;urban;1
16029;97;253;189;land;false;forest;1
16030;234;181;108;land;false;plains;1
16031;173;248;124;land;false;plains;1
16032;223;148;231;land;false;plains;1
16033;98;245;202;land;false;forest;1
16034;30;67;14;land;false;urban;1
16035;211;113;253;land;false;forest;1
16036;227;71;210;land;false;forest;1
16037;197;161;190;land;false;forest;1
16038;126;172;208;land;false;plains;1
16039;177;205;154;land;false;desert;1
16040;150;211;184;land;false;forest;1
16041;218;166;169;land;false;forest;1
16042;242;173;133;land;false;plains;1
16043;244;153;166;land;false;forest;1
16044;51;33;52;land;false;urban;1
16045;191;215;103;land;false;mountain;1
16046;214;193;238;land;false;mountain;1
16047;74;213;240;land;false;mountain;1
16048;130;185;202;land;false;hills;1
16049;35;64;28;land;false;urban;1
16050;159;166;217;land;true;plains;1
16051;96;236;173;land;true;hills;1
16052;32;36;68;land;false;urban;1
16053;248;176;159;land;false;forest;1
16054;178;214;237;land;false;desert;1
16055;236;241;225;land;false;desert;1
16056;233;54;240;land;true;plains;1
16057;166;97;249;land;true;plains;1
16058;208;225;109;land;false;desert;1
16059;58;219;235;land;false;jungle;1
16060;246;185;165;land;false;plains;1
16061;231;137;179;land;false;hills;1
16062;188;215;202;land;false;hills;1
16063;249;50;238;land;false;forest;1
16064;48;85;7;land;false;urban;1
16065;199;187;166;land;false;forest;1
16066;156;236;121;land;true;forest;1
16067;252;184;124;land;false;plains;1
16068;248;148;211;land;false;marsh;1
16069;225;240;137;land;false;hills;1
16070;195;127;182;land;false;plains;1
16071;220;219;243;land;false;plains;1
16072;165;170;210;land;false;forest;1
16073;199;208;221;land;false;forest;1
16074;243;249;232;land;false;marsh;1
16075;218;254;127;land;false;forest;1
16076;220;186;246;land;false;forest;1
16077;149;140;238;land;false;desert;1
16078;142;210;250;land;true;plains;1
16079;146;227;156;land;false;desert;1
16080;96;14;13;land;false;urban;1
16081;222;100;246;land;false;desert;1
16082;242;60;204;land;false;jungle;1
16083;235;173;168;land;true;plains;1
16084;208;247;80;land;true;plains;1
16085;173;230;228;land;false;hills;1
16086;251;196;152;land;false;hills;1
16087;229;176;237;land;false;plains;1
16088;242;104;229;land;false;mountain;1
16089;232;149;229;land;false;hills;1
16090;28;63;25;land;false;urban;1
16091;175;185;249;land;false;plains;1
16092;24;5;88;land;false;urban;1
16093;214;224;209;land;false;forest;1
16094;223;89;226;land;false;forest;1
16095;215;240;129;land;false;forest;1
16096;171;94;240;land;true;forest;1
16097;219;141;234;land;false;plains;1
16098;241;253;190;land;false;forest;1
16099;233;77;199;land;false;forest;1
16100;212;112;182;land;false;mountain;1
16101;98;34;15;land;true;urban;1
16102;63;234;234;land;true;forest;1
16103;166;166;241;land;false;desert;1
16104;132;164;213;land;false;mountain;1
16105;210;191;172;land;true;hills;1
16106;67;38;21;land;true;urban;1
16107;97;32;19;land;true;urban;1
16108;181;235;146;land;true;plains;1
16109;232;213;150;land;true;jungle;1
16110;215;195;94;land;false;desert;1
16111;207;254;158;land;false;desert;1
16112;110;150;241;land;false;mountain;1
16113;233;238;151;land;false;marsh;1
16114;173;168;201;land;false;desert;1
16115;155;243;241;land;false;forest;1
16116;168;190;221;land;false;hills;1
16117;235;192;219;land;false;forest;1
16118;180;161;168;land;false;hills;1
16119;218;214;117;land;false;plains;1
16120;101;242;239;land;false;forest;1
16121;8;79;34;land;true;forest;1
16122;89;38;4;land;false;plains;1
16123;31;9;105;land;false;desert;1
16124;115;163;247;land;false;forest;1
16125;94;234;190;land;false;marsh;1
16126;230;106;166;land;false;plains;1
16127;235;251;216;land;false;plains;1
16128;163;247;97;land;false;forest;1
16129;122;187;210;land;false;hills;1
16130;80;231;247;land;false;forest;1
16131;218;242;174;land;true;hills;1
16132;156;204;225;land;false;forest;1
16133;249;171;169;land;false;mountain;1
16134;175;237;90;land;false;mountain;1
16135;240;234;143;land;false;mountain;1
16136;232;140;143;land;false;hills;1
16137;158;108;254;land;false;plains;1
16138;175;224;196;land;false;plains;1
16139;103;247;158;land;false;plains;1
16140;248;134;128;land;false;plains;1
16141;237;250;184;land;false;plains;1
16142;230;198;159;land;false;plains;1
16143;180;200;121;land;false;plains;1
16144;222;252;249;land;true;plains;1
16145;249;63;233;land;false;plains;1
16146;180;124;206;land;false;mountain;1
16147;251;193;227;land;true;jungle;1
16148;181;244;217;land;false;desert;1
16149;223;97;230;land;false;desert;1
16150;201;95;238;land;false;plains;1
16151;149;178;237;land;false;hills;1
16152;26;44;36;land;true;urban;1
16153;220;154;215;land;true;plains;1
16154;163;205;206;land;true;plains;1
16155;118;12;4;land;false;urban;1
16156;174;232;128;land;false;forest;1
16157;209;203;239;land;false;forest;1
16158;158;235;247;land;false;forest;1
16159;147;131;229;land;false;forest;1
16160;226;231;185;land;false;forest;1
16161;13;128;0;land;false;forest;1
16162;195;238;164;land;false;forest;1
16163;231;234;63;land;false;forest;1
16164;46;65;7;land;false;urban;1
16165;155;224;163;land;false;plains;1
16166;243;196;242;land;false;forest;1
16167;128;251;202;land;false;forest;1
16168;253;53;238;land;false;forest;1
16169;220;162;252;land;false;mountain;1
16170;252;193;80;land;true;plains;1
16171;218;163;244;land;false;forest;1
16172;215;190;226;land;false;hills;1
16173;82;211;218;land;true;hills;1
16174;79;187;253;land;false;hills;1
16175;242;91;183;land;false;desert;1
16176;179;214;188;land;true;plains;1
16177;218;175;235;land;false;mountain;1
16178;205;229;122;land;false;plains;1
16179;246;98;214;land;false;plains;1
16180;135;238;191;land;false;hills;1
16181;228;225;185;land;false;hills;1
16182;212;206;129;land;false;plains;1
16183;183;204;128;land;false;forest;1
16184;224;239;202;land;false;plains;1
16185;126;221;173;land;false;plains;1
16186;194;112;245;land;false;plains;1
16187;253;216;42;land;false;forest;1
16188;15;98;21;land;true;urban;1
16189;164;207;246;land;false;forest;1
16190;50;199;252;land;true;plains;1
16191;81;10;38;land;false;urban;1
16192;215;212;201;land;false;desert;1
16193;229;207;134;land;false;hills;1
16194;186;248;184;land;false;forest;1
16195;246;210;125;land;false;hills;1
16196;206;211;180;land;false;desert;1
16197;227;249;67;land;false;mountain;1
16198;18;116;7;land;false;urban;1
16199;105;32;2;land;false;urban;1
16200;120;202;213;land;false;plains;1
16201;21;72;41;land;false;urban;1
16202;238;232;57;land;false;plains;1
16203;47;245;219;land;false;forest;1
16204;186;133;211;land;false;forest;1
16205;89;247;220;land;false;plains;1
16206;164;244;221;land;false;plains;1
16207;104;16;27;land;false;mountain;1
16208;199;204;141;land;false;forest;1
16209;37;60;14;land;true;urban;1
16210;7;41;83;land;true;urban;1
16211;230;113;181;land;false;forest;1
16212;190;233;213;land;false;forest;1
16213;115;238;183;land;false;forest;1
16214;185;166;190;land;false;mountain;1
16215;210;185;213;land;false;hills;1
16216;239;212;232;land;false;plains;1
16217;186;195;179;land;true;mountain;1
16218;93;246;239;land;false;hills;1
16219;168;180;174;land;false;hills;1
16220;169;190;176;land;false;hills;1
16221;198;199;231;land;false;forest;1
16222;234;137;150;land;false;forest;1
16223;149;232;202;land;false;plains;1
16224;215;145;161;land;false;hills;1
16225;123;240;239;land;false;hills;1
16226;175;138;210;land;false;mountain;1
16227;209;91;211;land;false;hills;1
16228;161;97;246;land;false;plains;1
16229;195;141;228;land;false;hills;1
16230;232;231;241;land;false;forest;1
16231;147;170;248;land;false;plains;1
16232;219;216;115;land;false;plains;1
16233;203;146;209;land;false;plains;1
16234;85;251;239;land;false;mountain;1
16235;224;232;46;land;true;mountain;1
16236;241;217;147;land;true;forest;1
16237;22;70;19;land;true;urban;1
16238;214;193;197;land;false;mountain;1
16239;130;219;169;land;true;forest;1
16240;234;243;224;land;false;plains;1
16241;229;172;231;land;false;forest;1
16242;183;166;251;land;true;forest;1
16243;122;163;221;land;false;forest;1
16244;216;234;100;land;false;forest;1
16245;168;243;200;land;false;forest;1
16246;187;66;254;land;false;forest;1
16247;197;147;232;land;false;plains;1
16248;254;135;144;land;false;forest;1
16249;163;117;244;land;false;plains;1
16250;234;180;149;land;false;plains;1
16251;252;89;193;land;false;forest;1
16252;204;180;184;land;false;forest;1
16253;241;183;86;land;false;forest;1
16254;228;103;183;land;false;forest;1
16255;240;237;81;land;false;forest;1
16256;223;184;98;land;false;hills;1
16257;212;61;249;land;true;hills;1
16258;105;218;188;land;false;plains;1
16259;28;82;4;land;true;urban;1
16260;72;35;28;land;true;urban;1
16261;184;198;227;land;false;forest;1
16262;250;152;168;land;true;forest;1
16263;63;64;22;land;true;urban;1
16264;217;98;248;land;true;mountain;1
16265;169;144;240;land;false;forest;1
16266;253;109;166;land;false;urban;1
16267;212;174;144;land;false;plains;1
16268;241;245;228;land;false;mountain;1
16269;243;190;180;land;false;forest;1
16270;15;241;246;land;false;plains;1
16271;241;166;106;land;true;forest;1
16272;71;51;0;land;true;urban;1
16273;201;173;254;land;true;forest;1
16274;141;252;245;land;false;plains;1
16275;253;83;240;land;false;plains;1
16276;206;250;61;land;false;forest;1
16277;227;249;140;land;true;marsh;1
16278;165;237;243;land;false;forest;1
16279;23;59;28;land;false;urban;1
16280;182;171;165;land;true;plains;1
16281;167;173;215;land;true;forest;1
16282;228;207;247;land;false;jungle;1
16283;239;221;87;land;false;plains;1
16284;102;247;169;land;false;plains;1
16285;5;83;33;land;false;urban;1
16286;114;247;155;land;true;hills;1
16287;5;40;65;land;false;forest;1
16288;213;202;123;land;false;forest;1
16289;159;251;97;land;false;forest;1
16290;130;239;141;land;false;plains;1
16291;252;199;87;land;false;forest;1
16292;240;146;156;land;false;forest;1
16293;219;170;189;land;false;forest;1
16294;63;33;13;land;false;urban;1
16295;235;234;205;land;false;forest;1
16296;229;182;181;land;false;forest;1
16297;167;216;232;land;false;plains;1
16298;163;212;223;land;false;forest;1
16299;102;200;211;land;false;forest;1
16300;124;208;196;land;false;hills;1
16301;250;221;118;land;false;plains;1
16302;236;247;107;land;false;plains;1
16303;216;242;87;land;true;jungle;1
16304;217;130;216;land;false;desert;1
16305;248;235;164;land;false;desert;1
16306;208;174;226;land;false;plains;1
16307;162;228;114;land;false;forest;1
16308;166;131;253;land;false;desert;1
16309;209;132;252;land;false;desert;1
16310;219;134;169;land;false;forest;1
16311;217;167;134;land;false;forest;1
16312;26;57;44;land;false;urban;1
16313;57;47;24;land;false;urban;1
16314;125;229;237;land;false;forest;1
16315;220;181;176;land;false;forest;1
16316;200;180;223;land;true;forest;1
16317;218;188;191;land;false;forest;1
16318;101;235;192;land;false;marsh;1
16319;176;202;245;land;false;forest;1
16320;234;156;139;land;false;forest;1
16321;236;85;230;land;false;plains;1
16322;128;214;216;land;false;plains;1
16323;241;121;252;land;false;plains;1
16324;16;101;5;land;false;urban;1
16325;192;217;101;land;true;marsh;1
16326;40;92;3;land;true;urban;1
16327;239;177;182;land;true;forest;1
16328;21;30;90;land;false;urban;1
16329;250;170;122;land;false;hills;1
16330;155;138;232;land;false;forest;1
16331;111;231;169;land;true;forest;1
16332;247;245;150;land;true;plains;1
16333;225;252;164;land;true;plains;1
16334;88;45;6;land;false;urban;1
16335;202;126;178;land;false;jungle;1
16336;234;170;240;land;false;desert;1
16337;211;105;251;land;false;hills;1
16338;34;82;18;land;false;urban;1
16339;247;87;196;land;false;forest;1
16340;253;130;237;land;false;hills;1
16341;228;223;118;land;false;desert;1
16342;30;97;6;land;false;urban;1
16343;172;125;211;land;false;forest;1
16344;130;4;1;land;false;urban;1
16345;28;53;46;land;false;urban;1
16346;11;7;126;land;true;forest;1
16347;139;180;249;land;true;forest;1
16348;40;9;81;land;false;forest;1
16349;223;109;193;land;false;plains;1
16350;46;23;66;land;false;urban;1
16351;80;237;253;land;false;plains;1
16352;212;225;203;land;true;hills;1
16353;22;92;23;land;true;urban;1
16354;213;163;135;land;false;mountain;1
16355;202;224;194;land;true;forest;1
16356;250;157;224;land;true;plains;1
16357;169;214;222;land;false;jungle;1
16358;244;125;185;land;false;desert;1
16359;76;45;13;land;true;urban;1
16360;58;44;38;land;false;urban;1
16361;207;184;146;land;false;plains;1
16362;252;204;146;land;true;plains;1
16363;205;188;223;land;false;hills;1
16364;47;90;3;land;false;urban;1
16365;246;178;174;land;false;plains;1
16366;55;60;3;land;false;urban;1
16367;239;220;129;land;false;forest;1
16368;240;113;155;land;false;forest;1
16369;32;81;14;land;false;forest;1
16370;198;202;180;land;false;forest;1
16371;156;173;251;land;true;plains;1
16372;93;242;186;land;true;forest;1
16373;213;143;231;land;false;forest;1
16374;224;194;251;land;false;plains;1
16375;177;181;177;land;false;forest;1
16376;239;101;202;land;false;desert;1
16377;235;159;127;land;false;forest;1
16378;160;236;143;land;false;plains;1
16379;115;229;222;land;false;mountain;1
16380;241;140;200;land;false;forest;1
16381;232;245;232;land;false;forest;1
16382;209;195;245;land;false;forest;1
16383;250;73;184;land;false;hills;1
16384;236;250;82;land;false;plains;1
16385;222;253;117;land;true;forest;1
16386;4;6;94;land;true;urban;1
16387;181;127;252;land;false;mountain;1
16388;235;179;92;land;false;desert;1
16389;201;212;103;land;false;forest;1
16390;248;56;254;land;false;forest;1
16391;245;245;81;land;false;plains;1
16392;182;209;127;land;false;forest;1
16393;235;170;252;land;false;forest;1
16394;254;90;234;land;false;forest;1
16395;201;224;180;land;false;forest;1
16396;118;236;186;land;false;forest;1
16397;244;124;211;land;false;forest;1
16398;118;240;171;land;false;forest;1
16399;162;181;201;land;false;forest;1
16400;193;202;172;land;false;forest;1
16401;173;192;226;land;false;plains;1
16402;192;254;180;land;false;hills;1
16403;224;162;154;land;false;mountain;1
16404;242;206;64;land;false;mountain;1
16405;247;174;168;land;false;plains;1
16406;198;195;138;land;true;forest;1
16407;237;85;217;land;false;forest;1
16408;249;234;240;land;false;hills;1
16409;166;233;129;land;false;jungle;1
16410;82;22;14;land;false;urban;1
16411;180;167;205;land;false;mountain;1
16412;246;88;185;land;false;hills;1
16413;185;231;110;land;false;hills;1
16414;179;252;161;land;false;forest;1
16415;167;210;199;land;false;forest;1
16416;185;254;210;land;false;forest;1
16417;144;214;195;land;false;forest;1
16418;0;72;65;land;false;urban;1
16419;194;212;208;land;false;forest;1
16420;27;4;96;land;true;forest;1
16421;245;201;170;land;false;forest;1
16422;217;242;112;land;false;forest;1
16423;161;201;145;land;false;plains;1
16424;238;254;172;land;false;plains;1
16425;112;221;225;land;false;mountain;1
16426;185;200;185;land;true;forest;1
16427;251;233;200;land;false;plains;1
16428;108;241;196;land;false;forest;1
16429;200;185;160;land;false;forest;1
16430;179;198;163;land;false;hills;1
16431;132;216;187;land;true;plains;1
16432;239;96;251;land;false;hills;1
16433;207;220;150;land;false;mountain;1
16434;242;248;241;land;false;mountain;1
16435;171;230;108;land;false;hills;1
16436;234;145;134;land;false;plains;1
16437;243;159;240;land;true;plains;1
16438;225;206;139;land;true;plains;1
16439;239;156;124;land;true;hills;1
16440;177;161;231;land;false;plains;1
16441;227;180;111;land;false;hills;1
16442;205;95;213;land;false;plains;1
16443;227;239;229;land;true;plains;1
16444;253;158;213;land;false;hills;1
16445;239;163;154;land;false;forest;1
16446;206;218;82;land;false;forest;1
16447;238;100;181;land;true;plains;1
16448;230;192;214;land;true;plains;1
16449;226;121;191;land;false;hills;1
16450;253;130;169;land;false;plains;1
16451;22;76;24;land;false;urban;1
16452;247;60;232;land;false;forest;1
16453;58;53;6;land;true;urban;1
16454;72;197;242;land;false;forest;1
16455;212;130;228;land;false;forest;1
16456;136;216;252;land;false;forest;1
16457;92;237;182;land;false;plains;1
16458;144;251;113;land;false;plains;1
16459;27;248;242;land;false;forest;1
16460;165;191;154;land;false;forest;1
16461;75;1;60;land;true;urban;1
16462;180;215;230;land;false;forest;1
16463;90;249;165;land;true;mountain;1
16464;73;12;59;land;false;mountain;1
16465;131;247;205;land;false;plains;1
16466;169;162;187;land;false;plains;1
16467;254;175;85;land;true;plains;1
16468;146;245;166;land;false;hills;1
16469;251;49;219;land;false;desert;1
16470;244;244;141;land;false;plains;1
16471;133;145;223;land;true;plains;1
16472;193;238;152;land;false;hills;1
16473;248;170;114;land;false;plains;1
16474;209;220;150;land;false;hills;1
16475;160;114;232;land;false;forest;1
16476;201;106;252;land;false;forest;1
16477;52;37;55;sea;true;ocean;0
16478;157;249;129;land;true;plains;1
16479;253;145;179;land;false;marsh;1
16480;63;7;73;land;false;urban;1
16481;246;118;213;land;false;desert;1
16482;122;211;232;land;false;hills;1
16483;184;203;233;land;false;forest;1
16484;191;126;223;land;false;plains;1
16485;172;155;193;land;false;forest;1
16486;156;155;239;land;true;forest;1
16487;17;13;103;land;false;urban;1
16488;165;121;240;land;true;plains;1
16489;33;71;9;land;false;forest;1
16490;233;90;243;land;false;plains;1
16491;222;194;90;land;false;forest;1
16492;247;54;208;land;false;urban;1
16493;141;223;161;land;false;forest;1
16494;216;254;143;land;false;forest;1
16495;187;239;240;land;false;plains;1
16496;70;35;35;land;true;forest;1
16497;160;213;207;land;true;hills;1
16498;226;209;105;land;false;forest;1
16499;251;160;175;land;false;forest;1
16500;196;244;94;land;false;desert;1
16501;231;253;60;land;false;plains;1
16502;214;178;154;land;false;mountain;1
16503;199;92;223;land;false;forest;1
16504;143;240;156;land;false;forest;1
16505;203;161;202;land;false;forest;1
16506;105;21;3;land;false;urban;1
16507;211;217;88;land;false;forest;1
16508;230;234;156;land;true;forest;1
16509;221;247;133;land;false;forest;1
16510;152;161;188;land;false;forest;1
16511;224;186;155;land;false;forest;1
16512;186;81;250;land;false;marsh;1
16513;232;88;230;land;false;forest;1
16514;20;254;243;land;true;hills;1
16515;241;194;122;land;false;mountain;1
16516;250;140;194;land;false;plains;1
16517;173;250;178;land;false;plains;1
16518;34;87;0;land;true;urban;1
16519;241;237;50;land;false;hills;1
16520;211;225;165;land;false;plains;1
16521;206;151;164;land;false;forest;1
16522;36;253;226;land;false;forest;1
16523;236;85;249;land;false;forest;1
16524;57;55;22;land;false;forest;1
16525;78;5;39;land;false;urban;1
16526;66;36;27;land;true;urban;1
16527;250;30;221;land;false;forest;1
16528;95;9;16;land;false;urban;1
16529;162;231;228;land;false;forest;1
16530;148;254;224;land;true;desert;1
16531;40;246;241;land;false;plains;1
16532;188;143;186;land;false;hills;1
16533;149;167;253;land;false;mountain;1
16534;232;238;222;land;true;forest;1
16535;43;220;244;land;true;plains;1
16536;65;27;57;land;true;forest;1
16537;101;176;237;land;true;jungle;1
16538;9;252;245;land;true;forest;1
16539;224;195;237;land;false;plains;1
16540;41;244;240;land;true;plains;1
16541;210;248;132;land;true;plains;1
16542;219;157;208;land;false;forest;1
16543;64;205;241;land;false;forest;1
16544;132;203;245;land;false;forest;1
16545;214;225;240;land;false;forest;1
16546;193;184;247;land;false;plains;1
16547;226;209;197;land;true;plains;1
16548;50;15;44;land;true;urban;1
16549;241;121;152;land;false;forest;1
16550;155;194;253;land;false;forest;1
16551;235;128;235;land;false;forest;1
16552;184;253;121;land;false;marsh;1
16553;40;64;9;land;false;forest;1
16554;254;226;92;land;false;forest;1
16555;168;248;104;land;false;plains;1
16556;241;114;173;land;false;plains;1
16557;228;146;208;land;false;plains;1
16558;250;51;210;land;false;forest;1
16559;215;150;190;land;false;hills;1
16560;234;167;247;land;true;hills;1
16561;170;147;186;land;false;plains;1
16562;249;231;155;land;false;mountain;1
16563;228;168;117;land;false;forest;1
16564;237;249;118;land;true;plains;1
16565;208;248;66;land;false;plains;1
16566;203;234;90;land;true;hills;1
16567;0;100;19;land;true;urban;1
16568;212;228;137;land;false;plains;1
16569;250;213;193;land;false;hills;1
16570;17;114;16;land;false;urban;1
16571;246;237;250;land;false;forest;1
16572;175;235;232;land;false;forest;1
16573;205;247;109;land;false;forest;1
16574;90;227;244;land;false;forest;1
16575;238;71;204;land;true;forest;1
16576;201;203;107;land;false;marsh;1
16577;191;122;209;land;false;forest;1
16578;245;120;242;land;false;forest;1
16579;248;238;215;land;false;mountain;1
16580;218;79;239;land;false;mountain;1
16581;238;248;163;land;false;hills;1
16582;237;241;243;land;false;hills;1
16583;186;231;133;land;false;plains;1
16584;149;213;244;land;false;plains;1
16585;209;219;139;land;false;plains;1
16586;243;218;130;land;false;plains;1
16587;230;90;185;land;true;plains;1
16588;240;235;109;land;false;desert;1
16589;241;252;155;land;false;hills;1
16590;139;231;131;land;false;hills;1
16591;68;203;239;land;false;forest;1
16592;1;56;37;land;false;urban;1
16593;252;66;203;land;false;plains;1
16594;241;214;110;land;true;plains;1
16595;211;161;216;land;false;plains;1
16596;213;201;220;land;true;forest;1
16597;172;232;139;land;false;forest;1
16598;195;231;245;land;false;desert;1
16599;144;221;227;land;false;forest;1
16600;231;232;246;land;false;forest;1
16601;195;244;97;land;false;plains;1
16602;229;21;251;land;false;forest;1
16603;199;154;234;land;false;plains;1
16604;110;248;162;land;false;mountain;1
16605;237;139;221;land;false;plains;1
16606;205;199;201;land;true;forest;1
16607;127;18;0;land;true;urban;1
16608;154;195;162;land;false;jungle;1
16609;198;245;92;land;true;plains;1
16610;102;13;3;land;false;urban;1
16611;227;98;205;land;false;hills;1
16612;204;249;165;land;false;plains;1
16613;247;151;160;land;false;forest;1
16614;157;244;102;land;false;forest;1
16615;241;192;112;land;true;forest;1
16616;207;168;198;land;false;plains;1
16617;250;220;124;land;false;forest;1
16618;158;156;254;land;false;forest;1
16619;216;252;98;land;false;forest;1
16620;121;223;223;land;false;forest;1
16621;197;238;113;land;false;plains;1
16622;169;231;158;land;false;plains;1
16623;250;178;148;land;false;mountain;1
16624;163;153;238;land;false;plains;1
16625;226;76;207;land;false;forest;1
16626;207;216;242;land;false;forest;1
16627;216;123;237;land;false;mountain;1
16628;244;225;187;land;false;hills;1
16629;249;237;213;land;false;hills;1
16630;247;250;89;land;false;plains;1
16631;82;180;245;land;false;plains;1
16632;204;108;253;land;false;forest;1
16633;232;91;206;land;true;forest;1
16634;177;125;240;land;true;jungle;1
16635;219;235;234;land;false;plains;1
16636;209;235;253;land;false;plains;1
16637;179;241;180;land;false;hills;1
16638;140;229;246;land;true;plains;1
16639;190;220;147;land;false;plains;1
16640;251;251;35;land;false;hills;1
16641;124;229;231;land;false;hills;1
16642;189;216;235;land;false;forest;1
16643;109;246;198;land;false;plains;1
16644;89;25;9;land;false;urban;1
16645;193;195;165;land;false;forest;1
16646;250;129;217;land;false;forest;1
16647;221;200;110;land;false;forest;1
16648;178;252;103;land;false;mountain;1
16649;138;238;253;land;false;forest;1
16650;204;206;245;land;true;forest;1
16651;172;209;236;land;false;plains;1
16652;121;150;245;land;false;hills;1
16653;217;200;107;land;false;plains;1
16654;234;130;224;land;true;mountain;1
16655;204;216;166;land;false;hills;1
16656;199;236;244;land;false;forest;1
16657;197;150;164;land;false;forest;1
16658;231;85;209;land;false;plains;1
16659;126;191;205;land;false;forest;1
16660;243;131;250;land;false;plains;1
16661;233;179;164;land;false;forest;1
16662;45;27;64;land;false;forest;1
16663;148;146;244;land;false;forest;1
16664;235;232;190;land;false;forest;1
16665;165;128;222;land;false;forest;1
16666;122;191;210;land;false;plains;1
16667;253;163;239;land;false;plains;1
16668;231;253;102;land;true;marsh;1
16669;219;252;110;land;false;plains;1
16670;245;207;193;land;false;forest;1
16671;102;153;253;land;false;forest;1
16672;250;32;251;land;false;mountain;1
16673;252;176;154;land;false;plains;1
16674;213;216;158;land;true;forest;1
16675;210;210;188;land;true;forest;1
16676;190;169;199;land;false;mountain;1
16677;199;208;103;land;true;plains;1
16678;164;213;240;land;false;forest;1
16679;188;94;232;land;false;plains;1
16680;251;251;12;land;false;plains;1
16681;254;243;110;land;false;hills;1
16682;153;107;251;land;false;hills;1
16683;112;208;239;land;false;hills;1
16684;186;114;245;land;false;forest;1
16685;242;217;172;land;false;forest;1
16686;238;133;169;land;true;hills;1
16687;166;198;223;land;false;forest;1
16688;198;220;229;land;false;forest;1
16689;249;160;222;land;false;forest;1
16690;251;235;153;land;false;forest;1
16691;57;218;237;land;false;forest;1
16692;202;181;144;land;false;plains;1
16693;165;215;234;land;false;forest;1
16694;210;230;206;land;false;mountain;1
16695;199;223;201;land;false;mountain;1
16696;244;202;85;land;false;plains;1
16697;0;9;132;land;false;urban;1
16698;144;223;217;land;false;forest;1
16699;252;206;154;land;false;forest;1
16700;248;209;170;land;true;plains;1
16701;54;43;40;land;false;urban;1
16702;240;160;106;land;false;forest;1
16703;67;78;0;land;false;urban;1
16704;225;51;237;land;false;plains;1
16705;187;233;130;land;false;plains;1
16706;5;57;74;land;true;urban;1
16707;196;230;121;land;true;plains;1
16708;124;220;200;land;true;plains;1
16709;59;1;46;land;true;urban;1
16710;220;244;201;land;false;forest;1
16711;50;1;67;land;false;urban;1
16712;138;237;181;land;false;plains;1
16713;242;194;245;land;false;forest;1
16714;182;173;197;land;false;forest;1
16715;246;211;220;land;true;hills;1
16716;45;23;37;land;false;urban;1
16717;146;246;111;land;false;mountain;1
16718;239;228;178;land;false;mountain;1
16719;238;211;64;land;false;plains;1
16720;202;254;219;land;false;plains;1
16721;210;161;165;land;false;hills;1
16722;237;118;157;land;false;forest;1
16723;230;38;250;land;true;jungle;1
16724;115;197;192;land;false;plains;1
16725;197;222;103;land;false;plains;1
16726;66;246;235;land;false;plains;1
16727;98;31;15;land;true;urban;1
16728;219;246;71;land;false;desert;1
16729;180;120;252;land;false;plains;1
16730;213;213;114;land;false;forest;1
16731;238;135;197;land;false;forest;1
16732;246;123;190;land;false;plains;1
16733;215;249;120;land;false;forest;1
16734;165;194;147;land;false;forest;1
16735;193;102;225;land;true;plains;1
16736;230;218;104;land;false;marsh;1
16737;79;241;211;land;false;forest;1
16738;211;142;162;land;false;forest;1
16739;220;189;161;land;false;forest;1
16740;245;109;235;land;false;mountain;1
16741;150;204;220;land;true;forest;1
16742;203;221;171;land;false;marsh;1
16743;148;232;238;land;true;urban;1
16744;199;208;253;land;true;plains;1
16745;203;208;153;land;false;desert;1
16746;79;2;64;land;false;hills;1
16747;141;219;182;land;false;forest;1
16748;181;200;249;land;false;forest;1
16749;227;122;231;land;false;forest;1
16750;97;220;193;land;false;forest;1
16751;254;67;226;land;false;plains;1
16752;246;167;176;land;true;forest;1
16753;247;193;88;land;false;forest;1
16754;251;221;75;land;false;forest;1
16755;19;61;51;land;false;urban;1
16756;15;3;85;sea;true;ocean;0
16757;210;200;199;land;false;forest;1
16758;81;45;22;land;false;plains;1
16759;239;210;251;land;false;forest;1
16760;173;253;144;land;false;hills;1
16761;57;247;211;land;false;mountain;1
16762;254;114;184;land;false;plains;1
16763;116;247;223;land;false;plains;1
16764;172;242;114;land;false;plains;1
16765;114;174;232;land;false;forest;1
16766;251;148;118;land;false;forest;1
16767;244;209;182;land;false;hills;1
16768;244;192;110;land;false;jungle;1
16769;235;200;153;land;false;hills;1
16770;141;238;164;land;true;urban;1
16771;170;140;201;land;false;plains;1
16772;251;185;181;land;false;forest;1
16773;192;236;80;land;false;plains;1
16774;28;32;59;land;false;urban;1
16775;196;197;186;land;false;plains;1
16776;190;125;214;land;false;hills;1
16777;232;159;192;land;true;forest;1
16778;215;164;133;land;false;forest;1
16779;247;169;252;land;false;forest;1
16780;254;122;186;land;false;forest;1
16781;232;170;210;land;false;forest;1
16782;119;242;230;land;false;plains;1
16783;204;233;153;land;false;plains;1
16784;166;240;238;land;false;forest;1
16785;225;67;252;land;false;forest;1
16786;199;195;235;land;false;plains;1
16787;250;144;212;land;false;plains;1
16788;225;164;240;land;false;forest;1
16789;251;229;157;land;true;forest;1
16790;232;241;51;land;true;forest;1
16791;226;230;221;land;true;forest;1
16792;251;225;68;land;true;forest;1
16793;195;199;127;land;false;jungle;1
16794;213;228;135;land;false;plains;1
16795;228;155;217;land;false;forest;1
16796;214;160;224;land;false;plains;1
16797;155;191;226;land;false;plains;1
16798;180;224;109;land;false;forest;1
16799;130;214;201;land;false;forest;1
16800;229;157;242;land;false;plains;1
16801;160;164;180;land;true;plains;1
16802;210;250;168;land;true;plains;1
16803;150;235;141;land;false;forest;1
16804;78;224;202;land;true;forest;1
16805;231;231;171;land;false;forest;1
16806;231;223;220;land;false;forest;1
16807;225;129;182;land;false;mountain;1
16808;247;149;114;land;false;plains;1
16809;224;254;233;land;false;forest;1
16810;148;165;205;land;true;mountain;1
16811;234;99;203;land;false;plains;1
16812;136;204;238;land;false;plains;1
16813;197;177;157;land;false;hills;1
16814;189;151;199;land;false;hills;1
16815;238;112;243;land;true;forest;1
16816;162;165;223;land;false;jungle;1
16817;223;173;201;land;true;plains;1
16818;245;226;139;land;false;hills;1
16819;174;218;130;land;false;hills;1
16820;9;6;119;land;false;urban;1
16821;67;18;42;land;false;urban;1
16822;222;203;135;land;false;forest;1
16823;237;60;237;land;false;forest;1
16824;229;123;182;land;false;forest;1
16825;148;126;241;land;false;forest;1
16826;232;244;57;land;false;plains;1
16827;149;159;205;land;false;marsh;1
16828;249;109;144;land;false;plains;1
16829;174;230;167;land;false;forest;1
16830;239;217;109;land;true;plains;1
16831;224;106;216;land;false;forest;1
16832;253;190;156;land;false;forest;1
16833;122;11;9;land;false;urban;1
16834;150;184;213;land;false;jungle;1
16835;152;126;249;land;true;forest;1
16836;202;194;200;land;false;jungle;1
16837;178;199;222;land;false;jungle;1
16838;195;28;254;land;false;desert;1
16839;138;187;176;land;false;hills;1
16840;196;229;207;land;false;plains;1
16841;210;228;72;land;false;hills;1
16842;54;36;27;land;false;hills;1
16843;219;103;251;land;false;hills;1
16844;49;75;9;land;true;urban;1
16845;244;250;105;land;true;forest;1
16846;192;226;163;land;true;forest;1
16847;195;146;198;land;false;forest;1
16848;231;162;116;land;false;forest;1
16849;175;209;145;land;false;forest;1
16850;240;254;68;land;false;forest;1
16851;169;228;146;land;true;forest;1
16852;114;218;211;land;false;marsh;1
16853;221;226;245;land;false;plains;1
16854;158;180;170;land;false;plains;1
16855;225;102;191;land;false;forest;1
16856;239;215;135;land;false;plains;1
16857;126;181;202;land;false;forest;1
16858;208;196;186;land;false;jungle;1
16859;98;242;247;land;true;plains;1
16860;178;101;233;land;true;mountain;1
16861;13;72;30;land;false;urban;1
16862;170;156;222;land;false;plains;1
16863;185;204;179;land;true;plains;1
16864;222;136;196;land;false;hills;1
16865;193;176;183;land;false;forest;1
16866;250;47;226;land;false;forest;1
16867;208;250;114;land;false;forest;1
16868;236;178;199;land;false;forest;1
16869;219;168;172;land;false;forest;1
16870;100;6;3;land;false;urban;1
16871;212;254;207;land;false;forest;1
16872;182;133;248;land;false;forest;1
16873;181;204;195;land;false;forest;1
16874;85;205;218;land;false;plains;1
16875;72;1;60;land;false;mountain;1
16876;152;164;227;land;false;forest;1
16877;179;175;240;land;false;forest;1
16878;246;166;121;land;false;plains;1
16879;237;127;242;land;true;hills;1
16880;223;247;98;land;true;forest;1
16881;192;86;226;land;true;plains;1
16882;81;247;205;land;false;hills;1
16883;221;181;133;land;false;desert;1
16884;184;219;204;land;false;forest;1
16885;226;71;247;land;false;forest;1
16886;14;65;35;land;false;urban;1
16887;249;239;218;land;false;forest;1
16888;155;197;198;land;false;forest;1
16889;219;183;128;land;true;desert;1
16890;247;141;213;land;true;marsh;1
16891;246;238;141;land;false;mountain;1
16892;244;88;216;land;false;desert;1
16893;200;206;131;land;true;plains;1
16894;236;177;90;land;false;plains;1
16895;240;200;174;land;false;hills;1
16896;228;201;217;land;true;forest;1
16897;165;185;241;land;false;hills;1
16898;94;213;223;land;false;forest;1
16899;212;151;188;land;false;urban;1
16900;238;216;237;land;true;plains;1
16901;106;248;172;land;false;forest;1
16902;165;248;228;land;false;forest;1
16903;177;245;105;land;false;forest;1
16904;244;146;166;land;false;forest;1
16905;205;138;220;land;false;forest;1
16906;231;204;217;land;false;forest;1
16907;28;24;61;land;true;urban;1
16908;184;154;238;land;false;forest;1
16909;251;207;180;land;false;forest;1
16910;35;58;14;land;false;urban;1
16911;163;240;224;land;false;forest;1
16912;231;238;135;land;false;forest;1
16913;176;177;186;land;false;plains;1
16914;225;175;243;land;false;plains;1
16915;161;249;228;land;false;forest;1
16916;2;78;69;land;false;urban;1
16917;251;42;212;land;true;mountain;1
16918;0;11;110;land;false;urban;1
16919;202;220;110;land;false;hills;1
16920;111;25;12;land;false;forest;1
16921;211;209;165;land;false;forest;1
16922;242;50;245;land;false;forest;1
16923;32;63;7;land;false;mountain;1
16924;115;181;236;land;false;plains;1
16925;193;238;229;land;false;forest;1
16926;200;102;206;land;false;plains;1
16927;160;158;201;land;false;forest;1
16928;250;141;229;land;false;forest;1
16929;254;78;245;land;true;hills;1
16930;10;91;8;land;false;urban;1
16931;126;205;182;land;false;forest;1
16932;212;220;189;land;true;plains;1
16933;189;187;213;land;true;mountain;1
16934;209;226;197;land;true;plains;1
16935;235;228;41;land;false;forest;1
16936;113;230;181;land;false;forest;1
16937;131;202;204;land;false;plains;1
16938;208;151;197;land;false;plains;1
16939;246;207;230;land;true;forest;1
16940;129;198;235;land;false;forest;1
16941;175;232;240;land;false;forest;1
16942;242;179;251;land;false;forest;1
16943;239;240;207;land;false;forest;1
16944;240;221;70;land;false;forest;1
16945;123;245;172;land;false;forest;1
16946;64;235;236;land;false;plains;1
16947;158;246;175;land;false;plains;1
16948;218;227;152;land;false;forest;1
16949;225;141;146;land;false;forest;1
16950;206;95;206;land;false;mountain;1
16951;109;196;229;land;false;plains;1
16952;254;123;165;land;true;forest;1
16953;235;175;214;land;true;forest;1
16954;214;97;220;land;false;forest;1
16955;226;131;182;land;false;hills;1
16956;61;235;248;land;true;mountain;1
16957;218;194;175;land;false;jungle;1
16958;19;12;71;land;true;urban;1
16959;197;162;151;land;false;hills;1
16960;212;244;137;land;false;forest;1
16961;55;35;20;land;false;plains;1
16962;160;243;126;land;false;forest;1
16963;238;212;233;land;false;forest;1
16964;241;130;237;land;false;plains;1
16965;246;207;121;land;false;mountain;1
16966;224;249;183;land;false;forest;1
16967;196;201;221;land;false;forest;1
16968;244;228;135;land;false;hills;1
16969;205;213;115;land;true;forest;1
16970;203;199;232;land;true;plains;1
16971;159;154;236;land;true;urban;1
16972;206;77;238;land;false;plains;1
16973;202;144;250;land;false;plains;1
16974;203;107;194;land;false;plains;1
16975;193;97;249;land;false;plains;1
16976;250;20;234;land;true;plains;1
16977;217;117;230;land;false;desert;1
16978;246;123;136;land;false;forest;1
16979;39;7;97;land;false;forest;1
16980;221;132;236;land;false;forest;1
16981;222;135;147;land;true;plains;1
16982;206;161;179;land;false;forest;1
16983;218;180;164;land;false;desert;1
16984;209;111;196;land;false;mountain;1
16985;104;215;249;land;false;forest;1
16986;42;56;22;land;true;urban;1
16987;238;125;173;land;false;plains;1
16988;199;213;248;land;false;plains;1
16989;248;246;129;land;false;plains;1
16990;195;217;248;land;false;forest;1
16991;178;201;148;land;true;hills;1
16992;213;186;180;land;false;mountain;1
16993;247;174;89;land;false;forest;1
16994;251;189;117;land;false;hills;1
16995;194;254;161;land;false;plains;1
16996;206;223;251;land;false;forest;1
16997;211;135;188;land;false;forest;1
16998;209;202;244;land;false;plains;1
16999;224;245;141;land;false;forest;1
17000;153;203;199;land;false;plains;1
17001;184;147;247;land;false;plains;1
17002;249;238;227;land;false;forest;1
17003;106;251;153;land;false;forest;1
17004;169;208;254;land;false;forest;1
17005;176;199;150;land;false;plains;1
17006;254;199;228;land;false;forest;1
17007;252;67;224;land;true;forest;1
17008;26;13;63;land;false;urban;1
17009;138;135;247;land;false;forest;1
17010;253;211;42;land;false;forest;1
17011;208;185;161;land;true;forest;1
17012;22;33;81;land;false;urban;1
17013;238;190;80;land;false;mountain;1
17014;199;190;172;land;false;plains;1
17015;102;25;0;land;false;forest;1
17016;254;163;125;land;false;forest;1
17017;2;60;60;land;false;urban;1
17018;179;189;193;land;false;forest;1
17019;184;178;177;land;false;forest;1
17020;198;249;215;land;false;hills;1
17021;157;174;181;land;false;hills;1
17022;217;228;128;land;false;plains;1
17023;71;243;189;land;true;forest;1
17024;229;182;159;land;true;plains;1
17025;234;178;175;land;false;mountain;1
17026;141;151;225;land;false;plains;1
17027;254;85;249;land;false;jungle;1
17028;171;202;168;land;false;plains;1
17029;182;198;183;land;false;forest;1
17030;218;242;42;land;false;hills;1
17031;129;217;170;land;true;plains;1
17032;143;183;249;land;false;forest;1
17033;218;187;203;land;false;forest;1
17034;211;248;117;land;true;forest;1
17035;166;101;236;land;false;desert;1
17036;182;188;138;land;false;forest;1
17037;247;201;218;land;false;plains;1
17038;176;246;243;land;false;marsh;1
17039;186;166;166;land;false;plains;1
17040;189;209;156;land;false;hills;1
17041;217;244;199;land;true;forest;1
17042;215;177;163;land;false;hills;1
17043;229;68;209;land;false;plains;1
17044;192;78;243;land;false;plains;1
17045;111;245;176;land;true;forest;1
17046;232;132;198;land;false;plains;1
17047;219;96;254;land;false;jungle;1
17048;228;126;198;land;true;forest;1
17049;206;175;162;land;false;forest;1
17050;242;213;225;land;false;forest;1
17051;234;160;199;land;false;forest;1
17052;210;208;252;land;true;forest;1
17053;141;233;221;land;false;plains;1
17054;228;170;180;land;false;forest;1
17055;220;130;154;land;false;plains;1
17056;236;221;140;land;false;mountain;1
17057;184;198;246;land;false;mountain;1
17058;208;206;253;land;false;plains;1
17059;176;159;225;land;false;hills;1
17060;236;241;243;land;false;hills;1
17061;173;198;189;land;false;plains;1
17062;179;208;115;land;false;plains;1
17063;114;223;191;land;true;forest;1
17064;231;182;200;land;false;hills;1
17065;251;222;43;land;false;forest;1
17066;5;78;65;land;false;forest;1
17067;57;254;225;land;false;plains;1
17068;170;137;203;land;false;hills;1
17069;174;150;221;land;false;forest;1
17070;201;89;211;land;false;plains;1
17071;121;3;1;land;false;urban;1
17072;189;169;236;land;false;plains;1
17073;183;189;178;land;false;forest;1
17074;245;202;131;land;false;forest;1
17075;159;180;249;land;true;forest;1
17076;247;118;228;land;false;forest;1
17077;220;115;180;land;false;hills;1
17078;251;188;202;land;false;plains;1
17079;252;203;249;land;false;plains;1
17080;17;80;12;land;false;urban;1
17081;237;223;137;land;false;mountain;1
17082;169;143;201;land;false;forest;1
17083;198;178;226;land;false;plains;1
17084;222;224;120;land;false;desert;1
17085;168;195;241;land;true;plains;1
17086;184;152;210;land;false;forest;1
17087;229;161;244;land;false;forest;1
17088;221;184;252;land;false;plains;1
17089;161;122;253;land;false;plains;1
17090;217;126;181;land;false;forest;1
17091;240;237;150;land;false;forest;1
17092;203;219;121;land;false;forest;1
17093;125;242;232;land;false;plains;1
17094;150;227;220;land;false;plains;1
17095;163;143;215;land;false;plains;1
17096;190;174;234;land;false;mountain;1
17097;195;237;165;land;true;hills;1
17098;230;97;236;land;false;forest;1
17099;141;254;204;land;true;forest;1
17100;225;222;142;land;false;mountain;1
17101;183;157;166;land;false;plains;1
17102;79;226;210;land;false;jungle;1
17103;46;30;36;land;false;urban;1
17104;236;203;175;land;true;hills;1
17105;238;214;199;land;false;desert;1
17106;101;237;225;land;false;plains;1
17107;138;217;156;land;true;hills;1
17108;241;180;216;land;false;hills;1
17109;23;72;33;land;true;urban;1
17110;184;230;158;land;false;plains;1
17111;197;180;197;land;false;forest;1
17112;216;147;248;land;false;plains;1
17113;234;163;141;land;false;forest;1
17114;211;226;158;land;false;forest;1
17115;67;44;38;land;false;plains;1
17116;68;59;16;land;false;plains;1
17117;240;220;166;land;false;forest;1
17118;151;109;242;land;false;plains;1
17119;215;180;229;land;false;marsh;1
17120;233;109;189;land;false;plains;1
17121;72;17;25;land;false;urban;1
17122;248;161;231;land;false;forest;1
17123;104;204;219;land;false;mountain;1
17124;222;42;237;land;false;plains;1
17125;242;227;212;land;true;forest;1
17126;169;181;227;land;false;forest;1
17127;183;230;192;land;false;plains;1
17128;233;89;216;land;true;forest;1
17129;12;111;13;land;true;urban;1
17130;218;223;67;land;false;hills;1
17131;253;253;176;land;false;plains;1
17132;205;163;208;land;false;plains;1
17133;243;213;163;land;false;plains;1
17134;107;250;199;land;false;plains;1
17135;43;253;224;land;false;mountain;1
17136;244;237;90;land;true;forest;1
17137;210;213;101;land;true;marsh;1
17138;218;205;81;land;false;plains;1
17139;250;179;209;land;false;forest;1
17140;239;164;116;land;false;forest;1
17141;184;185;207;land;false;forest;1
17142;123;252;248;land;false;mountain;1
17143;223;244;179;land;false;forest;1
17144;254;101;192;land;false;plains;1
17145;253;180;110;land;false;mountain;1
17146;181;198;224;land;false;forest;1
17147;245;201;92;land;false;forest;1
17148;232;232;136;land;false;forest;1
17149;225;73;244;land;false;forest;1
17150;129;140;237;land;false;forest;1
17151;90;227;184;land;true;forest;1
17152;9;74;32;land;false;urban;1
17153;220;224;234;land;false;hills;1
17154;201;195;181;land;true;forest;1
17155;126;209;247;land;false;plains;1
17156;203;211;130;land;false;forest;1
17157;71;242;196;land;false;mountain;1
17158;210;207;170;land;false;plains;1
17159;246;176;248;land;false;jungle;1
17160;135;189;217;land;false;plains;1
17161;253;213;105;land;false;plains;1
17162;189;159;172;land;true;hills;1
17163;27;2;117;land;false;urban;1
17164;56;57;21;land;false;forest;1
17165;154;210;196;land;true;forest;1
17166;212;224;73;land;false;forest;1
17167;118;232;158;land;false;forest;1
17168;243;235;72;land;true;forest;1
17169;254;125;179;land;false;forest;1
17170;130;212;218;land;false;hills;1
17171;247;143;161;land;false;hills;1
17172;212;238;227;land;false;plains;1
17173;169;216;140;land;false;plains;1
17174;67;26;38;land;false;plains;1
17175;159;107;240;land;false;forest;1
17176;174;242;191;land;false;forest;1
17177;245;236;200;land;false;plains;1
17178;250;250;169;land;false;plains;1
17179;250;104;179;land;false;forest;1
17180;100;246;202;land;true;forest;1
17181;248;200;59;land;false;hills;1
17182;218;234;63;land;false;plains;1
17183;232;238;194;land;false;plains;1
17184;245;248;144;land;true;hills;1
17185;119;186;241;land;false;plains;1
17186;208;215;229;land;false;plains;1
17187;222;243;239;land;false;hills;1
17188;124;229;252;land;false;hills;1
17189;236;127;161;land;false;forest;1
17190;231;113;196;land;false;plains;1
17191;88;248;250;land;false;plains;1
17192;90;229;218;land;false;plains;1
17193;222;122;224;land;false;forest;1
17194;201;107;226;land;true;plains;1
17195;202;174;160;land;false;forest;1
17196;4;58;53;land;false;urban;1
17197;244;142;222;land;true;forest;1
17198;213;147;209;land;true;forest;1
17199;90;230;186;land;false;forest;1
17200;248;56;225;land;false;mountain;1
17201;161;200;197;land;true;hills;1
17202;235;91;187;land;true;forest;1
17203;206;195;186;land;false;hills;1
17204;193;216;237;land;false;plains;1
17205;206;225;232;land;false;hills;1
17206;228;177;139;land;false;plains;1
17207;251;218;39;land;true;forest;1
17208;174;184;151;land;false;plains;1
17209;253;243;165;land;false;plains;1
17210;244;202;130;land;true;plains;1
17211;40;234;229;land;false;desert;1
17212;77;228;230;land;false;forest;1
17213;171;242;111;land;false;forest;1
17214;83;213;235;land;false;plains;1
17215;157;167;178;land;false;forest;1
17216;186;219;159;land;false;plains;1
17217;231;73;231;land;true;forest;1
17218;220;120;167;land;false;forest;1
17219;218;213;71;land;false;forest;1
17220;222;104;219;land;false;marsh;1
17221;94;248;170;land;false;desert;1
17222;219;248;40;land;false;forest;1
17223;186;229;121;land;false;forest;1
17224;223;130;193;land;false;forest;1
17225;237;150;148;land;false;hills;1
17226;21;239;252;land;false;plains;1
17227;222;127;156;land;false;plains;1
17228;151;240;204;land;true;mountain;1
17229;208;248;105;land;true;forest;1
17230;166;211;183;land;true;forest;1
17231;219;130;154;land;true;plains;1
17232;248;134;241;land;false;hills;1
17233;198;188;195;land;false;forest;1
17234;199;152;247;land;false;plains;1
17235;166;249;115;land;false;forest;1
17236;13;90;12;land;false;urban;1
17237;152;224;203;land;false;plains;1
17238;254;250;192;land;false;forest;1
17239;176;241;95;land;false;forest;1
17240;6;75;36;land;false;plains;1
17241;159;223;149;land;false;forest;1
17242;140;187;218;land;false;plains;1
17243;199;159;246;land;false;forest;1
17244;206;171;177;land;true;forest;1
17245;225;251;222;land;false;hills;1
17246;237;128;148;land;false;forest;1
17247;134;198;250;land;false;plains;1
17248;185;149;185;land;false;hills;1
17249;190;108;243;land;true;hills;1
17250;229;166;125;land;false;hills;1
17251;216;187;155;land;true;plains;1
17252;209;149;174;land;false;forest;1
17253;231;240;97;land;true;plains;1
17254;94;211;199;land;true;forest;1
17255;221;120;161;land;false;forest;1
17256;128;249;228;land;false;hills;1
17257;56;246;209;land;false;plains;1
17258;185;105;229;land;false;forest;1
17259;153;231;142;land;false;forest;1
17260;249;252;185;land;false;plains;1
17261;219;186;215;land;false;forest;1
17262;114;156;246;land;false;hills;1
17263;58;62;9;land;false;urban;1
17264;228;107;192;land;true;forest;1
17265;92;229;214;land;false;plains;1
17266;113;222;219;land;false;desert;1
17267;164;156;234;land;true;plains;1
17268;182;203;218;land;true;plains;1
17269;37;60;5;land;true;plains;1
17270;35;77;13;land;false;urban;1
17271;19;67;31;land;false;forest;1
17272;215;201;178;land;false;forest;1
17273;178;121;245;land;true;hills;1
17274;172;224;108;land;false;forest;1
17275;213;242;121;land;false;plains;1
17276;153;243;254;land;false;hills;1
17277;159;209;196;land;false;mountain;1
17278;144;230;239;land;false;forest;1
17279;112;208;249;land;false;forest;1
17280;137;187;216;land;false;plains;1
17281;177;239;198;land;true;mountain;1
17282;224;150;194;land;true;mountain;1
17283;179;210;124;land;false;mountain;1
17284;32;60;12;land;false;urban;1
17285;108;238;180;land;true;plains;1
17286;27;24;51;land;false;plains;1
17287;234;163;181;land;false;plains;1
17288;210;88;210;land;false;plains;1
17289;157;180;202;land;false;plains;1
17290;242;87;191;land;false;plains;1
17291;206;122;193;land;false;forest;1
17292;248;221;141;land;false;forest;1
17293;237;199;108;land;false;desert;1
17294;241;245;115;land;false;forest;1
17295;188;172;177;land;false;plains;1
17296;59;243;206;land;false;plains;1
17297;39;240;247;land;false;mountain;1
17298;207;232;180;land;false;forest;1
17299;125;254;158;land;false;forest;1
17300;242;183;153;land;false;forest;1
17301;63;202;249;land;false;forest;1
17302;127;242;163;land;false;mountain;1
17303;189;138;175;land;false;mountain;1
17304;192;212;180;land;true;hills;1
17305;211;225;214;land;false;mountain;1
17306;227;170;123;land;true;hills;1
17307;213;102;240;land;true;hills;1
17308;221;51;240;land;false;plains;1
17309;208;219;151;land;false;plains;1
17310;238;35;253;land;false;plains;1
17311;162;123;242;land;false;plains;1
17312;199;215;244;land;false;plains;1
17313;241;197;174;land;false;forest;1
17314;234;162;130;land;true;plains;1
17315;162;208;153;land;true;plains;1
17316;122;254;128;land;false;forest;1
17317;87;251;209;land;true;marsh;1
17318;167;168;204;land;false;plains;1
17319;233;123;252;land;false;plains;1
17320;250;174;222;land;false;plains;1
17321;249;152;243;land;false;plains;1
17322;245;128;229;land;false;plains;1
17323;236;235;32;land;true;forest;1
17324;175;205;190;land;false;forest;1
17325;178;199;224;land;false;hills;1
17326;184;105;222;land;false;forest;1
17327;60;3;86;land;false;urban;1
17328;24;107;15;land;true;urban;1
17329;236;247;248;land;false;plains;1
17330;175;208;220;land;false;plains;1
17331;69;21;32;land;true;urban;1
17332;106;10;11;land;false;urban;1
17333;19;2;117;land;false;plains;1
17334;62;15;59;land;false;urban;1
17335;166;228;129;land;false;forest;1
17336;201;234;118;land;false;forest;1
17337;245;254;239;land;false;mountain;1
17338;234;120;229;land;false;hills;1
17339;181;213;135;land;false;plains;1
17340;250;169;120;land;true;hills;1
17341;16;75;35;land;true;urban;1
17342;243;154;109;land;false;plains;1
17343;197;161;162;land;false;plains;1
17344;201;209;105;land;false;plains;1
17345;254;244;234;land;false;mountain;1
17346;223;252;151;land;false;hills;1
17347;16;59;38;land;false;forest;1
17348;111;248;211;land;false;plains;1
17349;203;156;202;land;false;forest;1
17350;250;145;133;land;true;forest;1
17351;235;173;191;land;true;plains;1
17352;178;229;150;land;false;marsh;1
17353;215;243;222;land;false;plains;1
17354;191;161;249;land;true;marsh;1
17355;205;235;166;land;false;hills;1
17356;246;216;58;land;false;forest;1
17357;79;9;44;land;true;urban;1
17358;244;189;171;land;false;plains;1
17359;18;53;45;land;false;forest;1
17360;14;32;102;land;false;urban;1
17361;9;118;13;land;false;urban;1
17362;61;12;41;land;false;urban;1
17363;199;95;254;land;false;plains;1
17364;227;218;132;land;true;forest;1
17365;54;28;23;land;false;urban;1
17366;232;90;227;land;true;forest;1
17367;13;82;17;land;false;urban;1
17368;146;129;245;land;false;plains;1
17369;90;19;22;land;true;urban;1
17370;199;178;220;land;false;hills;1
17371;220;164;204;land;false;forest;1
17372;151;200;227;land;false;plains;1
17373;251;254;232;land;false;forest;1
17374;225;140;249;land;false;forest;1
17375;224;239;180;land;false;hills;1
17376;206;181;172;land;true;hills;1
17377;189;94;246;land;true;plains;1
17378;0;52;78;land;false;urban;1
17379;243;138;127;land;false;mountain;1
17380;31;67;16;land;true;urban;1
17381;244;213;115;land;false;plains;1
17382;246;229;104;land;false;forest;1
17383;84;10;25;land;false;plains;1
17384;74;30;42;land;false;urban;1
17385;238;225;250;land;false;plains;1
17386;181;218;194;land;false;forest;1
17387;206;171;166;land;false;forest;1
17388;90;4;31;land;true;urban;1
17389;159;133;219;land;true;forest;1
17390;12;69;42;land;true;urban;1
17391;209;175;120;land;false;forest;1
17392;224;214;148;land;false;plains;1
17393;101;16;1;land;false;mountain;1
17394;121;191;248;land;false;mountain;1
17395;170;149;182;land;false;plains;1
17396;156;216;232;land;false;plains;1
17397;222;184;158;land;false;plains;1
17398;169;167;197;land;false;forest;1
17399;159;203;242;land;false;plains;1
17400;251;7;254;land;false;forest;1
17401;213;233;170;land;false;forest;1
17402;225;73;251;land;false;plains;1
17403;203;197;155;land;false;forest;1
17404;200;232;146;land;false;plains;1
17405;224;204;203;land;false;plains;1
17406;120;203;193;land;false;forest;1
17407;20;72;52;land;true;forest;1
17408;252;236;155;land;false;marsh;1
17409;199;163;155;land;false;forest;1
17410;52;38;16;land;false;plains;1
17411;151;227;166;land;false;plains;1
17412;170;199;181;land;false;forest;1
17413;87;184;242;land;false;plains;1
17414;169;222;142;land;true;hills;1
17415;0;81;67;land;true;urban;1
17416;243;213;232;land;false;hills;1
17417;173;175;218;land;false;plains;1
17418;179;184;202;land;false;plains;1
17419;198;213;213;land;false;plains;1
17420;172;204;171;land;true;plains;1
17421;40;2;82;land;false;urban;1
17422;243;118;246;land;false;plains;1
17423;247;139;166;land;false;plains;1
17424;89;243;236;land;true;plains;1
17425;144;157;224;land;true;marsh;1
17426;235;139;239;land;false;plains;1
17427;245;36;241;land;false;forest;1
17428;225;88;201;land;false;forest;1
17429;173;207;238;land;false;forest;1
17430;65;245;197;land;false;mountain;1
17431;128;212;213;land;false;plains;1
17432;159;220;149;land;false;forest;1
17433;178;146;217;land;true;plains;1
17434;163;230;253;land;false;mountain;1
17435;204;133;216;land;false;forest;1
17436;188;192;203;land;false;hills;1
17437;142;163;218;land;false;desert;1
17438;83;235;248;land;false;forest;1
17439;215;59;238;land;false;plains;1
17440;22;20;80;land;false;urban;1
17441;33;10;81;land;false;urban;1
17442;79;56;7;land;false;urban;1
17443;183;100;231;land;true;forest;1
17444;240;126;158;land;true;forest;1
17445;203;223;184;land;false;forest;1
17446;244;234;237;land;true;plains;1
17447;190;200;181;land;false;plains;1
17448;253;166;232;land;false;plains;1
17449;251;146;218;land;false;plains;1
17450;204;249;129;land;false;forest;1
17451;58;32;16;land;true;urban;1
17452;112;238;214;land;false;marsh;1
17453;63;25;60;land;false;urban;1
17454;95;200;224;land;false;forest;1
17455;220;219;74;land;false;forest;1
17456;175;208;222;land;true;forest;1
17457;234;205;88;land;false;hills;1
17458;153;207;160;land;false;mountain;1
17459;245;123;164;land;false;hills;1
17460;237;237;204;land;true;mountain;1
17461;156;249;209;land;false;plains;1
17462;241;111;193;land;false;desert;1
17463;248;37;228;land;true;plains;1
17464;180;193;176;land;false;forest;1
17465;122;237;243;land;false;forest;1
17466;244;207;114;land;false;plains;1
17467;166;202;180;land;false;plains;1
17468;163;156;219;land;false;plains;1
17469;120;220;236;land;false;plains;1
17470;168;234;220;land;true;forest;1
17471;234;224;135;land;true;forest;1
17472;220;200;198;land;false;forest;1
17473;18;44;70;land;false;plains;1
17474;36;17;88;land;false;urban;1
17475;252;36;240;land;false;plains;1
17476;210;162;132;land;false;forest;1
17477;208;237;164;land;false;mountain;1
17478;247;145;217;land;false;hills;1
17479;243;218;146;land;false;marsh;1
17480;248;233;98;land;false;plains;1
17481;24;2;105;land;false;urban;1
17482;248;158;98;land;false;jungle;1
17483;223;236;147;land;false;hills;1
17484;238;224;43;land;false;plains;1
17485;198;245;139;land;false;plains;1
17486;2;107;37;land;false;urban;1
17487;164;230;198;land;false;plains;1
17488;228;131;219;land;false;plains;1
17489;246;177;156;land;true;plains;1
17490;230;251;225;land;false;plains;1
17491;159;231;176;land;false;plains;1
17492;46;77;9;land;false;urban;1
17493;252;159;190;land;false;plains;1
17494;251;192;159;land;false;plains;1
17495;5;75;63;land;true;urban;1
17496;151;236;225;land;false;forest;1
17497;12;115;16;land;true;urban;1
17498;223;190;187;land;false;hills;1
17499;237;253;41;land;false;mountain;1
17500;162;173;219;land;false;forest;1
17501;227;197;160;land;false;plains;1
17502;180;214;246;land;false;forest;1
17503;154;190;243;land;true;mountain;1
17504;236;143;126;land;false;hills;1
17505;126;248;175;land;false;plains;1
17506;241;230;113;land;false;forest;1
17507;193;218;164;land;true;forest;1
17508;249;104;182;land;false;forest;1
17509;228;116;192;land;false;plains;1
17510;36;99;11;land;false;urban;1
17511;205;208;110;land;true;mountain;1
17512;249;210;225;land;false;plains;1
17513;240;170;157;land;false;desert;1
17514;236;224;51;land;false;plains;1
17515;224;177;164;land;false;forest;1
17516;121;0;10;land;false;urban;1
17517;241;106;247;land;true;hills;1
17518;209;152;205;land;false;plains;1
17519;166;199;171;land;false;plains;1
17520;77;12;58;land;true;urban;1
17521;237;241;176;land;false;plains;1
17522;241;212;249;land;false;plains;1
17523;178;183;235;land;false;forest;1
17524;134;237;183;land;true;hills;1
17525;72;24;22;land;true;urban;1
17526;197;215;238;land;false;plains;1
17527;155;220;225;land;false;hills;1
17528;252;128;126;land;false;plains;1
17529;193;120;198;land;false;mountain;1
17530;208;245;182;land;false;plains;1
17531;203;234;235;land;false;plains;1
17532;224;253;56;land;false;hills;1
17533;224;199;84;land;true;plains;1
17534;243;123;222;land;false;forest;1
17535;15;59;66;land;false;plains;1
17536;86;7;11;land;false;forest;1
17537;71;66;3;land;false;urban;1
17538;149;181;181;land;false;forest;1
17539;234;225;99;land;false;forest;1
17540;248;146;112;land;true;forest;1
17541;179;223;251;land;false;forest;1
17542;248;148;171;land;true;forest;1
17543;252;171;147;land;false;forest;1
17544;215;195;191;land;true;mountain;1
17545;238;185;112;land;false;forest;1
17546;239;241;198;land;true;forest;1
17547;225;226;76;land;false;forest;1
17548;251;31;239;land;false;forest;1
17549;227;111;185;land;false;mountain;1
17550;124;241;148;land;false;plains;1
17551;217;145;226;land;false;forest;1
17552;224;91;251;land;false;plains;1
17553;228;241;139;land;false;mountain;1
17554;156;244;128;land;true;plains;1
17555;104;203;196;land;false;forest;1
17556;194;230;113;land;false;forest;1
17557;217;229;83;land;false;plains;1
17558;140;177;193;land;false;plains;1
17559;30;71;33;land;true;urban;1
17560;182;71;250;land;true;forest;1
17561;88;23;28;land;true;urban;1
17562;143;225;161;land;false;mountain;1
17563;183;184;196;land;false;plains;1
17564;32;3;89;land;false;urban;1
17565;197;226;189;land;false;forest;1
17566;114;251;137;land;false;mountain;1
17567;240;198;243;land;false;mountain;1
17568;232;244;92;land;false;mountain;1
17569;143;146;240;land;false;hills;1
17570;249;228;101;land;false;hills;1
17571;140;232;231;land;true;hills;1
17572;77;200;249;land;true;hills;1
17573;237;171;98;land;false;plains;1
17574;192;230;203;land;false;hills;1
17575;149;187;198;land;false;hills;1
17576;124;166;227;land;false;plains;1
17577;219;134;196;land;false;forest;1
17578;211;175;228;land;false;plains;1
17579;37;30;68;land;true;urban;1
17580;211;154;188;land;true;marsh;1
17581;238;209;77;land;false;forest;1
17582;205;187;160;land;false;forest;1
17583;206;210;155;land;false;forest;1
17584;213;253;211;land;false;mountain;1
17585;243;182;107;land;true;forest;1
17586;252;132;153;land;false;plains;1
17587;167;104;251;land;false;mountain;1
17588;172;108;250;land;true;mountain;1
17589;170;120;219;land;true;plains;1
17590;167;192;215;land;false;plains;1
17591;233;219;244;land;true;forest;1
17592;231;203;72;land;false;forest;1
17593;222;169;132;land;true;plains;1
17594;223;243;94;land;false;forest;1
17595;92;7;31;land;false;urban;1
17596;248;221;70;land;false;hills;1
17597;246;138;137;land;false;mountain;1
17598;168;186;184;land;false;forest;1
17599;237;193;220;land;false;marsh;1
17600;64;52;10;land;false;urban;1
17601;241;104;198;land;false;forest;1
17602;211;227;238;land;true;forest;1
17603;189;171;229;land;true;forest;1
17604;229;233;111;land;false;plains;1
17605;161;218;222;land;false;plains;1
17606;225;210;136;land;false;forest;1
17607;229;184;183;land;false;plains;1
17608;0;107;33;land;false;urban;1
17609;163;218;157;land;true;forest;1
17610;203;183;218;land;false;plains;1
17611;238;111;227;land;false;mountain;1
17612;200;227;222;land;false;forest;1
17613;251;201;163;land;false;forest;1
17614;245;31;243;land;false;plains;1
17615;200;231;98;land;false;forest;1
17616;240;195;219;land;true;forest;1
17617;187;134;193;land;true;mountain;1
17618;254;157;208;land;true;mountain;1
17619;49;251;251;land;false;plains;1
17620;175;211;199;land;false;forest;1
17621;188;216;169;land;false;forest;1
17622;146;235;165;land;false;plains;1
17623;106;223;188;land;false;plains;1
17624;235;160;115;land;false;hills;1
17625;184;238;104;land;false;forest;1
17626;187;237;229;land;false;mountain;1
17627;251;135;242;land;false;forest;1
17628;179;169;191;land;true;forest;1
17629;228;243;94;land;false;plains;1
17630;247;212;127;land;false;desert;1
17631;205;104;233;land;false;hills;1
17632;194;247;86;land;false;hills;1
17633;230;153;226;land;false;hills;1
17634;239;73;227;land;false;plains;1
17635;82;1;34;land;false;urban;1
17636;211;176;190;land;false;plains;1
17637;58;43;40;land;false;urban;1
17638;228;226;245;land;true;plains;1
17639;171;210;129;land;true;forest;1
17640;200;180;212;land;true;forest;1
17641;147;220;210;land;false;forest;1
17642;104;199;239;land;false;forest;1
17643;175;145;236;land;false;plains;1
17644;157;237;109;land;false;plains;1
17645;80;53;10;land;false;mountain;1
17646;18;109;3;land;false;plains;1
17647;138;200;244;land;false;plains;1
17648;234;223;229;land;false;forest;1
17649;254;160;222;land;false;hills;1
17650;192;194;213;land;false;hills;1
17651;203;138;185;land;false;forest;1
17652;26;38;84;land;false;urban;1
17653;156;165;233;land;false;plains;1
17654;250;128;163;land;false;mountain;1
17655;58;50;32;land;false;urban;1
17656;181;97;228;land;false;plains;1
17657;156;174;174;land;false;plains;1
17658;201;89;243;land;true;forest;1
17659;161;203;148;land;true;forest;1
17660;90;218;219;land;false;plains;1
17661;128;234;247;land;true;desert;1
17662;196;234;197;land;false;plains;1
17663;221;158;126;land;false;plains;1
17664;179;202;201;land;false;hills;1
17665;202;178;212;land;false;mountain;1
17666;223;248;244;land;false;hills;1
17667;211;190;229;land;false;forest;1
17668;248;219;209;land;false;mountain;1
17669;194;186;233;land;true;plains;1
17670;210;211;129;land;true;forest;1
17671;184;218;245;land;true;forest;1
17672;55;201;248;land;true;marsh;1
17673;171;183;216;land;false;plains;1
17674;149;224;154;land;false;plains;1
17675;200;156;177;land;true;desert;1
17676;199;208;150;land;true;mountain;1
17677;241;134;226;land;false;plains;1
17678;164;182;172;land;false;plains;1
17679;136;237;190;land;false;forest;1
17680;4;53;59;land;false;urban;1
17681;16;52;58;land;false;forest;1
17682;232;245;99;land;false;forest;1
17683;223;113;176;land;true;plains;1
17684;187;206;243;land;false;plains;1
17685;246;147;243;land;false;plains;1
17686;204;219;121;land;false;plains;1
17687;247;194;247;land;false;forest;1
17688;221;189;112;land;false;forest;1
17689;213;201;118;land;false;plains;1
17690;144;204;234;land;false;mountain;1
17691;151;173;178;land;false;hills;1
17692;80;222;249;land;true;mountain;1
17693;118;190;233;land;true;hills;1
17694;250;195;249;land;false;plains;1
17695;208;248;107;land;false;plains;1
17696;244;198;201;land;true;plains;1
17697;251;70;205;land;false;forest;1
17698;151;134;230;land;true;plains;1
17699;215;177;211;land;false;plains;1
17700;217;201;206;land;false;plains;1
17701;216;87;242;land;true;forest;1
17702;24;60;42;land;false;plains;1
17703;113;231;247;land;false;forest;1
17704;208;239;166;land;false;plains;1
17705;135;236;162;land;false;forest;1
17706;95;224;206;land;false;forest;1
17707;234;179;254;land;false;mountain;1
17708;201;199;225;land;false;hills;1
17709;173;219;141;land;true;plains;1
17710;217;127;169;land;false;forest;1
17711;198;54;250;land;false;forest;1
17712;238;206;210;land;false;mountain;1
17713;242;139;188;land;false;plains;1
17714;252;215;91;land;true;hills;1
17715;139;238;171;land;false;plains;1
17716;252;180;106;land;false;forest;1
17717;157;244;226;land;false;forest;1
17718;185;131;187;land;false;forest;1
17719;237;191;110;land;false;plains;1
17720;83;10;9;land;true;urban;1
17721;78;235;206;land;true;plains;1
17722;201;136;216;land;true;plains;1
17723;198;222;96;land;false;plains;1
17724;162;108;246;land;true;plains;1
17725;208;217;217;land;false;plains;1
17726;246;144;237;land;false;forest;1
17727;247;249;196;land;false;forest;1
17728;164;162;216;land;false;mountain;1
17729;230;195;135;land;false;plains;1
17730;242;140;148;land;true;forest;1
17731;246;131;199;land;true;hills;1
17732;170;204;156;land;false;desert;1
17733;240;186;185;land;false;desert;1
17734;243;167;144;land;false;mountain;1
17735;240;155;178;land;false;plains;1
17736;38;126;77;land;false;hills;1
17737;39;227;248;land;false;plains;1
17738;172;209;225;land;false;plains;1
17739;240;233;229;land;false;plains;1
17740;45;41;35;land;true;urban;1
17741;241;179;211;land;true;forest;1
17742;251;202;164;land;false;forest;1
17743;51;244;223;land;true;forest;1
17744;251;189;163;land;false;plains;1
17745;240;63;214;land;false;forest;1
17746;238;97;221;land;false;forest;1
17747;194;125;234;land;true;hills;1
17748;196;239;177;land;true;plains;1
17749;188;129;205;land;false;mountain;1
17750;135;251;203;land;false;plains;1
17751;225;125;174;land;false;forest;1
17752;48;7;73;land;false;urban;1
17753;227;168;127;land;false;plains;1
17754;163;242;198;land;false;desert;1
17755;28;72;14;land;false;urban;1
17756;52;32;60;land;false;urban;1
17757;161;115;226;land;true;plains;1
17758;236;223;220;land;true;forest;1
17759;202;158;192;land;false;forest;1
17760;222;250;216;land;false;forest;1
17761;19;241;247;land;true;hills;1
17762;243;243;131;land;false;hills;1
17763;215;146;165;land;false;plains;1
17764;208;210;95;land;false;plains;1
17765;194;117;192;land;false;mountain;1
17766;228;252;88;land;false;mountain;1
17767;185;192;201;land;false;forest;1
17768;68;44;34;land;false;urban;1
17769;120;225;229;land;false;plains;1
17770;186;253;253;land;true;plains;1
17771;163;241;221;land;false;plains;1
17772;247;133;150;land;false;plains;1
17773;169;229;185;land;false;hills;1
17774;18;45;81;land;false;urban;1
17775;72;58;18;land;false;forest;1
17776;254;195;113;land;false;forest;1
17777;219;97;192;land;false;mountain;1
17778;100;230;174;land;true;forest;1
17779;196;142;180;land;false;plains;1
17780;213;243;176;land;false;plains;1
17781;243;119;178;land;false;mountain;1
17782;235;141;167;land;false;desert;1
17783;245;233;247;land;false;forest;1
17784;243;234;135;land;false;marsh;1
17785;234;40;253;land;false;hills;1
17786;231;169;178;land;false;plains;1
17787;213;229;215;land;true;hills;1
17788;173;184;146;land;true;plains;1
17789;48;13;76;land;false;urban;1
17790;45;81;18;land;true;forest;1
17791;57;41;46;land;false;urban;1
17792;23;86;1;land;true;urban;1
17793;31;70;47;land;false;plains;1
17794;160;146;208;land;false;plains;1
17795;224;175;228;land;false;forest;1
17796;124;217;167;land;false;desert;1
17797;181;158;183;land;false;forest;1
17798;140;165;216;land;false;plains;1
17799;187;113;208;land;true;forest;1
17800;202;142;232;land;false;mountain;1
17801;244;170;230;land;true;plains;1
17802;137;202;206;land;false;plains;1
17803;62;30;43;land;false;urban;1
17804;129;245;166;land;true;urban;1
17805;253;80;174;land;true;forest;1
17806;168;165;251;land;true;marsh;1
17807;178;215;210;land;false;plains;1
17808;244;59;210;land;true;marsh;1
17809;234;150;185;land;true;plains;1
17810;103;203;241;land;true;marsh;1
17811;82;38;28;land;true;urban;1
17812;201;250;197;land;false;forest;1
17813;15;37;74;land;false;plains;1
17814;157;226;188;land;false;forest;1
17815;132;251;152;land;false;plains;1
17816;241;239;24;land;false;forest;1
17817;106;235;199;land;false;forest;1
17818;109;6;19;land;false;urban;1
17819;118;250;208;land;false;forest;1
17820;158;158;158;land;false;desert;1
17821;234;119;222;land;false;forest;1
17822;42;247;222;land;false;plains;1
17823;234;185;91;land;true;plains;1
17824;104;248;242;land;true;plains;1
17825;249;133;194;land;true;forest;1
17826;69;24;48;land;true;urban;1
17827;242;236;165;land;true;forest;1
17828;191;211;200;land;true;forest;1
17829;209;142;182;land;false;forest;1
17830;28;50;26;land;true;urban;1
17831;237;156;120;land;false;forest;1
17832;250;96;218;land;false;plains;1
17833;206;232;155;land;false;forest;1
17834;242;84;188;land;false;forest;1
17835;22;30;61;land;true;urban;1
17836;221;224;74;land;false;mountain;1
17837;208;233;92;land;true;forest;1
17838;185;205;141;land;false;forest;1
17839;182;222;208;land;false;plains;1
17840;207;229;162;land;false;mountain;1
17841;8;21;104;land;true;forest;1
17842;239;246;72;land;false;forest;1
17843;249;169;97;land;true;forest;1
17844;248;162;218;land;false;forest;1
17845;166;246;243;land;false;plains;1
17846;38;229;250;land;false;forest;1
17847;229;222;119;land;false;mountain;1
17848;217;71;243;land;true;plains;1
17849;198;168;135;land;false;hills;1
17850;163;178;213;land;true;plains;1
17851;83;225;245;land;true;plains;1
17852;160;228;187;land;true;plains;1
17853;120;247;232;land;true;plains;1
17854;125;182;219;land;false;marsh;1
17855;152;177;204;land;false;forest;1
17856;223;156;233;land;false;plains;1
17857;84;247;247;land;true;forest;1
17858;213;111;204;land;false;forest;1
17859;235;245;127;land;false;mountain;1
17860;98;1;36;land;false;urban;1
17861;200;149;240;land;true;forest;1
17862;205;139;218;land;true;hills;1
17863;211;218;94;land;true;plains;1
17864;170;200;218;land;false;plains;1
17865;166;248;164;land;true;plains;1
17866;254;188;190;land;true;plains;1
17867;249;232;181;land;true;plains;1
17868;172;235;212;land;false;plains;1
17869;238;100;167;land;true;plains;1
17870;106;244;186;land;true;forest;1
17871;218;91;217;land;false;forest;1
17872;147;199;211;land;false;forest;1
17873;121;194;254;land;false;hills;1
17874;220;145;165;land;true;hills;1
17875;186;202;153;land;true;forest;1
17876;200;130;203;land;false;plains;1
17877;246;174;191;land;true;hills;1
17878;161;193;166;land;false;desert;1
17879;154;113;251;land;true;hills;1
17880;79;34;15;land;false;urban;1
17881;237;201;240;land;false;marsh;1
17882;217;90;251;land;true;plains;1
17883;251;134;199;land;true;plains;1
17884;61;247;232;land;false;forest;1
17885;228;132;162;land;false;forest;1
17886;228;236;200;land;false;forest;1
17887;246;65;206;land;true;hills;1
17888;156;196;175;land;false;mountain;1
17889;251;136;152;land;false;plains;1
17890;238;177;157;land;true;plains;1
17891;156;154;192;land;false;mountain;1
17892;231;184;179;land;false;mountain;1
17893;20;86;43;land;false;urban;1
17894;36;88;17;land;true;urban;1
17895;186;123;227;land;false;plains;1
17896;232;193;115;land;false;plains;1
17897;253;222;206;land;false;forest;1
17898;188;100;227;land;false;plains;1
17899;164;248;115;land;false;forest;1
17900;209;195;125;land;false;mountain;1
17901;217;162;156;land;false;forest;1
17902;192;110;220;land;true;forest;1
17903;188;245;150;land;false;plains;1
17904;250;173;172;land;false;forest;1
17905;11;116;21;land;false;hills;1
17906;211;210;179;land;true;forest;1
17907;208;173;225;land;true;mountain;1
17908;222;194;136;land;false;plains;1
17909;0;72;77;land;true;urban;1
17910;215;220;170;land;false;urban;1
17911;20;18;105;land;true;plains;1
17912;200;247;193;land;true;forest;1
17913;234;209;116;land;false;forest;1
17914;175;167;222;land;false;forest;1
17915;219;40;242;land;true;plains;1
17916;212;192;214;land;false;forest;1
17917;205;222;116;land;false;plains;1
17918;203;142;191;land;false;forest;1
17919;152;169;247;land;false;mountain;1
17920;196;211;196;land;false;desert;1
17921;33;87;29;land;true;urban;1
17922;253;157;127;land;true;plains;1
17923;145;194;232;land;true;plains;1
17924;200;154;219;land;true;forest;1
17925;232;207;75;land;true;plains;1
17926;231;94;236;land;false;plains;1
17927;192;157;188;land;false;forest;1
17928;24;43;80;land;true;urban;1
17929;0;60;52;land;false;plains;1
17930;225;182;247;land;false;forest;1
17931;14;18;84;land;false;urban;1
17932;64;252;254;land;false;forest;1
17933;211;167;230;land;false;plains;1
17934;198;202;171;land;true;plains;1
17935;22;66;60;land;true;urban;1
17936;214;222;115;land;true;plains;1
17937;175;239;134;land;true;marsh;1
17938;230;215;195;land;false;marsh;1
17939;145;192;170;land;true;forest;1
17940;252;200;67;land;true;forest;1
17941;249;160;200;land;false;plains;1
17942;244;94;214;land;false;mountain;1
17943;217;224;106;land;false;forest;1
17944;243;37;248;land;false;forest;1
17945;242;135;160;land;false;forest;1
17946;16;84;43;land;false;forest;1
17947;125;0;10;land;false;plains;1
17948;186;228;117;land;true;plains;1
17949;224;253;43;land;true;forest;1
17950;131;245;185;land;true;forest;1
17951;41;10;51;land;true;urban;1
17952;156;186;185;land;true;hills;1
17953;161;236;152;land;false;mountain;1
17954;181;252;86;land;false;forest;1
17955;72;223;247;land;false;forest;1
17956;94;235;207;land;false;desert;1
17957;106;192;232;land;true;plains;1
17958;163;190;217;land;true;plains;1
17959;15;81;20;land;false;desert;1
17960;54;77;3;land;true;urban;1
17961;174;179;185;land;true;forest;1
17962;162;252;222;land;true;marsh;1
17963;163;102;241;land;true;plains;1
17964;251;253;27;land;true;plains;1
17965;253;126;134;land;false;plains;1
17966;178;182;145;land;false;forest;1
17967;246;77;246;land;true;plains;1
17968;164;234;251;land;false;plains;1
17969;216;159;229;land;false;plains;1
17970;218;226;106;land;false;plains;1
17971;232;66;224;land;false;forest;1
17972;191;158;161;land;false;forest;1
17973;234;230;162;land;false;plains;1
17974;212;213;98;land;true;plains;1
17975;251;125;162;land;false;desert;1
17976;164;99;252;land;true;mountain;1
17977;197;177;242;land;false;forest;1
17978;139;252;134;land;false;desert;1
17979;245;117;205;land;true;plains;1
17980;135;183;251;land;true;marsh;1
17981;206;220;141;land;false;forest;1
17982;251;175;184;land;false;plains;1
17983;6;52;43;land;false;urban;1
17984;176;233;163;land;false;desert;1
17985;160;137;208;land;false;plains;1
17986;2;39;103;land;true;mountain;1
17987;108;240;251;land;false;mountain;1
17988;249;198;75;land;false;mountain;1
17989;233;248;33;land;false;mountain;1
17990;209;231;239;land;false;mountain;1
17991;91;220;194;land;false;hills;1
17992;136;204;182;land;false;hills;1
17993;246;219;110;land;false;plains;1
17994;225;79;229;land;false;plains;1
17995;159;179;173;land;false;hills;1
17996;137;220;249;land;false;plains;1
17997;252;249;88;land;true;plains;1
17998;191;152;204;land;false;plains;1
17999;173;228;180;land;false;forest;1
18000;185;249;203;land;true;forest;1
18001;64;254;185;land;false;plains;1
18002;239;105;242;land;false;plains;1
18003;186;181;149;land;false;hills;1
18004;235;222;119;land;false;mountain;1
18005;252;238;131;land;true;plains;1
18006;205;104;237;land;true;plains;1
18007;227;165;237;land;true;plains;1
18008;123;215;199;land;true;forest;1
18009;213;239;162;land;false;forest;1
18010;231;253;183;land;false;plains;1
18011;215;208;201;land;false;plains;1
18012;215;178;141;land;false;forest;1
18013;254;180;188;land;false;hills;1
18014;243;243;52;land;false;forest;1
18015;233;182;204;land;false;forest;1
18016;248;199;82;land;true;mountain;1
18017;241;229;195;land;false;plains;1
18018;81;214;240;land;false;forest;1
18019;147;198;168;land;false;forest;1
18020;161;254;186;land;true;forest;1
18021;220;164;193;land;true;plains;1
18022;46;46;42;land;false;urban;1
18023;223;67;224;land;false;forest;1
18024;74;16;40;land;true;urban;1
18025;37;20;81;land;true;urban;1
18026;239;172;114;land;false;plains;1
18027;249;129;250;land;false;desert;1
18028;187;153;210;land;true;mountain;1
18029;224;204;75;land;false;mountain;1
18030;150;126;250;land;true;plains;1
18031;182;169;169;land;true;plains;1
18032;209;224;149;land;true;plains;1
18033;247;90;196;land;false;forest;1
18034;186;153;169;land;true;forest;1
18035;177;86;238;land;false;forest;1
18036;213;233;134;land;false;plains;1
18037;236;95;188;land;false;forest;1
18038;155;213;233;land;true;hills;1
18039;152;183;228;land;true;mountain;1
18040;38;19;74;lake;false;lakes;0
18041;239;120;156;land;false;hills;1
18042;186;201;198;land;true;mountain;1
18043;221;227;121;land;true;forest;1
18044;237;227;145;land;true;forest;1
18045;101;190;219;land;true;forest;1
18046;189;206;134;land;false;forest;1
18047;213;179;191;land;false;plains;1
18048;205;220;188;land;false;forest;1
18049;201;85;217;land;false;forest;1
18050;241;158;242;land;false;forest;1
18051;94;228;211;land;false;plains;1
18052;125;7;2;land;true;urban;1
18053;233;66;203;land;false;forest;1
18054;149;209;160;land;true;forest;1
18055;152;252;251;land;false;mountain;1
18056;196;249;252;land;false;forest;1
18057;216;58;248;land;false;mountain;1
18058;209;214;106;land;false;plains;1
18059;238;207;85;land;false;mountain;1
18060;120;235;158;land;false;mountain;1
18061;169;214;165;land;false;plains;1
18062;6;115;20;land;true;urban;1
18063;254;223;216;land;true;plains;1
18064;202;150;244;land;false;plains;1
18065;195;228;188;land;false;forest;1
18066;35;57;33;land;true;urban;1
18067;248;228;181;land;false;plains;1
18068;80;37;22;land;true;urban;1
18069;159;159;249;land;false;mountain;1
18070;241;107;192;land;false;plains;1
18071;144;171;193;land;false;plains;1
18072;211;116;247;land;false;forest;1
18073;227;201;147;land;false;forest;1
18074;58;219;234;land;false;plains;1
18075;253;171;91;land;true;plains;1
18076;167;240;138;land;false;forest;1
18077;170;226;138;land;false;hills;1
18078;26;230;248;land;false;forest;1
18079;254;199;131;land;false;plains;1
18080;223;192;203;land;false;plains;1
18081;53;76;13;land;true;urban;1
18082;205;185;137;land;false;forest;1
18083;244;137;218;land;false;forest;1
18084;202;234;209;land;false;forest;1
18085;175;242;96;land;true;forest;1
18086;152;218;175;land;false;mountain;1
18087;254;125;128;land;false;hills;1
18088;177;124;211;land;false;hills;1
18089;199;183;213;land;false;hills;1
18090;143;182;220;land;false;mountain;1
18091;100;254;155;land;true;mountain;1
18092;190;186;252;land;false;hills;1
18093;212;202;160;land;false;forest;1
18094;245;162;97;land;false;hills;1
18095;179;143;241;land;false;mountain;1
18096;239;90;235;land;true;urban;1
18097;230;160;175;land;false;forest;1
18098;105;246;224;land;false;marsh;1
18099;227;145;253;land;true;forest;1
18100;234;227;80;land;false;forest;1
18101;52;228;233;land;false;forest;1
18102;168;209;178;land;false;plains;1
18103;248;186;206;land;true;plains;1
18104;229;239;53;land;false;plains;1
18105;198;243;241;land;false;hills;1
18106;207;115;196;land;false;plains;1
18107;57;210;242;land;false;plains;1
18108;237;110;169;land;false;forest;1
18109;244;201;146;land;false;forest;1
18110;237;138;246;land;false;plains;1
18111;163;119;250;land;false;mountain;1
18112;229;226;95;land;false;desert;1
18113;242;42;252;land;true;forest;1
18114;198;218;205;land;true;plains;1
18115;157;192;176;land;true;hills;1
18116;180;213;185;land;true;mountain;1
18117;197;248;222;land;false;desert;1
18118;20;43;83;land;true;urban;1
18119;205;236;194;land;true;plains;1
18120;249;137;122;land;true;forest;1
18121;165;167;223;land;false;forest;1
18122;249;184;111;land;false;forest;1
18123;160;125;252;land;false;plains;1
18124;193;225;243;land;false;forest;1
18125;42;217;250;land;false;plains;1
18126;234;60;209;land;true;mountain;1
18127;240;194;251;land;true;hills;1
18128;187;154;198;land;true;plains;1
18129;209;131;235;land;false;plains;1
18130;254;119;171;land;true;forest;1
18131;205;195;117;land;true;urban;1
18132;215;251;42;land;true;forest;1
18133;176;134;228;land;true;plains;1
18134;218;189;153;land;true;plains;1
18135;241;228;56;land;false;forest;1
18136;187;141;231;land;false;forest;1
18137;234;230;210;land;true;forest;1
18138;244;225;175;land;false;plains;1
18139;214;139;246;land;false;plains;1
18140;158;153;194;land;false;mountain;1
18141;225;208;116;land;true;mountain;1
18142;243;203;109;land;true;marsh;1
18143;250;146;136;land;false;forest;1
18144;240;196;128;land;false;forest;1
18145;246;214;221;land;false;forest;1
18146;213;139;170;land;true;hills;1
18147;249;159;122;land;false;marsh;1
18148;222;234;197;land;false;plains;1
18149;75;12;45;land;true;urban;1
18150;151;173;195;land;false;plains;1
18151;177;239;200;land;false;marsh;1
18152;217;186;118;land;false;plains;1
18153;203;92;244;land;true;plains;1
18154;192;219;202;land;false;plains;1
18155;232;57;237;land;false;plains;1
18156;254;173;213;land;false;forest;1
18157;221;207;87;land;false;forest;1
18158;44;75;8;land;false;urban;1
18159;201;158;243;land;true;forest;1
18160;216;197;186;land;true;plains;1
18161;250;45;250;land;true;forest;1
18162;220;42;249;land;false;hills;1
18163;215;159;208;land;false;plains;1
18164;116;254;235;land;false;forest;1
18165;225;249;85;land;false;plains;1
18166;246;203;194;land;false;forest;1
18167;243;197;143;land;false;forest;1
18168;43;3;58;land;false;urban;1
18169;202;191;162;land;false;forest;1
18170;85;27;31;land;false;urban;1
18171;234;41;244;land;true;hills;1
18172;216;218;224;land;true;plains;1
18173;217;157;187;land;true;plains;1
18174;72;253;209;land;false;plains;1
18175;195;112;202;land;false;plains;1
18176;254;176;81;land;true;marsh;1
18177;244;253;150;land;false;marsh;1
18178;242;246;181;land;true;forest;1
18179;159;190;192;land;false;mountain;1
18180;208;244;144;land;false;forest;1
18181;145;194;219;land;false;mountain;1
18182;188;171;241;land;false;mountain;1
18183;206;214;138;land;true;plains;1
18184;118;215;171;land;true;plains;1
18185;214;180;156;land;false;forest;1
18186;187;180;201;land;false;forest;1
18187;232;238;237;land;false;forest;1
18188;178;128;226;land;true;forest;1
18189;178;149;242;land;false;plains;1
18190;166;243;254;land;false;desert;1
18191;199;88;224;land;true;forest;1
18192;53;38;42;land;false;urban;1
18193;224;234;89;land;false;plains;1
18194;14;243;251;land;false;forest;1
18195;27;239;243;land;false;forest;1
18196;229;41;231;land;false;forest;1
18197;227;86;197;land;true;plains;1
18198;117;197;218;land;false;forest;1
18199;172;202;150;land;false;forest;1
18200;239;72;252;land;false;forest;1
18201;227;190;154;land;true;marsh;1
18202;144;190;254;land;true;forest;1
18203;194;184;199;land;false;desert;1
18204;141;178;248;land;false;mountain;1
18205;235;152;189;land;false;forest;1
18206;104;5;8;land;false;plains;1
18207;181;242;141;land;false;mountain;1
18208;231;107;210;land;true;plains;1
18209;193;234;176;land;true;plains;1
18210;209;198;136;land;false;forest;1
18211;217;246;174;land;false;forest;1
18212;191;233;123;land;false;forest;1
18213;158;130;240;land;false;forest;1
18214;229;238;193;land;false;mountain;1
18215;199;101;240;land;false;forest;1
18216;190;172;220;land;false;plains;1
18217;77;198;240;land;true;mountain;1
18218;239;160;109;land;false;forest;1
18219;143;252;142;land;true;plains;1
18220;182;169;150;land;false;forest;1
18221;145;202;220;land;false;forest;1
18222;248;134;235;land;false;forest;1
18223;251;110;223;land;false;plains;1
18224;111;206;197;land;false;mountain;1
18225;194;237;129;land;false;hills;1
18226;68;47;32;land;true;urban;1
18227;41;248;218;land;false;marsh;1
18228;138;207;165;land;true;plains;1
18229;173;162;169;land;false;forest;1
18230;243;172;144;land;true;plains;1
18231;254;218;93;land;false;forest;1
18232;192;196;227;land;false;forest;1
18233;121;204;209;land;true;marsh;1
18234;250;223;93;land;false;forest;1
18235;246;253;126;land;false;plains;1
18236;253;189;132;land;false;forest;1
18237;213;133;176;land;false;marsh;1
18238;116;180;236;land;false;forest;1
18239;173;94;244;land;true;forest;1
18240;207;214;88;land;false;hills;1
18241;125;219;217;land;true;forest;1
18242;183;116;228;land;false;forest;1
18243;177;244;160;land;false;plains;1
18244;149;203;180;land;false;plains;1
18245;206;71;226;land;false;mountain;1
18246;219;217;155;land;false;plains;1
18247;212;81;225;land;false;plains;1
18248;251;186;82;land;false;forest;1
18249;225;79;226;land;false;plains;1
18250;27;87;28;land;false;urban;1
18251;214;229;115;land;false;forest;1
18252;195;147;234;land;false;hills;1
18253;142;155;219;land;false;plains;1
18254;236;153;177;land;false;plains;1
18255;193;130;230;land;true;plains;1
18256;242;154;174;land;false;forest;1
18257;198;223;151;land;true;hills;1
18258;202;214;185;land;true;hills;1
18259;147;202;225;land;true;plains;1
18260;232;180;134;land;true;plains;1
18261;157;215;254;land;false;forest;1
18262;248;188;68;land;true;hills;1
18263;174;202;133;land;false;plains;1
18264;162;168;172;land;true;forest;1
18265;247;218;39;land;true;plains;1
18266;197;192;119;land;false;forest;1
18267;183;241;163;land;false;hills;1
18268;123;178;247;land;false;plains;1
18269;13;45;65;land;true;urban;1
18270;213;154;144;land;true;plains;1
18271;197;220;85;land;true;plains;1
18272;215;107;183;land;false;forest;1
18273;90;209;202;land;false;forest;1
18274;207;197;124;land;true;forest;1
18275;208;138;230;land;false;desert;1
18276;99;220;193;land;false;hills;1
18277;220;241;78;land;false;forest;1
18278;172;216;153;land;false;marsh;1
18279;136;217;235;land;false;forest;1
18280;239;126;249;land;false;plains;1
18281;243;248;29;land;false;forest;1
18282;174;193;198;land;false;forest;1
18283;241;94;209;land;false;desert;1
18284;195;224;151;land;false;marsh;1
18285;102;215;238;land;false;plains;1
18286;221;180;151;land;false;forest;1
18287;239;199;157;land;true;forest;1
18288;110;221;233;land;false;forest;1
18289;175;146;205;land;false;plains;1
18290;225;218;63;land;false;forest;1
18291;230;45;241;land;true;forest;1
18292;121;197;251;land;true;mountain;1
18293;247;214;205;land;false;forest;1
18294;202;122;232;land;true;forest;1
18295;84;239;187;land;false;forest;1
18296;247;124;161;land;true;mountain;1
18297;153;222;230;land;false;forest;1
18298;244;206;138;land;false;mountain;1
18299;226;157;244;land;false;forest;1
18300;228;120;158;land;false;marsh;1
18301;221;233;211;land;false;marsh;1
18302;231;124;232;land;true;plains;1
18303;217;153;208;land;true;forest;1
18304;95;239;177;land;true;marsh;1
18305;213;252;170;land;false;forest;1
18306;4;82;28;land;false;urban;1
18307;252;38;242;land;false;forest;1
18308;104;235;221;land;true;plains;1
18309;175;246;188;land;false;plains;1
18310;75;18;21;land;true;urban;1
18311;244;46;250;land;false;plains;1
18312;17;3;108;land;true;urban;1
18313;163;96;244;land;true;plains;1
18314;201;225;157;land;false;plains;1
18315;211;224;165;land;false;marsh;1
18316;151;202;242;land;false;plains;1
18317;212;230;243;land;false;plains;1
18318;203;177;203;land;false;marsh;1
18319;116;217;244;land;true;plains;1
18320;158;221;215;land;false;mountain;1
18321;84;24;12;land;false;urban;1
18322;228;129;169;land;false;forest;1
18323;220;216;127;land;false;plains;1
18324;247;200;223;land;false;plains;1
18325;194;222;99;land;false;forest;1
18326;229;191;164;land;false;plains;1
18327;15;11;115;land;true;urban;1
18328;19;85;28;land;false;urban;1
18329;174;128;225;land;false;plains;1
18330;190;157;232;land;false;plains;1
18331;252;205;59;land;true;mountain;1
18332;253;204;100;land;true;forest;1
18333;216;194;242;land;false;plains;1
18334;248;197;157;land;false;plains;1
18335;68;39;10;land;false;urban;1
18336;245;217;145;land;false;forest;1
18337;253;35;233;land;true;plains;1
18338;236;168;219;land;false;hills;1
18339;183;247;111;land;false;mountain;1
18340;209;229;119;land;false;forest;1
18341;249;239;195;land;false;desert;1
18342;142;235;189;land;true;plains;1
18343;217;130;165;land;false;forest;1
18344;245;201;172;land;true;mountain;1
18345;105;112;12;land;false;desert;1
18346;209;226;79;land;false;plains;1
18347;178;254;121;land;false;hills;1
18348;229;217;96;land;false;plains;1
18349;175;88;242;land;true;plains;1
18350;101;2;6;land;false;urban;1
18351;223;193;110;land;false;forest;1
18352;164;185;177;land;false;forest;1
18353;233;224;231;land;true;desert;1
18354;250;217;214;land;true;plains;1
18355;143;222;155;land;false;forest;1
18356;230;251;126;land;false;hills;1
18357;253;174;246;land;true;hills;1
18358;218;215;225;land;false;mountain;1
18359;180;160;214;land;false;forest;1
18360;150;139;218;land;true;forest;1
18361;116;253;159;land;false;forest;1
18362;238;212;229;land;false;forest;1
18363;248;112;168;land;true;plains;1
18364;233;108;195;land;false;forest;1
18365;203;169;141;land;true;plains;1
18366;199;107;238;land;false;forest;1
18367;252;212;115;land;false;plains;1
18368;233;218;57;land;false;plains;1
18369;189;181;139;land;false;plains;1
18370;195;201;231;land;false;plains;1
18371;230;184;93;land;false;forest;1
18372;252;235;96;land;true;forest;1
18373;241;198;217;land;false;plains;1
18374;207;71;242;land;false;mountain;1
18375;202;199;104;land;true;plains;1
18376;166;179;234;land;false;hills;1
18377;1;68;58;land;false;urban;1
18378;92;215;204;land;true;plains;1
18379;220;169;193;land;false;forest;1
18380;117;162;226;land;false;forest;1
18381;238;107;215;land;false;forest;1
18382;141;252;111;land;false;forest;1
18383;201;234;134;land;true;mountain;1
18384;203;246;133;land;false;forest;1
18385;241;246;242;land;false;hills;1
18386;35;44;46;land;false;urban;1
18387;84;212;207;land;false;forest;1
18388;236;210;117;land;false;plains;1
18389;233;224;92;land;false;forest;1
18390;198;232;228;land;false;hills;1
18391;182;192;173;land;false;forest;1
18392;50;9;61;land;false;desert;1
18393;213;246;196;land;false;forest;1
18394;252;56;208;land;true;plains;1
18395;213;205;229;land;false;plains;1
18396;245;157;185;land;true;plains;1
18397;105;28;11;land;true;urban;1
18398;132;235;162;land;true;plains;1
18399;241;119;243;land;false;forest;1
18400;248;253;46;land;false;plains;1
18401;207;239;197;land;true;hills;1
18402;222;78;251;land;false;forest;1
18403;202;218;223;land;true;mountain;1
18404;118;207;184;land;false;marsh;1
18405;67;208;233;land;false;plains;1
18406;192;79;253;land;true;plains;1
18407;98;249;235;land;true;forest;1
18408;75;15;19;land;false;urban;1
18409;244;206;212;land;false;hills;1
18410;236;69;209;land;true;plains;1
18411;32;32;46;land;true;urban;1
18412;198;138;193;land;false;forest;1
18413;45;69;14;land;false;urban;1
18414;211;120;184;land;false;plains;1
18415;214;235;183;land;false;plains;1
18416;200;179;174;land;false;plains;1
18417;182;164;239;land;true;plains;1
18418;43;6;93;land;false;urban;1
18419;252;140;192;land;false;plains;1
18420;196;156;231;land;true;forest;1
18421;183;179;187;land;false;plains;1
18422;202;155;249;land;false;plains;1
18423;229;166;124;land;false;forest;1
18424;114;207;252;land;false;forest;1
18425;190;100;246;land;false;forest;1
18426;183;240;209;land;false;forest;1
18427;216;118;197;land;false;plains;1
18428;204;249;210;land;false;forest;1
18429;253;195;247;land;false;forest;1
18430;248;196;221;land;false;forest;1
18431;254;220;108;land;false;plains;1
18432;66;29;37;land;true;urban;1
18433;226;136;236;land;false;forest;1
18434;201;157;200;land;false;forest;1
18435;225;212;168;land;false;marsh;1
18436;56;210;237;land;true;plains;1
18437;136;242;186;land;false;plains;1
18438;250;202;116;land;false;forest;1
18439;194;210;159;land;false;forest;1
18440;216;157;177;land;false;forest;1
18441;61;235;249;land;false;desert;1
18442;16;9;87;land;false;urban;1
18443;241;227;190;land;false;forest;1
18444;238;219;76;land;false;forest;1
18445;120;233;160;land;false;desert;1
18446;111;240;200;land;false;mountain;1
18447;223;169;111;land;false;plains;1
18448;89;61;33;land;false;desert;1
18449;207;164;209;land;false;plains;1
18450;219;246;63;land;true;plains;1
18451;98;224;208;land;false;forest;1
18452;205;81;250;land;false;hills;1
18453;96;217;213;land;true;plains;1
18454;108;248;145;land;false;forest;1
18455;242;208;160;land;false;plains;1
18456;164;203;174;land;false;forest;1
18457;187;132;185;land;false;forest;1
18458;254;22;237;land;false;mountain;1
18459;181;252;151;land;false;plains;1
18460;135;200;173;land;false;plains;1
18461;230;185;173;land;true;plains;1
18462;133;208;185;land;false;marsh;1
18463;251;216;56;land;false;forest;1
18464;208;119;248;land;false;forest;1
18465;30;59;48;land;true;urban;1
18466;152;252;165;land;false;mountain;1
18467;241;244;211;land;false;plains;1
18468;253;68;183;land;false;forest;1
18469;193;185;233;land;false;plains;1
18470;242;213;206;land;false;forest;1
18471;212;197;129;land;false;forest;1
18472;112;247;183;land;false;forest;1
18473;193;160;214;land;true;plains;1
18474;248;222;104;land;false;forest;1
18475;142;152;238;land;true;plains;1
18476;245;233;49;land;false;hills;1
18477;241;195;171;land;false;plains;1
18478;187;184;151;land;false;plains;1
18479;19;108;22;land;false;urban;1
18480;245;208;252;land;false;plains;1
18481;229;242;47;land;false;plains;1
18482;172;137;232;land;false;plains;1
18483;221;247;143;land;true;plains;1
18484;146;190;215;land;false;forest;1
18485;212;196;222;land;true;plains;1
18486;195;211;100;land;false;forest;1
18487;242;96;198;land;true;plains;1
18488;149;150;237;land;false;mountain;1
18489;118;155;238;land;false;forest;1
18490;179;177;202;land;false;forest;1
18491;157;245;195;land;false;plains;1
18492;150;171;182;land;false;forest;1
18493;12;105;6;land;true;urban;1
18494;232;253;215;land;false;forest;1
18495;245;254;151;land;true;hills;1
18496;91;240;231;land;true;mountain;1
18497;250;219;43;land;true;marsh;1
18498;242;79;232;land;true;plains;1
18499;223;166;126;land;false;plains;1
18500;185;247;174;land;true;plains;1
18501;198;56;254;land;false;forest;1
18502;199;180;237;land;false;hills;1
18503;245;166;100;land;false;plains;1
18504;238;160;166;land;true;plains;1
18505;180;196;239;land;false;forest;1
18506;248;204;71;land;false;marsh;1
18507;166;142;239;land;false;forest;1
18508;47;243;244;land;false;hills;1
18509;215;147;227;land;true;marsh;1
18510;191;225;185;land;true;mountain;1
18511;248;169;163;land;false;plains;1
18512;243;188;114;land;false;forest;1
18513;223;186;169;land;false;forest;1
18514;176;196;139;land;false;plains;1
18515;216;205;165;land;false;plains;1
18516;150;241;227;land;false;forest;1
18517;221;166;194;land;false;forest;1
18518;167;123;240;land;false;plains;1
18519;200;207;234;land;false;plains;1
18520;212;230;181;land;false;plains;1
18521;185;208;114;land;false;forest;1
18522;178;252;222;land;true;hills;1
18523;201;245;184;land;false;forest;1
18524;4;92;21;land;false;plains;1
18525;241;60;238;land;false;hills;1
18526;112;195;209;land;false;plains;1
18527;247;163;238;land;false;plains;1
18528;75;64;0;land;true;urban;1
18529;251;108;221;land;false;forest;1
18530;203;237;202;land;false;forest;1
18531;226;128;203;land;true;forest;1
18532;193;162;193;land;false;forest;1
18533;250;170;223;land;false;forest;1
18534;120;231;175;land;false;plains;1
18535;207;189;218;land;false;plains;1
18536;240;217;133;land;false;plains;1
18537;174;191;223;land;false;plains;1
18538;141;142;233;land;false;plains;1
18539;254;184;210;land;true;plains;1
18540;164;242;195;land;true;plains;1
18541;238;197;175;land;false;forest;1
18542;222;171;153;land;true;mountain;1
18543;250;138;130;land;true;plains;1
18544;179;120;230;land;false;marsh;1
18545;204;239;133;land;false;plains;1
18546;156;143;209;land;false;plains;1
18547;31;43;35;land;false;urban;1
18548;197;191;200;land;false;forest;1
18549;163;249;173;land;false;plains;1
18550;231;215;87;land;false;forest;1
18551;224;222;126;land;true;plains;1
18552;63;240;212;land;true;plains;1
18553;207;132;219;land;false;forest;1
18554;189;150;169;land;false;forest;1
18555;155;191;176;land;false;plains;1
18556;231;185;219;land;false;plains;1
18557;251;246;242;land;true;plains;1
18558;215;162;251;land;false;forest;1
18559;247;252;226;land;false;forest;1
18560;223;215;189;land;false;forest;1
18561;236;253;254;land;false;forest;1
18562;21;49;39;land;false;urban;1
18563;48;236;251;land;false;forest;1
18564;173;169;208;land;true;plains;1
18565;225;225;110;land;false;plains;1
18566;207;228;127;land;false;marsh;1
18567;235;242;162;land;false;forest;1
18568;252;201;156;land;true;plains;1
18569;229;94;238;land;true;mountain;1
18570;220;102;239;land;true;hills;1
18571;49;11;74;land;false;urban;1
18572;191;98;221;land;false;plains;1
18573;203;234;249;land;false;plains;1
18574;147;208;156;land;false;forest;1
18575;138;130;252;land;true;mountain;1
18576;169;211;213;land;true;forest;1
18577;252;250;4;land;false;plains;1
18578;238;136;178;land;true;hills;1
18579;119;200;187;land;false;urban;1
18580;249;135;195;land;false;plains;1
18581;198;173;160;land;false;plains;1
18582;186;95;251;land;false;plains;1
18583;208;203;153;land;false;plains;1
18584;200;235;114;land;false;forest;1
18585;122;207;245;land;false;hills;1
18586;244;199;107;land;false;plains;1
18587;205;83;237;land;false;forest;1
18588;235;228;155;land;false;plains;1
18589;249;101;188;land;false;marsh;1
18590;163;164;187;land;false;forest;1
18591;252;205;88;land;false;forest;1
18592;192;244;250;land;false;plains;1
18593;196;66;247;land;false;forest;1
18594;2;87;35;land;true;urban;1
18595;178;151;217;land;false;mountain;1
18596;254;204;98;land;false;plains;1
18597;238;236;165;land;false;hills;1
18598;192;180;181;land;false;plains;1
18599;217;122;192;land;false;forest;1
18600;250;251;45;land;false;forest;1
18601;10;90;22;land;true;urban;1
18602;114;214;198;land;false;plains;1
18603;147;219;153;land;true;forest;1
18604;247;207;110;land;false;plains;1
18605;234;217;134;land;false;plains;1
18606;241;249;197;land;false;forest;1
18607;239;221;127;land;false;marsh;1
18608;131;212;246;land;true;forest;1
18609;86;0;48;land;true;urban;1
18610;187;106;246;land;true;plains;1
18611;184;234;214;land;false;plains;1
18612;153;184;202;land;false;desert;1
18613;250;250;155;land;false;hills;1
18614;240;175;156;land;false;forest;1
18615;172;130;214;land;false;forest;1
18616;238;103;187;land;false;forest;1
18617;209;193;107;land;true;forest;1
18618;225;205;247;land;false;hills;1
18619;161;169;179;land;false;plains;1
18620;188;187;175;land;false;plains;1
18621;80;248;233;land;false;marsh;1
18622;187;88;236;land;false;forest;1
18623;165;252;148;land;false;forest;1
18624;76;16;30;land;false;urban;1
18625;251;250;206;land;true;plains;1
18626;250;152;246;land;false;forest;1
18627;249;196;175;land;false;hills;1
18628;246;141;242;land;false;mountain;1
18629;187;191;187;land;true;plains;1
18630;112;253;168;land;false;forest;1
18631;218;168;155;land;false;forest;1
18632;235;221;67;land;false;forest;1
18633;227;64;215;land;false;mountain;1
18634;209;238;88;land;false;mountain;1
18635;221;195;187;land;false;plains;1
18636;124;226;172;land;false;forest;1
18637;216;234;124;land;false;forest;1
18638;220;42;240;land;false;forest;1
18639;237;214;153;land;false;forest;1
18640;174;172;232;land;true;plains;1
18641;216;250;35;land;false;plains;1
18642;171;119;239;land;true;mountain;1
18643;53;42;11;land;true;urban;1
18644;143;239;194;land;true;plains;1
18645;200;90;241;land;false;plains;1
18646;196;171;162;land;true;plains;1
18647;229;221;197;land;false;forest;1
18648;179;250;135;land;false;mountain;1
18649;41;254;226;land;false;plains;1
18650;58;248;249;land;false;plains;1
18651;240;241;147;land;false;hills;1
18652;240;248;152;land;false;forest;1
18653;231;93;237;land;false;plains;1
18654;153;215;200;land;true;plains;1
18655;193;171;226;land;true;mountain;1
18656;233;188;172;land;false;plains;1
18657;201;173;225;land;true;forest;1
18658;229;231;100;land;false;plains;1
18659;195;211;178;land;false;hills;1
18660;203;236;103;land;false;forest;1
18661;236;214;118;land;false;plains;1
18662;146;232;156;land;true;forest;1
18663;204;238;94;land;true;forest;1
18664;242;247;111;land;false;mountain;1
18665;217;230;244;land;false;forest;1
18666;253;211;238;land;false;forest;1
18667;150;217;187;land;true;marsh;1
18668;242;181;119;land;true;mountain;1
18669;252;116;147;land;false;mountain;1
18670;249;248;222;land;false;plains;1
18671;217;219;70;land;false;hills;1
18672;200;161;238;land;false;forest;1
18673;241;235;55;land;false;forest;1
18674;31;97;4;land;false;urban;1
18675;225;229;124;land;false;plains;1
18676;59;4;72;land;false;urban;1
18677;183;190;195;land;true;forest;1
18678;153;204;235;land;true;plains;1
18679;229;252;235;land;false;plains;1
18680;248;67;235;land;true;forest;1
18681;139;162;205;land;true;forest;1
18682;207;253;130;land;false;forest;1
18683;74;250;236;land;false;forest;1
18684;64;242;221;land;false;marsh;1
18685;231;114;232;land;true;mountain;1
18686;126;246;220;land;false;forest;1
18687;213;91;215;land;false;forest;1
18688;232;223;56;land;false;plains;1
18689;248;161;180;land;true;forest;1
18690;189;142;202;land;false;forest;1
18691;233;59;211;land;false;forest;1
18692;186;247;166;land;true;plains;1
18693;143;194;191;land;false;mountain;1
18694;238;61;254;land;false;hills;1
18695;50;61;29;land;false;urban;1
18696;226;127;204;land;false;plains;1
18697;189;160;254;land;false;plains;1
18698;186;134;203;land;false;forest;1
18699;240;228;220;land;true;hills;1
18700;246;244;234;land;false;mountain;1
18701;220;236;153;land;true;forest;1
18702;166;195;208;land;true;plains;1
18703;247;80;209;land;false;mountain;1
18704;251;141;115;land;false;plains;1
18705;12;100;18;land;false;urban;1
18706;203;169;135;land;false;forest;1
18707;176;218;208;land;true;plains;1
18708;186;156;210;land;true;forest;1
18709;213;186;121;land;false;forest;1
18710;225;208;216;land;true;mountain;1
18711;200;224;135;land;false;plains;1
18712;167;161;217;land;false;forest;1
18713;74;243;221;land;true;mountain;1
18714;248;154;194;land;false;plains;1
18715;233;229;95;land;false;plains;1
18716;254;128;243;land;false;forest;1
18717;173;129;224;land;false;plains;1
18718;191;194;159;land;false;forest;1
18719;233;141;217;land;false;forest;1
18720;240;73;228;land;true;forest;1
18721;141;162;254;land;false;plains;1
18722;230;165;124;land;false;hills;1
18723;237;216;70;land;false;hills;1
18724;167;253;116;land;false;mountain;1
18725;88;214;200;land;true;plains;1
18726;159;175;175;land;false;forest;1
18727;238;181;174;land;true;forest;1
18728;187;253;187;land;true;forest;1
18729;241;116;235;land;false;forest;1
18730;244;232;195;land;true;plains;1
18731;248;183;149;land;false;forest;1
18732;156;191;254;land;false;mountain;1
18733;216;146;156;land;false;mountain;1
18734;188;196;123;land;false;plains;1
18735;42;91;16;land;false;urban;1
18736;245;226;82;land;false;plains;1
18737;245;181;241;land;false;mountain;1
18738;251;211;116;land;false;forest;1
18739;221;239;199;land;true;marsh;1
18740;87;36;12;land;false;urban;1
18741;224;235;239;land;false;plains;1
18742;175;142;240;land;false;plains;1
18743;230;237;145;land;false;mountain;1
18744;181;156;253;land;false;forest;1
18745;242;237;234;land;false;forest;1
18746;239;197;147;land;false;plains;1
18747;217;252;42;land;false;hills;1
18748;136;219;196;land;false;hills;1
18749;207;122;197;land;false;forest;1
18750;243;145;144;land;true;forest;1
18751;246;184;226;land;true;marsh;1
18752;14;115;8;land;false;urban;1
18753;223;140;187;land;false;plains;1
18754;246;136;206;land;false;mountain;1
18755;234;134;178;land;false;plains;1
18756;218;197;188;land;false;plains;1
18757;127;160;236;land;false;plains;1
18758;214;162;147;land;false;plains;1
18759;236;218;98;land;false;mountain;1
18760;233;163;253;land;false;forest;1
18761;173;156;218;land;true;plains;1
18762;235;49;244;land;false;plains;1
18763;253;181;102;land;true;plains;1
18764;198;64;249;land;false;plains;1
18765;246;228;117;land;false;forest;1
18766;193;65;253;land;false;forest;1
18767;9;2;134;land;true;urban;1
18768;233;205;191;land;false;plains;1
18769;211;221;115;land;false;plains;1
18770;158;163;248;land;true;plains;1
18771;153;202;195;land;false;forest;1
18772;237;224;65;land;false;forest;1
18773;228;151;166;land;false;plains;1
18774;213;144;189;land;false;mountain;1
18775;221;152;194;land;false;mountain;1
18776;161;221;172;land;false;mountain;1
18777;235;207;67;land;true;forest;1
18778;204;144;206;land;false;plains;1
18779;239;220;53;land;false;desert;1
18780;206;180;234;land;false;mountain;1
18781;92;184;237;land;false;mountain;1
18782;30;29;74;land;false;urban;1
18783;199;254;94;land;true;plains;1
18784;252;202;149;land;false;plains;1
18785;148;208;155;land;true;mountain;1
18786;228;104;174;land;false;plains;1
18787;198;169;222;land;false;plains;1
18788;226;145;254;land;true;mountain;1
18789;205;202;116;land;false;plains;1
18790;222;127;168;land;false;mountain;1
18791;156;223;204;land;false;forest;1
18792;231;234;241;land;true;plains;1
18793;169;142;212;land;false;plains;1
18794;245;97;197;land;false;plains;1
18795;230;183;186;land;false;forest;1
18796;246;234;156;land;true;hills;1
18797;180;210;202;land;false;forest;1
18798;185;90;244;land;false;forest;1
18799;238;90;230;land;false;forest;1
18800;242;193;136;land;false;forest;1
18801;221;239;70;land;true;plains;1
18802;17;96;4;land;true;hills;1
18803;243;61;216;land;false;mountain;1
18804;224;120;197;land;false;plains;1
18805;189;190;233;land;false;forest;1
18806;251;109;150;land;false;plains;1
18807;249;210;153;land;false;plains;1
18808;151;110;252;land;true;hills;1
18809;180;204;240;land;true;mountain;1
18810;150;198;159;land;false;forest;1
18811;177;152;174;land;false;marsh;1
18812;252;150;175;land;true;plains;1
18813;200;203;160;land;false;plains;1
18814;170;220;254;land;false;mountain;1
18815;210;187;188;land;false;mountain;1
18816;235;191;134;land;false;hills;1
18817;243;213;233;land;false;hills;1
18818;200;85;225;land;false;plains;1
18819;215;201;222;land;false;plains;1
18820;238;216;169;land;true;hills;1
18821;203;145;188;land;false;forest;1
18822;234;177;137;land;false;mountain;1
18823;29;59;27;land;false;urban;1
18824;251;179;244;land;false;plains;1
18825;192;196;228;land;true;forest;1
18826;74;21;10;land;true;urban;1
18827;111;189;201;land;false;forest;1
18828;60;252;233;land;true;plains;1
18829;182;191;191;land;false;mountain;1
18830;121;227;173;land;false;mountain;1
18831;206;247;231;land;false;desert;1
18832;245;199;111;land;false;mountain;1
18833;146;249;152;land;false;forest;1
18834;245;194;94;land;true;mountain;1
18835;171;146;219;land;false;forest;1
18836;179;174;231;land;true;plains;1
18837;213;155;160;land;true;plains;1
18838;177;225;251;land;true;plains;1
18839;245;193;174;land;true;hills;1
18840;196;178;241;land;false;hills;1
18841;253;122;174;land;false;plains;1
18842;173;253;91;land;false;plains;1
18843;169;187;254;land;false;forest;1
18844;209;116;232;land;true;marsh;1
18845;224;250;129;land;true;desert;1
18846;220;200;214;land;false;plains;1
18847;244;171;167;land;false;plains;1
18848;252;204;71;land;false;mountain;1
18849;239;154;166;land;false;plains;1
18850;167;243;202;land;true;forest;1
18851;107;25;11;land;true;urban;1
18852;202;223;237;land;true;hills;1
18853;19;106;17;land;true;urban;1
18854;180;145;217;land;true;forest;1
18855;221;185;244;land;false;mountain;1
18856;254;26;238;land;true;hills;1
18857;204;202;117;land;true;plains;1
18858;236;149;132;land;false;plains;1
18859;68;203;231;land;false;mountain;1
18860;12;66;26;land;true;urban;1
18861;160;223;147;land;true;plains;1
18862;216;182;210;land;false;hills;1
18863;175;195;161;land;false;hills;1
18864;216;192;96;land;false;mountain;1
18865;218;185;134;land;true;forest;1
18866;209;133;242;land;true;forest;1
18867;73;19;19;land;true;urban;1
18868;253;169;179;land;false;hills;1
18869;56;250;196;land;false;plains;1
18870;211;113;180;land;false;mountain;1
18871;151;122;229;land;false;forest;1
18872;196;80;253;land;false;plains;1
18873;226;244;74;land;false;forest;1
18874;182;186;161;land;true;hills;1
18875;245;211;163;land;false;forest;1
18876;35;229;253;land;false;forest;1
18877;75;229;252;land;false;hills;1
18878;238;244;96;land;false;mountain;1
18879;253;169;209;land;true;forest;1
18880;244;66;201;land;false;forest;1
18881;239;215;69;land;false;forest;1
18882;196;248;147;land;false;forest;1
18883;246;253;154;land;false;plains;1
18884;152;218;243;land;false;mountain;1
18885;218;208;116;land;true;forest;1
18886;197;150;171;land;true;forest;1
18887;217;209;200;land;false;plains;1
18888;226;160;183;land;false;plains;1
18889;206;236;163;land;false;plains;1
18890;233;124;208;land;false;plains;1
18891;215;187;145;land;false;mountain;1
18892;113;185;234;land;true;plains;1
18893;74;223;213;land;false;plains;1
18894;189;212;107;land;false;mountain;1
18895;57;208;248;land;false;forest;1
18896;236;254;43;land;false;desert;1
18897;40;7;72;land;false;urban;1
18898;187;222;228;land;true;hills;1
18899;198;138;217;land;false;marsh;1
18900;228;134;238;land;false;marsh;1
18901;249;151;128;land;false;marsh;1
18902;1;57;84;land;false;urban;1
18903;244;163;251;land;false;plains;1
18904;70;67;9;land;false;mountain;1
18905;242;71;188;land;false;plains;1
18906;152;236;183;land;false;plains;1
18907;227;184;251;land;true;forest;1
18908;55;3;74;land;true;urban;1
18909;224;178;129;land;true;mountain;1
18910;13;29;106;land;false;urban;1
18911;203;156;216;land;false;plains;1
18912;244;197;102;land;true;hills;1
18913;241;178;165;land;false;hills;1
18914;225;245;161;land;false;hills;1
18915;201;169;210;land;false;plains;1
18916;166;93;242;land;false;plains;1
18917;253;194;132;land;false;plains;1
18918;207;192;153;land;false;plains;1
18919;219;207;89;land;true;plains;1
18920;3;58;75;land;true;urban;1
18921;150;252;111;land;true;mountain;1
18922;211;186;251;land;true;forest;1
18923;191;213;161;land;false;hills;1
18924;179;152;202;land;false;mountain;1
18925;249;188;154;land;true;mountain;1
18926;192;240;210;land;false;mountain;1
18927;202;98;202;land;true;forest;1
18928;229;208;71;land;false;forest;1
18929;241;125;188;land;false;marsh;1
18930;189;189;201;land;false;desert;1
18931;177;221;144;land;false;mountain;1
18932;191;219;98;land;false;plains;1
18933;165;141;252;land;false;plains;1
18934;168;238;107;land;false;mountain;1
18935;224;207;79;land;false;plains;1
18936;247;131;127;land;false;plains;1
18937;230;244;123;land;false;plains;1
18938;249;139;200;land;true;plains;1
18939;31;55;48;land;true;urban;1
18940;209;239;231;land;false;forest;1
18941;244;145;244;land;false;plains;1
18942;44;10;76;land;true;urban;1
18943;160;189;208;land;false;hills;1
18944;245;38;218;land;false;forest;1
18945;179;196;224;land;false;forest;1
18946;163;116;233;land;true;plains;1
18947;225;239;124;land;false;hills;1
18948;161;194;147;land;false;desert;1
18949;16;87;10;land;true;urban;1
18950;186;162;213;land;false;plains;1
18951;253;170;186;land;false;forest;1
18952;179;241;190;land;true;plains;1
18953;151;166;213;land;false;mountain;1
18954;114;187;228;land;false;marsh;1
18955;213;242;198;land;false;hills;1
18956;250;157;193;land;true;plains;1
18957;202;183;236;land;false;mountain;1
18958;209;170;241;land;true;marsh;1
18959;48;30;27;land;false;urban;1
18960;102;222;215;land;false;plains;1
18961;223;244;192;land;false;hills;1
18962;97;166;246;land;false;plains;1
18963;238;166;196;land;false;forest;1
18964;238;207;230;land;false;forest;1
18965;184;231;223;land;false;plains;1
18966;236;109;161;land;false;forest;1
18967;204;219;78;land;false;forest;1
18968;57;41;26;land;true;urban;1
18969;252;168;152;land;false;plains;1
18970;110;162;246;land;false;plains;1
18971;223;156;148;land;false;plains;1
18972;230;196;136;land;false;forest;1
18973;254;250;155;land;true;forest;1
18974;81;233;194;land;false;urban;1
18975;254;161;173;land;true;plains;1
18976;86;218;214;land;false;forest;1
18977;207;244;88;land;true;plains;1
18978;30;61;46;land;true;urban;1
18979;203;206;253;land;false;plains;1
18980;173;103;254;land;false;mountain;1
18981;224;190;240;land;true;marsh;1
18982;43;50;51;land;false;urban;1
18983;66;254;214;land;true;mountain;1
18984;219;124;191;land;false;forest;1
18985;238;249;75;land;false;marsh;1
18986;207;164;203;land;false;plains;1
18987;249;145;224;land;false;hills;1
18988;180;248;210;land;false;plains;1
18989;254;245;75;land;false;mountain;1
18990;147;162;232;land;false;mountain;1
18991;250;235;226;land;false;plains;1
18992;20;89;0;land;false;urban;1
18993;205;204;234;land;false;plains;1
18994;207;254;116;land;false;plains;1
18995;130;221;184;land;true;mountain;1
18996;239;230;46;land;false;forest;1
18997;202;230;159;land;true;plains;1
18998;8;14;124;land;true;urban;1
18999;244;234;184;land;false;plains;1
19000;145;223;247;land;false;plains;1
19001;251;137;205;land;true;forest;1
19002;131;179;191;land;false;forest;1
19003;218;219;112;land;false;marsh;1
19004;71;18;12;land;false;urban;1
19005;239;210;92;land;false;plains;1
19006;200;105;230;land;false;forest;1
19007;199;64;241;land;false;desert;1
19008;177;167;243;land;true;forest;1
19009;252;202;101;land;true;forest;1
19010;225;204;95;land;false;hills;1
19011;46;18;76;land;false;plains;1
19012;221;160;163;land;false;plains;1
19013;201;234;169;land;false;plains;1
19014;247;147;166;land;false;forest;1
19015;139;151;249;land;false;plains;1
19016;236;213;66;land;false;forest;1
19017;35;55;52;land;true;urban;1
19018;246;63;194;land;true;plains;1
19019;226;234;177;land;false;plains;1
19020;225;65;239;land;false;plains;1
19021;200;158;212;land;false;mountain;1
19022;207;207;105;land;true;plains;1
19023;192;152;160;land;false;plains;1
19024;192;182;223;land;false;mountain;1
19025;192;176;203;land;true;plains;1
19026;152;195;210;land;false;forest;1
19027;211;226;220;land;false;mountain;1
19028;204;159;210;land;true;forest;1
19029;165;152;229;land;true;forest;1
19030;194;205;116;land;true;mountain;1
19031;246;91;227;land;false;forest;1
19032;168;88;245;land;false;forest;1
19033;191;202;203;land;false;mountain;1
19034;202;194;175;land;false;mountain;1
19035;37;74;5;land;true;urban;1
19036;138;169;207;land;false;plains;1
19037;212;104;249;land;true;plains;1
19038;218;214;90;land;false;marsh;1
19039;170;93;252;land;true;plains;1
19040;223;192;138;land;true;plains;1
19041;202;251;169;land;false;plains;1
19042;80;244;192;land;false;plains;1
19043;217;155;210;land;false;plains;1
19044;187;231;247;land;false;plains;1
19045;99;229;184;land;false;plains;1
19046;158;210;156;land;true;plains;1
19047;82;240;197;land;false;mountain;1
19048;208;213;110;land;true;forest;1
19049;243;179;179;land;false;marsh;1
19050;200;239;65;land;true;plains;1
19051;219;229;246;land;false;plains;1
19052;202;197;171;land;false;forest;1
19053;246;198;179;land;true;mountain;1
19054;196;221;208;land;false;mountain;1
19055;242;246;180;land;false;hills;1
19056;216;200;85;land;false;plains;1
19057;223;212;66;land;false;plains;1
19058;46;116;38;land;false;desert;1
19059;243;168;149;land;false;plains;1
19060;129;189;203;land;false;forest;1
19061;252;234;152;land;false;plains;1
19062;245;241;238;land;false;mountain;1
19063;83;37;18;land;false;urban;1
19064;252;221;220;land;false;mountain;1
19065;230;116;174;land;false;forest;1
19066;215;234;65;land;true;plains;1
19067;87;195;234;land;false;mountain;1
19068;157;241;177;land;false;mountain;1
19069;138;215;153;land;false;forest;1
19070;192;234;159;land;false;hills;1
19071;240;184;116;land;false;mountain;1
19072;168;208;167;land;false;mountain;1
19073;240;40;224;land;false;forest;1
19074;221;212;239;land;false;forest;1
19075;94;225;206;land;false;plains;1
19076;171;227;179;land;false;hills;1
19077;208;249;48;land;false;plains;1
19078;200;209;221;land;true;plains;1
19079;206;102;225;land;true;mountain;1
19080;215;194;122;land;true;plains;1
19081;178;129;251;land;false;plains;1
19082;80;45;8;lake;false;lakes;0
19083;175;170;227;land;false;forest;1
19084;236;162;107;land;false;hills;1
19085;241;167;165;land;false;forest;1
19086;240;249;174;land;false;forest;1
19087;191;214;131;land;true;forest;1
19088;209;196;107;land;true;forest;1
19089;246;122;145;land;false;forest;1
19090;243;172;252;land;false;forest;1
19091;219;229;245;land;false;forest;1
19092;90;248;194;land;false;marsh;1
19093;10;98;6;land;false;urban;1
19094;164;166;201;land;false;mountain;1
19095;232;240;181;land;true;hills;1
19096;223;150;219;land;false;plains;1
19097;242;74;201;land;false;plains;1
19098;221;145;169;land;false;mountain;1
19099;163;156;199;land;false;forest;1
19100;234;222;126;land;true;plains;1
19101;172;203;235;land;false;plains;1
19102;211;203;224;land;false;plains;1
19103;155;174;206;land;true;forest;1
19104;194;239;105;land;false;plains;1
19105;245;206;185;land;false;plains;1
19106;219;143;169;land;true;mountain;1
19107;82;199;226;land;true;mountain;1
19108;249;157;122;land;true;forest;1
19109;186;161;155;land;false;mountain;1
19110;195;188;139;land;false;plains;1
19111;161;173;198;land;false;hills;1
19112;178;216;124;land;true;plains;1
19113;141;214;191;land;false;hills;1
19114;191;150;253;land;true;hills;1
19115;227;157;124;land;false;forest;1
19116;201;242;182;land;false;forest;1
19117;210;177;118;land;false;forest;1
19118;76;234;219;land;false;forest;1
19119;110;252;172;land;false;forest;1
19120;159;241;112;land;false;forest;1
19121;252;214;149;land;false;hills;1
19122;240;189;210;land;false;forest;1
19123;178;223;152;land;false;forest;1
19124;241;252;246;land;true;forest;1
19125;79;253;183;land;true;forest;1
19126;223;248;190;land;false;hills;1
19127;232;62;245;land;true;forest;1
19128;228;223;230;land;true;plains;1
19129;188;102;238;land;true;plains;1
19130;104;230;221;land;false;forest;1
19131;25;10;111;land;true;urban;1
19132;222;85;250;land;false;mountain;1
19133;145;178;251;land;false;plains;1
19134;138;254;155;land;false;plains;1
19135;201;212;214;land;false;mountain;1
19136;158;193;169;land;false;plains;1
19137;239;247;253;land;false;mountain;1
19138;245;204;146;land;false;marsh;1
19139;28;41;55;land;false;urban;1
19140;229;129;166;land;true;plains;1
19141;246;226;185;land;false;mountain;1
19142;250;248;21;land;false;plains;1
19143;215;201;185;land;false;hills;1
19144;170;224;117;land;false;forest;1
19145;235;194;205;land;true;plains;1
19146;164;165;217;land;true;forest;1
19147;174;31;77;land;false;mountain;1
19148;1;51;72;land;true;urban;1
19149;236;127;240;land;false;forest;1
19150;178;146;183;land;false;plains;1
19151;251;196;149;land;false;forest;1
19152;171;244;189;land;false;forest;1
19153;239;242;176;land;true;plains;1
19154;233;211;178;land;true;plains;1
19155;225;247;126;land;true;hills;1
19156;59;20;42;land;true;urban;1
19157;191;243;225;land;false;plains;1
19158;85;231;185;land;false;plains;1
19159;228;206;107;land;false;hills;1
19160;222;161;153;land;true;forest;1
19161;192;218;117;land;true;plains;1
19162;240;254;202;land;true;marsh;1
19163;170;177;241;land;false;mountain;1
19164;190;230;87;land;false;plains;1
19165;176;189;142;land;true;forest;1
19166;181;203;135;land;true;forest;1
19167;46;27;60;land;true;urban;1
19168;108;182;232;land;false;mountain;1
19169;212;166;174;land;false;forest;1
19170;207;254;149;land;false;marsh;1
19171;224;75;244;land;true;plains;1
19172;25;56;52;land;true;urban;1
19173;199;172;159;land;false;mountain;1
19174;178;210;212;land;false;forest;1
19175;17;84;28;land;true;urban;1
19176;202;210;227;land;false;plains;1
19177;227;33;252;land;false;plains;1
19178;198;210;155;land;false;forest;1
19179;254;238;182;land;false;forest;1
19180;232;114;211;land;false;plains;1
19181;142;244;130;land;true;mountain;1
19182;89;253;185;land;false;forest;1
19183;192;86;243;land;false;forest;1
19184;142;213;229;land;false;marsh;1
19185;58;73;16;land;false;urban;1
19186;204;181;241;land;false;mountain;1
19187;252;114;155;land;false;forest;1
19188;232;250;155;land;true;plains;1
19189;250;159;125;land;false;forest;1
19190;234;251;68;land;true;plains;1
19191;219;247;156;land;true;plains;1
19192;232;220;194;land;false;forest;1
19193;206;117;211;land;true;forest;1
19194;221;237;87;land;true;mountain;1
19195;140;251;132;land;true;mountain;1
19196;204;189;129;land;false;forest;1
19197;229;252;254;land;false;plains;1
19198;217;195;140;land;false;plains;1
19199;151;146;238;land;false;plains;1
19200;223;107;175;land;false;plains;1
19201;209;148;180;land;true;mountain;1
19202;218;111;254;land;true;forest;1
19203;227;223;128;land;false;forest;1
19204;222;110;240;land;false;plains;1
19205;142;115;253;land;false;plains;1
19206;201;209;97;land;true;mountain;1
19207;254;245;214;land;false;plains;1
19208;184;252;80;land;false;plains;1
19209;244;251;31;land;false;mountain;1
19210;238;187;85;land;false;forest;1
19211;230;60;218;land;false;mountain;1
19212;239;167;172;land;false;plains;1
19213;210;140;180;land;false;hills;1
19214;148;148;238;land;false;mountain;1
19215;233;253;152;land;true;mountain;1
19216;239;133;216;land;false;forest;1
19217;170;230;136;land;false;forest;1
19218;254;203;153;land;false;mountain;1
19219;176;141;238;land;false;mountain;1
19220;201;105;239;land;false;forest;1
19221;227;173;242;land;false;forest;1
19222;253;222;93;land;false;plains;1
19223;157;193;227;land;true;marsh;1
19224;151;211;193;land;false;plains;1
19225;216;223;189;land;true;forest;1
19226;196;170;156;land;false;forest;1
19227;150;121;250;land;false;forest;1
19228;165;224;174;land;true;plains;1
19229;208;229;162;land;false;mountain;1
19230;244;62;245;land;false;forest;1
19231;110;215;191;land;false;forest;1
19232;242;215;185;land;false;mountain;1
19233;200;151;218;land;true;mountain;1
19234;121;0;26;land;true;urban;1
19235;184;245;143;land;true;forest;1
19236;247;129;210;land;false;plains;1
19237;150;160;234;land;true;plains;1
19238;153;140;232;land;false;plains;1
19239;187;158;226;land;false;mountain;1
19240;237;188;218;land;false;hills;1
19241;207;169;185;land;false;forest;1
19242;238;137;155;land;false;plains;1
19243;205;108;188;land;false;plains;1
19244;211;149;248;land;false;mountain;1
19245;239;231;145;land;false;marsh;1
19246;240;178;93;land;false;mountain;1
19247;183;233;154;land;false;forest;1
19248;247;232;228;land;false;plains;1
19249;226;138;224;land;true;plains;1
19250;163;203;219;land;false;plains;1
19251;113;224;173;land;false;forest;1
19252;196;233;149;land;false;forest;1
19253;20;74;39;land;true;mountain;1
19254;202;245;205;land;true;forest;1
19255;43;26;33;land;true;urban;1
19256;243;197;151;land;false;plains;1
19257;78;250;175;land;false;plains;1
19258;145;233;197;land;true;marsh;1
19259;185;195;146;land;false;forest;1
19260;169;198;221;land;false;forest;1
19261;190;210;197;land;false;plains;1
19262;235;214;122;land;true;plains;1
19263;170;184;190;land;false;plains;1
19264;216;232;253;land;false;plains;1
19265;207;221;203;land;false;plains;1
19266;159;157;224;land;false;plains;1
19267;244;215;88;land;true;plains;1
19268;243;79;222;land;false;plains;1
19269;247;93;211;land;false;forest;1
19270;163;98;241;land;true;marsh;1
19271;248;168;240;land;false;plains;1
19272;237;248;160;land;false;forest;1
19273;215;234;230;land;false;plains;1
19274;178;215;116;land;false;forest;1
19275;1;90;53;land;true;urban;1
19276;253;171;97;land;false;forest;1
19277;217;89;222;land;true;forest;1
19278;64;247;193;land;true;mountain;1
19279;186;184;212;land;false;plains;1
19280;246;159;227;land;false;plains;1
19281;226;231;189;land;true;mountain;1
19282;248;204;244;land;true;mountain;1
19283;232;192;190;land;false;forest;1
19284;152;185;186;land;true;forest;1
19285;238;210;208;land;true;marsh;1
19286;239;170;204;land;true;forest;1
19287;212;125;193;land;false;plains;1
19288;181;189;188;land;true;plains;1
19289;232;135;245;land;false;mountain;1
19290;90;0;38;land;false;urban;1
19291;228;42;237;land;true;plains;1
19292;235;222;102;land;false;plains;1
19293;171;164;183;land;false;plains;1
19294;242;208;207;land;false;forest;1
19295;37;61;41;land;true;urban;1
19296;220;213;156;land;true;plains;1
19297;138;178;206;land;false;forest;1
19298;218;250;35;land;false;marsh;1
19299;209;235;250;land;false;hills;1
19300;197;147;163;land;false;plains;1
19301;221;32;251;land;false;plains;1
19302;182;196;187;land;true;plains;1
19303;17;86;44;land;true;urban;1
19304;212;223;142;land;false;plains;1
19305;224;135;175;land;false;plains;1
19306;25;14;108;land;true;urban;1
19307;239;248;123;land;false;forest;1
19308;163;179;224;land;false;plains;1
19309;230;215;80;land;true;forest;1
19310;251;77;215;land;true;forest;1
19311;221;82;220;land;false;forest;1
19312;200;240;107;land;false;plains;1
19313;48;31;111;land;true;mountain;1
19314;196;217;109;land;true;plains;1
19315;225;161;120;land;true;plains;1
19316;191;176;157;land;false;forest;1
19317;206;115;248;land;true;forest;1
19318;29;5;102;land;true;mountain;1
19319;128;241;217;land;true;plains;1
19320;254;124;182;land;false;plains;1
19321;125;213;222;land;false;plains;1
19322;225;248;108;land;false;plains;1
19323;182;224;220;land;false;plains;1
19324;242;118;183;land;false;mountain;1
19325;236;237;178;land;false;plains;1
19326;180;225;121;land;false;plains;1
19327;138;246;247;land;false;forest;1
19328;183;230;226;land;false;plains;1
19329;93;249;195;land;false;forest;1
19330;169;166;194;land;false;plains;1
19331;227;215;80;land;false;forest;1
19332;228;227;98;land;false;mountain;1
19333;64;71;10;land;false;urban;1
19334;130;245;225;land;false;hills;1
19335;167;225;237;land;false;plains;1
19336;156;225;147;land;true;plains;1
19337;16;24;90;land;true;urban;1
19338;179;182;223;land;true;plains;1
19339;201;171;152;land;false;forest;1
19340;184;210;145;land;false;plains;1
19341;194;142;168;land;false;forest;1
19342;97;22;29;land;true;urban;1
19343;94;16;20;land;true;urban;1
19344;253;236;44;land;false;plains;1
19345;113;196;219;land;false;forest;1
19346;29;82;28;land;false;urban;1
19347;137;252;235;land;false;forest;1
19348;111;236;237;land;true;plains;1
19349;127;199;212;land;true;mountain;1
19350;145;219;227;land;false;plains;1
19351;213;224;73;land;true;plains;1
19352;233;176;244;land;true;forest;1
19353;244;252;58;land;true;mountain;1
19354;253;245;62;land;false;plains;1
19355;197;224;162;land;false;plains;1
19356;196;246;67;land;false;plains;1
19357;192;185;214;land;true;marsh;1
19358;172;162;233;land;true;forest;1
19359;209;252;62;land;false;plains;1
19360;176;210;167;land;true;forest;1
19361;42;83;14;land;true;mountain;1
19362;232;223;123;land;false;forest;1
19363;119;213;224;land;true;forest;1
19364;228;158;119;land;true;plains;1
19365;239;147;134;land;true;forest;1
19366;141;250;144;land;false;forest;1
19367;13;54;76;land;false;urban;1
19368;164;169;204;land;true;mountain;1
19369;185;183;227;land;false;forest;1
19370;230;170;184;land;false;plains;1
19371;20;90;2;land;true;mountain;1
19372;241;188;242;land;false;plains;1
19373;204;174;223;land;false;plains;1
19374;203;226;126;land;false;forest;1
19375;145;171;186;land;true;plains;1
19376;251;74;250;land;true;plains;1
19377;250;254;30;land;false;forest;1
19378;251;218;131;land;false;forest;1
19379;159;186;223;land;false;mountain;1
19380;205;233;198;land;true;forest;1
19381;212;225;239;land;false;plains;1
19382;251;213;111;land;false;forest;1
19383;231;121;248;land;false;plains;1
19384;250;174;170;land;true;mountain;1
19385;226;232;64;land;false;plains;1
19386;160;245;97;land;false;plains;1
19387;197;211;142;land;false;forest;1
19388;62;248;220;land;false;plains;1
19389;164;159;240;land;false;forest;1
19390;191;232;248;land;true;plains;1
19391;193;137;245;land;false;mountain;1
19392;248;181;201;land;false;forest;1
19393;70;208;253;land;false;forest;1
19394;87;219;196;land;false;hills;1
19395;70;225;246;land;false;mountain;1
19396;250;55;205;land;false;forest;1
19397;239;203;145;land;false;plains;1
19398;242;180;228;land;true;plains;1
19399;240;239;112;land;false;plains;1
19400;238;221;212;land;true;forest;1
19401;229;58;216;land;false;plains;1
19402;214;247;177;land;false;plains;1
19403;48;248;245;land;false;plains;1
19404;157;167;192;land;false;plains;1
19405;154;206;242;land;false;forest;1
19406;7;54;73;land;true;urban;1
19407;243;133;170;land;true;forest;1
19408;115;27;0;land;false;urban;1
19409;225;154;156;land;false;plains;1
19410;241;62;229;land;false;plains;1
19411;106;3;35;land;false;urban;1
19412;194;217;226;land;false;forest;1
19413;167;174;167;land;false;mountain;1
19414;165;157;225;land;false;mountain;1
19415;254;102;150;land;false;plains;1
19416;93;14;21;land;true;urban;1
19417;148;196;206;land;false;mountain;1
19418;230;78;208;land;false;plains;1
19419;15;67;28;land;false;urban;1
19420;65;209;234;land;false;forest;1
19421;241;246;57;land;false;mountain;1
19422;252;157;188;land;false;plains;1
19423;251;59;232;land;false;plains;1
19424;59;73;9;land;false;urban;1
19425;239;131;162;land;false;plains;1
19426;244;107;164;land;false;plains;1
19427;192;245;91;land;false;forest;1
19428;165;145;246;land;true;mountain;1
19429;28;26;86;land;false;urban;1
19430;249;147;165;land;false;forest;1
19431;174;171;202;land;false;mountain;1
19432;219;238;235;land;true;forest;1
19433;233;197;165;land;true;plains;1
19434;150;227;239;land;false;forest;1
19435;186;244;213;land;true;mountain;1
19436;42;26;101;land;true;mountain;1
19437;192;138;230;land;true;plains;1
19438;160;201;167;land;false;forest;1
19439;128;233;227;land;true;mountain;1
19440;12;69;29;land;true;urban;1
19441;253;174;130;land;false;mountain;1
19442;182;167;252;land;false;urban;1
19443;70;25;29;land;false;urban;1
19444;188;240;238;land;false;forest;1
19445;172;220;127;land;false;plains;1
19446;212;235;96;land;false;mountain;1
19447;151;140;231;land;false;forest;1
19448;74;252;222;land;false;plains;1
19449;175;223;157;land;false;plains;1
19450;178;171;188;land;false;forest;1
19451;231;170;207;land;false;plains;1
19452;231;216;227;land;false;plains;1
19453;228;173;133;land;true;marsh;1
19454;203;205;193;land;false;plains;1
19455;239;213;60;land;false;forest;1
19456;233;164;221;land;false;mountain;1
19457;237;94;218;land;true;plains;1
19458;167;196;232;land;false;plains;1
19459;199;153;185;land;false;mountain;1
19460;135;233;172;land;false;forest;1
19461;79;47;23;land;true;urban;1
19462;224;178;124;land;true;marsh;1
19463;49;36;22;land;false;urban;1
19464;240;150;180;land;false;mountain;1
19465;229;160;201;land;false;plains;1
19466;212;205;166;land;false;forest;1
19467;72;66;3;land;true;urban;1
19468;236;180;227;land;false;plains;1
19469;126;231;226;land;false;plains;1
19470;27;26;92;land;false;urban;1
19471;212;75;215;land;false;forest;1
19472;82;211;231;land;true;plains;1
19473;167;217;234;land;false;plains;1
19474;140;196;240;land;true;forest;1
19475;113;171;250;land;true;plains;1
19476;216;185;200;land;false;mountain;1
19477;169;150;224;land;true;plains;1
19478;217;134;157;land;false;forest;1
19479;247;243;181;land;false;mountain;1
19480;104;88;80;land;false;mountain;1
19481;214;246;88;land;true;plains;1
19482;186;83;248;land;false;plains;1
19483;250;161;197;land;false;plains;1
19484;246;159;196;land;false;plains;1
19485;241;236;99;land;false;urban;1
19486;179;185;159;land;true;plains;1
19487;232;103;191;land;false;plains;1
19488;225;127;253;land;false;forest;1
19489;166;197;243;land;true;plains;1
19490;207;97;230;land;false;forest;1
19491;245;62;222;land;false;forest;1
19492;109;19;53;land;false;mountain;1
19493;233;135;138;land;false;plains;1
19494;192;186;187;land;false;plains;1
19495;67;246;199;land;false;plains;1
19496;241;64;213;land;false;plains;1
19497;212;167;198;land;true;urban;1
19498;214;136;180;land;false;forest;1
19499;150;246;148;land;true;mountain;1
19500;184;168;175;land;false;forest;1
19501;210;96;209;land;false;plains;1
19502;248;230;201;land;false;desert;1
19503;236;190;241;land;false;plains;1
19504;231;60;215;land;true;forest;1
19505;235;243;77;land;false;plains;1
19506;230;153;189;land;true;plains;1
19507;146;201;223;land;false;plains;1
19508;187;209;194;land;false;forest;1
19509;180;222;144;land;true;urban;1
19510;212;216;88;land;false;forest;1
19511;52;209;253;land;false;mountain;1
19512;238;188;254;land;false;mountain;1
19513;184;248;222;land;false;plains;1
19514;205;172;193;land;false;forest;1
19515;240;182;121;land;true;plains;1
19516;20;68;28;land;false;urban;1
19517;216;191;213;land;false;forest;1
19518;254;116;211;land;true;forest;1
19519;224;183;151;land;true;forest;1
19520;172;175;175;land;false;mountain;1
19521;230;70;246;land;false;plains;1
19522;207;210;222;land;false;plains;1
19523;251;192;185;land;false;forest;1
19524;215;242;189;land;false;desert;1
19525;181;220;184;land;false;plains;1
19526;199;176;143;land;false;forest;1
19527;179;250;98;land;false;plains;1
19528;221;155;151;land;true;forest;1
19529;211;136;233;land;false;forest;1
19530;215;132;243;land;false;plains;1
19531;65;36;5;land;true;urban;1
19532;69;23;16;land;true;urban;1
19533;243;40;231;land;false;plains;1
19534;249;232;201;land;false;plains;1
19535;237;254;141;land;false;forest;1
19536;238;254;120;land;false;hills;1
19537;104;253;242;land;true;plains;1
19538;246;222;51;land;true;plains;1
19539;201;209;220;land;true;plains;1
19540;236;155;249;land;false;mountain;1
19541;172;239;228;land;false;mountain;1
19542;210;234;106;land;false;forest;1
19543;246;215;150;land;true;plains;1
19544;25;240;239;land;false;plains;1
19545;179;224;210;land;false;plains;1
19546;251;222;79;land;true;hills;1
19547;245;218;254;land;false;plains;1
19548;220;194;226;land;false;mountain;1
19549;254;29;242;land;false;plains;1
19550;184;161;243;land;false;plains;1
19551;233;226;93;land;false;mountain;1
19552;228;71;213;land;true;hills;1
19553;246;182;191;land;false;forest;1
19554;243;163;148;land;false;mountain;1
19555;174;154;174;land;false;plains;1
19556;227;71;209;land;false;forest;1
19557;172;186;150;land;true;mountain;1
19558;183;246;200;land;true;mountain;1
19559;191;242;137;land;false;plains;1
19560;200;163;236;land;false;mountain;1
19561;111;216;177;land;false;plains;1
19562;214;214;75;land;false;plains;1
19563;198;120;218;land;false;forest;1
19564;61;38;28;land;true;urban;1
19565;188;174;177;land;false;plains;1
19566;174;171;226;land;true;plains;1
19567;164;242;163;land;false;mountain;1
19568;248;157;216;land;true;marsh;1
19569;250;127;240;land;false;plains;1
19570;31;62;37;land;true;urban;1
19571;168;233;194;land;true;plains;1
19572;122;205;219;land;false;forest;1
19573;252;186;142;land;true;hills;1
19574;190;159;209;land;true;urban;1
19575;100;241;213;land;false;forest;1
19576;115;240;217;land;false;forest;1
19577;133;147;221;land;true;hills;1
19578;234;143;126;land;false;plains;1
19579;138;243;138;land;false;forest;1
19580;226;223;216;land;true;plains;1
19581;174;209;177;land;false;plains;1
19582;203;226;204;land;false;plains;1
19583;216;234;162;land;false;plains;1
19584;29;246;235;land;false;mountain;1
19585;173;214;234;land;false;forest;1
19586;170;207;156;land;false;plains;1
19587;223;238;86;land;true;hills;1
19588;101;219;201;land;false;desert;1
19589;33;13;70;land;true;urban;1
19590;246;135;242;land;false;forest;1
19591;191;242;132;land;false;forest;1
19592;219;195;246;land;false;plains;1
19593;233;240;227;land;false;plains;1
19594;143;212;168;land;false;plains;1
19595;109;253;236;land;false;hills;1
19596;226;134;169;land;false;forest;1
19597;191;224;250;land;false;plains;1
19598;204;184;246;land;false;plains;1
19599;179;191;223;land;false;forest;1
19600;48;62;0;land;true;mountain;1
19601;225;154;177;land;false;mountain;1
19602;75;219;223;land;false;plains;1
19603;248;194;189;land;true;plains;1
19604;153;191;192;land;false;forest;1
19605;237;205;145;land;false;plains;1
19606;228;248;181;land;false;plains;1
19607;192;249;200;land;false;plains;1
19608;151;160;218;land;false;forest;1
19609;102;198;223;land;true;mountain;1
19610;226;135;203;land;false;forest;1
19611;250;241;103;land;false;plains;1
19612;144;215;201;land;false;forest;1
19613;189;250;182;land;false;desert;1
19614;179;238;212;land;true;plains;1
19615;73;249;179;land;false;mountain;1
19616;228;103;192;land;false;mountain;1
19617;212;226;182;land;false;forest;1
19618;31;71;28;land;true;mountain;1
19619;233;219;118;land;false;forest;1
19620;200;221;177;land;false;forest;1
19621;231;221;178;land;false;plains;1
19622;201;252;57;land;true;marsh;1
19623;172;132;205;land;false;plains;1
19624;11;99;11;land;true;urban;1
19625;158;229;182;land;false;plains;1
19626;114;234;225;land;false;plains;1
19627;219;207;120;land;true;hills;1
19628;233;216;249;land;true;plains;1
19629;21;63;25;land;false;mountain;1
19630;237;51;231;land;false;mountain;1
19631;212;233;170;land;false;plains;1
19632;230;203;77;land;true;plains;1
19633;242;196;120;land;false;forest;1
19634;74;36;18;land;false;urban;1
19635;32;66;48;land;true;urban;1
19636;229;199;183;land;false;forest;1
19637;73;42;26;land;false;urban;1
19638;215;155;254;land;true;plains;1
19639;183;197;131;land;false;plains;1
19640;166;250;237;land;false;forest;1
19641;163;244;173;land;false;mountain;1
19642;239;221;211;land;true;plains;1
19643;251;113;211;land;false;plains;1
19644;243;159;169;land;true;urban;1
19645;4;36;49;land;true;mountain;1
19646;145;123;237;land;true;mountain;1
19647;175;170;205;land;true;desert;1
19648;139;144;218;land;false;mountain;1
19649;220;134;242;land;false;plains;1
19650;225;199;233;land;false;forest;1
19651;243;115;147;land;false;plains;1
19652;219;179;135;land;false;forest;1
19653;122;244;210;land;false;forest;1
19654;188;202;251;land;false;forest;1
19655;211;193;136;land;false;plains;1
19656;254;58;219;land;true;plains;1
19657;163;171;230;land;false;mountain;1
19658;106;168;228;land;true;urban;1
19659;252;127;191;land;false;forest;1
19660;169;204;246;land;false;forest;1
19661;205;250;216;land;false;forest;1
19662;25;240;246;land;false;forest;1
19663;128;152;247;land;false;plains;1
19664;235;237;53;land;false;desert;1
19665;244;216;123;land;false;desert;1
19666;132;167;250;land;false;desert;1
19667;169;157;202;land;false;plains;1
19668;189;222;241;land;false;forest;1
19669;218;204;99;land;false;plains;1
19670;242;193;233;land;false;forest;1
19671;118;207;219;land;false;forest;1
19672;234;36;254;land;true;plains;1
19673;251;162;225;land;false;forest;1
19674;245;159;141;land;false;mountain;1
19675;214;243;213;land;false;mountain;1
19676;209;120;207;land;false;desert;1
19677;228;231;92;land;true;hills;1
19678;189;217;165;land;false;forest;1
19679;229;178;238;land;false;forest;1
19680;248;75;242;land;false;forest;1
19681;176;244;151;land;false;forest;1
19682;146;248;187;land;false;forest;1
19683;179;166;210;land;false;forest;1
19684;117;175;252;land;false;mountain;1
19685;205;230;254;land;false;plains;1
19686;242;254;61;land;false;forest;1
19687;245;249;217;land;true;mountain;1
19688;245;203;77;land;true;hills;1
19689;167;174;229;land;true;desert;1
19690;215;252;231;land;false;plains;1
19691;212;174;155;land;false;hills;1
19692;169;207;126;land;false;forest;1
19693;216;196;197;land;false;plains;1
19694;229;164;172;land;false;forest;1
19695;252;149;178;land;false;forest;1
19696;217;222;243;land;false;mountain;1
19697;232;231;244;land;false;desert;1
19698;222;181;217;land;false;desert;1
19699;228;210;191;land;false;mountain;1
19700;197;190;169;land;false;forest;1
19701;250;136;233;land;false;desert;1
19702;154;203;165;land;false;forest;1
19703;181;203;227;land;false;forest;1
19704;20;75;48;land;false;mountain;1
19705;54;241;220;land;false;desert;1
19706;159;203;215;land;false;desert;1
19707;222;155;153;land;false;desert;1
19708;252;208;60;land;false;hills;1
19709;164;253;193;land;false;forest;1
19710;245;207;249;land;false;desert;1
19711;250;211;77;land;false;desert;1
19712;200;231;113;land;false;plains;1
19713;201;116;212;land;true;hills;1
19714;70;234;197;land;false;forest;1
19715;123;182;243;land;false;forest;1
19716;212;196;156;land;false;forest;1
19717;191;217;236;land;true;desert;1
19718;187;145;231;land;false;desert;1
19719;60;199;251;land;false;forest;1
19720;149;128;236;land;false;forest;1
19721;204;211;176;land;false;forest;1
19722;158;229;246;land;false;desert;1
19723;185;231;164;land;false;desert;1
19724;235;24;243;land;false;jungle;1
19725;147;141;242;land;false;forest;1
19726;167;204;187;land;false;desert;1
19727;190;229;249;land;false;hills;1
19728;248;188;161;land;true;urban;1
19729;116;184;227;land;false;mountain;1
19730;227;194;186;land;false;desert;1
19731;218;165;124;land;false;mountain;1
19732;237;252;249;land;false;desert;1
19733;191;173;231;land;false;forest;1
19734;117;248;220;land;false;hills;1
19735;164;242;102;land;false;forest;1
19736;11;0;116;land;false;mountain;1
19737;159;181;189;land;true;hills;1
19738;172;228;251;land;false;forest;1
19739;170;218;127;land;false;forest;1
19740;218;217;121;land;false;forest;1
19741;97;248;200;land;false;forest;1
19742;93;188;252;land;false;desert;1
19743;248;134;161;land;false;forest;1
19744;161;172;190;land;false;forest;1
19745;239;232;192;land;false;desert;1
19746;97;219;204;land;true;forest;1
19747;139;183;198;land;true;forest;1
19748;174;254;179;land;false;forest;1
19749;248;141;116;land;false;jungle;1
19750;154;112;254;land;false;hills;1
19751;238;178;106;land;false;hills;1
19752;178;230;229;land;false;forest;1
19753;244;31;246;land;false;forest;1
19754;214;253;193;land;false;desert;1
19755;107;1;14;land;true;urban;1
19756;220;136;254;land;false;forest;1
19757;207;116;178;land;false;mountain;1
19758;234;205;215;land;false;forest;1
19759;157;209;148;land;false;desert;1
19760;232;40;234;land;false;forest;1
19761;158;195;163;land;false;desert;1
19762;242;230;144;land;false;hills;1
19763;11;9;107;land;false;mountain;1
19764;178;169;248;land;false;desert;1
19765;248;72;215;land;false;desert;1
19766;245;96;252;land;true;mountain;1
19767;219;216;244;land;false;desert;1
19768;241;135;186;land;false;forest;1
19769;110;15;1;land;false;urban;1
19770;39;10;127;land;false;mountain;1
19771;200;160;185;land;false;plains;1
19772;143;250;193;land;true;hills;1
19773;88;194;223;land;false;jungle;1
19774;161;250;95;land;false;forest;1
19775;107;152;246;land;false;forest;1
19776;129;179;193;land;false;forest;1
19777;225;102;252;land;true;mountain;1
19778;251;231;177;land;false;desert;1
19779;200;240;247;land;false;plains;1
19780;171;153;233;land;false;forest;1
19781;172;205;164;land;false;forest;1
19782;239;223;151;land;false;mountain;1
19783;12;5;88;land;false;urban;1
19784;25;56;32;land;false;urban;1
19785;174;197;132;land;false;jungle;1
19786;219;183;147;land;false;forest;1
19787;48;77;78;land;false;mountain;1
19788;155;162;203;land;false;plains;1
19789;139;184;206;land;true;desert;1
19790;246;184;80;land;false;desert;1
19791;247;243;41;land;false;mountain;1
19792;13;8;80;land;false;urban;1
19793;248;62;248;land;false;plains;1
19794;240;125;231;land;false;plains;1
19795;136;150;233;land;false;forest;1
19796;175;147;215;land;false;mountain;1
19797;247;207;76;land;false;plains;1
19798;225;80;252;land;false;forest;1
19799;183;222;230;land;false;forest;1
19800;164;213;149;land;false;forest;1
19801;155;184;174;land;false;forest;1
19802;234;171;173;land;false;forest;1
19803;206;175;164;land;true;marsh;1
19804;143;204;178;land;false;desert;1
19805;118;226;227;land;false;desert;1
19806;235;250;152;land;false;desert;1
19807;169;187;192;land;true;urban;1
19808;221;237;172;land;false;mountain;1
19809;186;198;177;land;false;jungle;1
19810;162;186;186;land;false;plains;1
19811;206;234;86;land;false;forest;1
19812;199;65;250;land;false;forest;1
19813;219;251;102;land;false;desert;1
19814;248;23;231;land;false;desert;1
19815;107;212;191;land;false;forest;1
19816;238;77;205;land;false;forest;1
19817;181;208;187;land;true;mountain;1
19818;244;87;247;land;false;plains;1
19819;64;207;231;land;false;forest;1
19820;219;178;143;land;false;forest;1
19821;147;152;237;land;false;forest;1
19822;93;209;243;land;false;desert;1
19823;216;147;254;land;true;forest;1
19824;229;113;164;land;false;plains;1
19825;252;194;222;land;false;hills;1
19826;203;134;200;land;false;hills;1
19827;159;235;246;land;false;forest;1
19828;57;3;82;land;false;urban;1
19829;178;240;85;land;false;forest;1
19830;140;209;219;land;false;forest;1
19831;247;214;109;land;false;forest;1
19832;1;76;56;land;false;urban;1
19833;211;200;107;land;false;forest;1
19834;173;210;162;land;false;forest;1
19835;233;152;118;land;false;forest;1
19836;251;173;133;land;false;mountain;1
19837;219;160;146;land;false;desert;1
19838;162;166;235;land;false;mountain;1
19839;244;224;82;land;false;plains;1
19840;141;242;208;land;false;plains;1
19841;188;204;156;land;false;forest;1
19842;212;171;209;land;false;forest;1
19843;182;184;181;land;false;mountain;1
19844;197;243;252;land;false;desert;1
19845;171;193;247;land;false;jungle;1
19846;252;155;106;land;false;forest;1
19847;239;110;252;land;true;mountain;1
19848;100;195;245;land;false;hills;1
19849;137;186;254;land;false;desert;1
19850;190;195;128;land;false;forest;1
19851;148;183;199;land;false;forest;1
19852;120;126;41;land;false;desert;1
19853;201;142;183;land;false;desert;1
19854;113;252;160;land;false;forest;1
19855;202;222;132;land;false;plains;1
19856;186;239;101;land;false;forest;1
19857;227;172;248;land;false;mountain;1
19858;231;126;245;land;false;desert;1
19859;165;160;237;land;false;plains;1
19860;193;143;171;land;false;forest;1
19861;200;212;116;land;false;forest;1
19862;192;218;92;land;false;forest;1
19863;236;239;250;land;true;desert;1
19864;120;170;246;land;false;desert;1
19865;235;234;176;land;false;plains;1
19866;139;150;227;land;false;plains;1
19867;217;182;158;land;false;plains;1
19868;150;163;226;land;false;forest;1
19869;223;187;100;land;false;forest;1
19870;78;208;223;land;false;desert;1
19871;173;155;220;land;true;plains;1
19872;216;149;221;land;false;plains;1
19873;48;251;251;land;false;forest;1
19874;245;209;154;land;false;forest;1
19875;215;188;139;land;false;plains;1
19876;206;251;191;land;false;forest;1
19877;54;244;254;land;false;plains;1
19878;43;232;235;land;false;marsh;1
19879;221;51;248;land;false;forest;1
19880;201;118;226;land;true;desert;1
19881;179;253;98;land;false;forest;1
19882;252;227;30;land;false;forest;1
19883;60;51;13;land;false;forest;1
19884;220;93;213;land;true;marsh;1
19885;234;166;190;land;false;plains;1
19886;22;76;26;land;true;urban;1
19887;229;192;212;land;false;desert;1
19888;226;209;252;land;false;plains;1
19889;194;221;157;land;false;forest;1
19890;231;220;232;land;false;forest;1
19891;196;227;90;land;false;forest;1
19892;235;150;148;land;false;plains;1
19893;208;180;115;land;false;forest;1
19894;179;153;239;land;false;plains;1
19895;252;245;50;land;false;forest;1
19896;240;111;249;land;false;forest;1
19897;238;152;209;land;true;hills;1
19898;217;177;204;land;true;plains;1
19899;239;248;143;land;false;forest;1
19900;215;188;207;land;false;forest;1
19901;248;227;57;land;false;plains;1
19902;132;248;150;land;true;marsh;1
19903;0;8;132;land;true;urban;1
19904;171;173;236;land;false;plains;1
19905;252;192;169;land;false;plains;1
19906;192;141;244;land;false;forest;1
19907;248;248;225;land;false;plains;1
19908;249;217;73;land;false;plains;1
19909;108;239;236;land;false;forest;1
19910;254;171;187;land;false;forest;1
19911;72;18;31;land;true;urban;1
19912;115;5;11;land;true;urban;1
19913;253;250;204;land;false;desert;1
19914;187;246;219;land;false;hills;1
19915;135;167;214;land;false;mountain;1
19916;201;249;220;land;false;mountain;1
19917;192;225;105;land;false;desert;1
19918;239;211;77;land;false;forest;1
19919;156;123;225;land;false;plains;1
19920;199;193;178;land;false;plains;1
19921;156;236;235;land;false;forest;1
19922;234;245;224;land;false;forest;1
19923;230;108;247;land;false;desert;1
19924;245;209;142;land;true;plains;1
19925;19;48;61;land;false;urban;1
19926;197;232;193;land;false;plains;1
19927;173;220;135;land;false;forest;1
19928;195;130;235;land;false;forest;1
19929;186;181;252;land;false;forest;1
19930;182;233;167;land;false;forest;1
19931;225;179;245;land;false;forest;1
19932;87;202;232;land;false;plains;1
19933;61;27;48;land;true;urban;1
19934;142;113;248;land;false;forest;1
19935;238;250;48;land;false;forest;1
19936;228;187;247;land;false;forest;1
19937;238;79;247;land;false;forest;1
19938;232;251;119;land;false;desert;1
19939;169;119;249;land;false;plains;1
19940;249;229;131;land;false;plains;1
19941;186;238;231;land;false;plains;1
19942;218;239;78;land;false;forest;1
19943;246;227;62;land;false;forest;1
19944;26;4;95;land;true;urban;1
19945;45;43;48;land;true;urban;1
19946;165;114;228;land;true;mountain;1
19947;85;70;47;land;false;desert;1
19948;230;244;214;land;false;forest;1
19949;81;60;8;land;false;urban;1
19950;171;92;247;land;true;plains;1
19951;253;174;128;land;false;plains;1
19952;148;212;241;land;false;forest;1
19953;250;147;188;land;true;urban;1
19954;107;226;186;land;false;forest;1
19955;163;121;230;land;false;plains;1
19956;217;249;252;land;false;forest;1
19957;185;216;126;land;false;plains;1
19958;169;135;245;land;false;plains;1
19959;193;241;217;land;false;forest;1
19960;206;121;236;land;true;plains;1
19961;153;106;243;land;false;forest;1
19962;71;189;241;land;false;mountain;1
19963;183;205;187;land;false;forest;1
19964;253;124;219;land;false;forest;1
19965;166;201;230;land;false;plains;1
19966;247;38;232;land;false;forest;1
19967;199;217;166;land;true;desert;1
19968;148;174;238;land;false;forest;1
19969;7;49;66;land;false;urban;1
19970;249;246;236;land;false;plains;1
19971;250;119;142;land;false;plains;1
19972;169;182;177;land;false;forest;1
19973;78;203;220;land;false;forest;1
19974;135;246;199;land;false;forest;1
19975;153;239;132;land;false;plains;1
19976;19;27;68;land;false;urban;1
19977;210;233;240;land;true;plains;1
19978;149;173;228;land;false;forest;1
19979;195;234;111;land;false;forest;1
19980;180;152;201;land;false;forest;1
19981;74;38;9;land;false;urban;1
19982;237;167;103;land;false;forest;1
19983;213;103;245;land;false;forest;1
19984;222;125;219;land;false;plains;1
19985;210;239;129;land;false;desert;1
19986;174;231;191;land;false;desert;1
19987;83;17;12;land;false;urban;1
19988;167;171;222;land;false;mountain;1
19989;234;174;134;land;false;forest;1
19990;214;180;151;land;false;hills;1
19991;173;233;121;land;false;forest;1
19992;192;212;215;land;false;forest;1
19993;239;153;186;land;false;forest;1
19994;40;64;10;land;false;urban;1
19995;247;170;155;land;false;plains;1
19996;241;234;226;land;false;forest;1
19997;196;120;188;land;false;mountain;1
19998;226;188;88;land;false;plains;1
19999;147;211;227;land;false;forest;1
20000;179;202;169;land;false;plains;1
20001;225;132;171;land;false;plains;1
20002;227;227;214;land;false;forest;1
20003;246;111;244;land;false;hills;1
20004;197;208;136;land;false;desert;1
20005;191;120;243;land;false;forest;1
20006;250;152;218;land;false;plains;1
20007;227;83;196;land;false;plains;1
20008;137;224;167;land;true;mountain;1
20009;137;181;193;land;false;desert;1
20010;207;235;204;land;false;forest;1
20011;216;190;137;land;false;forest;1
20012;88;69;127;land;true;mountain;1
20013;124;173;213;land;false;hills;1
20014;244;158;194;land;false;forest;1
20015;165;248;88;land;false;forest;1
20016;237;186;155;land;false;plains;1
20017;222;214;164;land;false;plains;1
20018;251;193;138;land;false;hills;1
20019;197;197;215;land;false;desert;1
20020;213;109;220;land;false;forest;1
20021;200;230;233;land;false;forest;1
20022;241;205;57;land;false;mountain;1
20023;242;55;206;land;false;hills;1
20024;248;187;69;land;false;hills;1
20025;213;164;166;land;false;plains;1
20026;99;8;84;land;true;mountain;1
20027;212;138;232;land;false;plains;1
20028;182;184;172;land;false;forest;1
20029;238;245;249;land;false;hills;1
20030;147;186;209;land;false;forest;1
20031;247;185;234;land;false;plains;1
20032;171;246;251;land;false;forest;1
20033;84;57;8;land;false;urban;1
20034;239;228;209;land;false;forest;1
20035;247;174;167;land;true;plains;1
20036;215;77;232;land;false;plains;1
20037;248;226;84;land;false;forest;1
20038;150;224;178;land;false;forest;1
20039;168;247;155;land;false;plains;1
20040;47;33;30;land;false;mountain;1
20041;174;204;139;land;false;plains;1
20042;12;28;85;land;false;urban;1
20043;69;200;240;land;true;plains;1
20044;127;220;210;land;false;forest;1
20045;248;177;212;land;false;forest;1
20046;230;191;242;land;true;plains;1
20047;187;251;113;land;false;plains;1
20048;167;202;134;land;false;forest;1
20049;135;6;4;land;false;urban;1
20050;218;95;253;land;false;forest;1
20051;176;183;250;land;false;forest;1
20052;182;161;194;land;true;desert;1
20053;253;113;232;land;false;plains;1
20054;132;151;219;land;false;plains;1
20055;106;199;224;land;false;forest;1
20056;60;16;55;land;false;mountain;1
20057;211;202;166;land;false;forest;1
20058;236;222;143;land;false;forest;1
20059;245;143;120;land;false;forest;1
20060;121;181;245;land;false;forest;1
20061;42;70;23;land;false;urban;1
20062;171;208;254;land;false;plains;1
20063;153;186;216;land;false;plains;1
20064;148;218;153;land;false;forest;1
20065;250;79;192;land;false;forest;1
20066;234;218;243;land;false;plains;1
20067;246;144;204;land;false;desert;1
20068;117;189;219;land;false;plains;1
20069;194;158;201;land;false;plains;1
20070;144;180;205;land;true;plains;1
20071;148;172;201;land;false;hills;1
20072;227;210;126;land;false;desert;1
20073;249;133;234;land;false;forest;1
20074;165;205;203;land;false;forest;1
20075;241;140;166;land;false;desert;1
20076;175;192;205;land;false;desert;1
20077;206;229;230;land;false;plains;1
20078;194;248;107;land;false;desert;1
20079;157;170;194;land;false;forest;1
20080;244;89;206;land;false;plains;1
20081;223;97;210;land;true;forest;1
20082;191;210;171;land;false;plains;1
20083;119;247;193;land;false;forest;1
20084;205;204;126;land;false;plains;1
20085;156;166;185;land;false;desert;1
20086;233;164;206;land;false;forest;1
20087;152;147;247;land;false;forest;1
20088;149;231;198;land;false;desert;1
20089;244;177;154;land;false;plains;1
20090;175;183;145;land;false;forest;1
20091;190;194;205;land;false;forest;1
20092;254;154;108;land;false;forest;1
20093;10;107;15;land;true;urban;1
20094;218;182;177;land;false;forest;1
20095;219;210;147;land;true;desert;1
20096;47;46;16;land;true;urban;1
20097;128;188;228;land;false;plains;1
20098;204;168;246;land;false;plains;1
20099;248;68;192;land;false;plains;1
20100;253;52;214;land;false;forest;1
20101;14;39;93;land;false;urban;1
20102;55;47;34;land;false;urban;1
20103;189;230;94;land;false;forest;1
20104;194;204;198;land;false;forest;1
20105;111;11;1;land;false;forest;1
20106;218;147;144;land;false;forest;1
20107;142;172;224;land;false;forest;1
20108;196;239;144;land;false;forest;1
20109;108;193;220;land;false;forest;1
20110;238;208;240;land;false;forest;1
20111;177;244;146;land;false;plains;1
20112;216;175;192;land;true;plains;1
20113;215;182;241;land;true;plains;1
20114;201;186;179;land;false;desert;1
20115;185;209;161;land;true;desert;1
20116;244;222;82;land;false;plains;1
20117;254;164;160;land;false;plains;1
20118;215;77;217;land;false;forest;1
20119;203;187;182;land;false;forest;1
20120;105;153;253;land;false;hills;1
20121;247;198;223;land;false;plains;1
20122;252;205;177;land;false;forest;1
20123;243;251;130;land;false;hills;1
20124;181;172;220;land;true;forest;1
20125;226;124;244;land;true;forest;1
20126;38;249;214;land;false;forest;1
20127;203;178;187;land;false;plains;1
20128;252;154;141;land;false;forest;1
20129;248;54;212;land;false;forest;1
20130;114;236;155;land;false;forest;1
20131;12;108;21;land;false;forest;1
20132;224;227;60;land;false;forest;1
20133;212;186;232;land;false;plains;1
20134;132;238;221;land;false;forest;1
20135;254;243;152;land;false;plains;1
20136;115;215;218;land;false;plains;1
20137;122;208;215;land;false;plains;1
20138;162;153;203;land;false;forest;1
20139;208;200;167;land;false;plains;1
20140;190;149;247;land;false;plains;1
20141;241;203;109;land;false;plains;1
20142;221;117;179;land;false;forest;1
20143;239;200;231;land;false;forest;1
20144;110;155;247;land;false;forest;1
20145;217;93;200;land;false;forest;1
20146;101;208;196;land;false;forest;1
20147;216;95;228;land;false;forest;1
20148;5;35;72;land;false;urban;1
20149;1;52;84;land;false;urban;1
20150;224;181;176;land;false;plains;1
20151;221;189;177;land;false;forest;1
20152;223;224;71;land;false;plains;1
20153;110;228;228;land;false;plains;1
20154;46;61;20;land;false;urban;1
20155;207;189;123;land;false;forest;1
20156;213;206;176;land;true;desert;1
20157;107;214;250;land;false;plains;1
20158;109;249;178;land;true;forest;1
20159;158;188;164;land;false;forest;1
20160;162;186;233;land;false;desert;1
20161;234;251;73;land;true;forest;1
20162;246;152;138;land;false;forest;1
20163;133;240;170;land;false;forest;1
20164;246;192;176;land;false;forest;1
20165;254;73;210;land;true;plains;1
20166;199;163;186;land;false;desert;1
20167;249;224;92;land;false;desert;1
20168;116;251;237;land;false;desert;1
20169;83;238;217;land;false;forest;1
20170;89;15;35;land;false;mountain;1
20171;122;250;196;land;false;hills;1
20172;237;74;200;land;false;forest;1
20173;85;64;54;land;true;mountain;1
20174;233;113;183;land;false;plains;1
20175;228;241;101;land;false;plains;1
20176;228;202;95;land;false;forest;1
20177;180;247;252;land;false;plains;1
20178;197;253;205;land;false;forest;1
20179;218;250;95;land;true;plains;1
20180;175;93;233;land;false;desert;1
20181;168;127;213;land;false;forest;1
20182;247;63;191;land;false;desert;1
20183;195;249;107;land;false;plains;1
20184;29;99;102;land;true;mountain;1
20185;250;251;87;land;false;hills;1
20186;175;85;243;land;false;plains;1
20187;200;169;178;land;false;plains;1
20188;229;108;206;land;false;plains;1
20189;175;158;193;land;false;forest;1
20190;250;196;135;land;false;forest;1
20191;237;192;144;land;false;forest;1
20192;225;159;125;land;false;plains;1
20193;186;234;254;land;false;forest;1
20194;233;160;120;land;false;forest;1
20195;201;234;110;land;false;forest;1
20196;4;95;16;land;false;forest;1
20197;218;82;235;land;false;plains;1
20198;91;35;12;land;true;urban;1
20199;51;95;33;land;true;mountain;1
20200;147;202;162;land;false;plains;1
20201;186;191;167;land;false;forest;1
20202;125;174;222;land;false;forest;1
20203;167;192;233;land;false;plains;1
20204;151;185;166;land;false;forest;1
20205;152;223;232;land;true;plains;1
20206;212;189;205;land;false;plains;1
20207;192;142;219;land;true;desert;1
20208;227;58;250;land;false;forest;1
20209;35;42;66;land;false;urban;1
20210;245;208;248;land;false;plains;1
20211;241;210;143;land;true;plains;1
20212;134;226;205;land;false;forest;1
20213;219;197;155;land;false;forest;1
20214;157;214;204;land;false;forest;1
20215;208;206;196;land;false;forest;1
20216;194;225;120;land;false;forest;1
20217;243;93;211;land;false;forest;1
20218;240;198;77;land;false;plains;1
20219;236;225;171;land;false;forest;1
20220;230;191;149;land;false;plains;1
20221;213;174;244;land;false;forest;1
20222;53;7;64;land;false;urban;1
20223;224;143;162;land;false;forest;1
20224;207;252;101;land;false;plains;1
20225;171;107;241;land;false;forest;1
20226;208;209;166;land;false;forest;1
20227;178;215;220;land;false;forest;1
20228;249;246;32;land;true;forest;1
20229;197;248;142;land;false;plains;1
20230;202;144;224;land;true;plains;1
20231;254;125;175;land;true;forest;1
20232;90;236;194;land;false;forest;1
20233;114;237;252;land;true;forest;1
20234;121;221;244;land;true;desert;1
20235;167;224;175;land;true;plains;1
20236;142;249;186;land;true;forest;1
20237;243;217;85;land;false;forest;1
20238;163;124;245;land;false;forest;1
20239;245;213;210;land;false;plains;1
20240;221;130;200;land;false;forest;1
20241;18;7;96;land;false;urban;1
20242;1;62;73;land;true;urban;1
20243;236;130;169;land;false;forest;1
20244;17;103;15;land;false;urban;1
20245;243;135;178;land;false;forest;1
20246;229;160;116;land;false;forest;1
20247;202;242;190;land;true;plains;1
20248;109;188;236;land;false;desert;1
20249;253;149;186;land;false;forest;1
20250;186;235;139;land;true;desert;1
20251;219;196;154;land;false;forest;1
20252;203;234;84;land;false;forest;1
20253;160;187;224;land;false;forest;1
20254;22;31;68;land;false;urban;1
20255;251;142;220;land;false;forest;1
20256;194;232;122;land;false;forest;1
20257;225;242;38;land;false;desert;1
20258;228;119;191;land;true;forest;1
20259;222;179;109;land;false;plains;1
20260;112;250;163;land;false;forest;1
20261;104;253;197;land;false;forest;1
20262;205;232;137;land;false;forest;1
20263;160;222;191;land;false;plains;1
20264;195;184;161;land;false;forest;1
20265;229;79;193;land;false;forest;1
20266;223;204;89;land;false;plains;1
20267;195;89;240;land;false;plains;1
20268;247;120;158;land;false;plains;1
20269;145;241;150;land;false;forest;1
20270;118;215;179;land;false;plains;1
20271;193;199;113;land;false;forest;1
20272;194;227;217;land;false;forest;1
20273;152;191;163;land;true;forest;1
20274;230;208;150;land;false;forest;1
20275;212;234;217;land;false;forest;1
20276;171;219;151;land;false;forest;1
20277;207;249;99;land;false;plains;1
20278;178;111;249;land;false;plains;1
20279;194;145;174;land;false;plains;1
20280;157;128;245;land;false;forest;1
20281;248;246;25;land;true;plains;1
20282;146;213;187;land;true;forest;1
20283;238;236;45;land;false;forest;1
20284;254;103;202;land;false;forest;1
20285;206;174;186;land;true;mountain;1
20286;228;252;91;land;true;mountain;1
20287;252;157;173;land;true;forest;1
20288;216;214;73;land;false;mountain;1
20289;129;149;226;land;false;forest;1
20290;247;209;83;land;true;mountain;1
20291;76;18;37;land;false;urban;1
20292;236;196;214;land;false;forest;1
20293;70;228;239;land;false;forest;1
20294;182;158;211;land;false;forest;1
20295;168;251;170;land;false;forest;1
20296;209;86;226;land;true;mountain;1
20297;143;238;225;land;true;mountain;1
20298;161;161;196;land;false;forest;1
20299;242;145;203;land;true;forest;1
20300;235;211;242;land;false;plains;1
20301;56;23;25;land;false;urban;1
20302;17;27;65;land;false;urban;1
20303;197;252;140;land;false;forest;1
20304;212;174;187;land;false;forest;1
20305;151;135;232;land;false;plains;1
20306;252;230;212;land;false;plains;1
20307;212;186;208;land;true;forest;1
20308;253;199;222;land;false;forest;1
20309;229;249;127;land;false;urban;1
20310;157;211;239;land;false;mountain;1
20311;142;181;188;land;false;plains;1
20312;238;242;209;land;false;plains;1
20313;164;241;159;land;false;forest;1
20314;185;142;180;land;false;forest;1
20315;124;174;225;land;false;forest;1
20316;254;237;232;land;true;mountain;1
20317;221;221;136;land;true;forest;1
20318;242;167;133;land;true;desert;1
20319;69;49;8;land;false;urban;1
20320;119;5;1;land;false;urban;1
20321;147;156;252;land;false;desert;1
20322;150;236;242;land;true;forest;1
20323;182;192;133;land;false;forest;1
20324;193;144;187;land;true;forest;1
20325;218;230;114;land;false;plains;1
20326;91;233;182;land;true;urban;1
20327;190;148;219;land;false;plains;1
20328;232;248;42;land;false;desert;1
20329;63;249;201;land;false;plains;1
20330;249;212;46;land;false;plains;1
20331;180;200;239;land;false;forest;1
20332;75;210;253;land;false;forest;1
20333;158;141;234;land;false;mountain;1
20334;240;146;184;land;false;plains;1
20335;168;139;205;land;true;mountain;1
20336;96;233;197;land;false;plains;1
20337;3;38;66;land;false;forest;1
20338;199;236;228;land;false;plains;1
20339;170;97;240;land;false;plains;1
20340;204;139;224;land;false;forest;1
20341;244;174;106;land;false;plains;1
20342;203;191;140;land;false;plains;1
20343;138;162;218;land;false;plains;1
20344;244;218;228;land;false;plains;1
20345;223;165;207;land;false;forest;1
20346;232;205;122;land;false;forest;1
20347;34;41;68;land;false;forest;1
20348;5;99;74;sea;false;ocean;0
20349;7;22;96;sea;true;ocean;0
20350;33;114;124;sea;true;ocean;0
20351;37;67;68;sea;true;ocean;0
20352;51;82;106;sea;true;ocean;0
20353;85;35;78;sea;true;ocean;0
20354;18;73;10;sea;true;ocean;0
20355;40;47;115;sea;true;ocean;0
20356;59;29;15;sea;true;ocean;0
20357;91;74;11;sea;true;ocean;0
20358;14;55;85;sea;true;ocean;0
20359;8;66;74;sea;true;ocean;0
20360;39;77;58;sea;true;ocean;0
20361;49;22;106;sea;false;ocean;0
20362;100;94;88;sea;true;ocean;0
20363;41;0;109;sea;false;ocean;0
20364;62;81;63;sea;true;ocean;0
20365;83;67;29;sea;true;ocean;0
20366;29;13;115;sea;true;ocean;0
20367;22;65;23;sea;true;ocean;0
20368;35;52;16;sea;true;ocean;0
20369;80;87;104;sea;true;ocean;0
20370;67;8;5;sea;true;ocean;0
20371;52;122;54;sea;true;ocean;0
20372;70;120;61;sea;true;ocean;0
20373;93;11;42;sea;true;ocean;0
20374;105;56;98;sea;true;ocean;0
20375;107;73;62;sea;true;ocean;0
20376;9;73;80;sea;false;ocean;0
20377;53;27;66;sea;true;ocean;0
20378;69;121;95;sea;false;ocean;0
20379;70;120;104;sea;false;ocean;0
20380;2;86;13;sea;true;ocean;0
20381;15;94;8;sea;true;ocean;0
20382;35;96;120;sea;true;ocean;0
20383;1;113;18;sea;true;ocean;0
20384;8;62;116;sea;true;ocean;0
20385;80;100;78;sea;false;ocean;0
20386;18;31;43;sea;false;ocean;0
20387;48;127;70;sea;true;ocean;0
20388;30;68;15;sea;true;ocean;0
20389;62;13;28;sea;true;ocean;0
20390;86;31;87;sea;true;ocean;0
20391;40;123;56;sea;false;ocean;0
20392;65;14;55;sea;true;ocean;0
20393;120;66;88;sea;true;ocean;0
20394;30;22;16;sea;true;ocean;0
20395;47;24;0;sea;true;ocean;0
20396;36;114;19;sea;false;ocean;0
20397;76;101;76;sea;true;ocean;0
20398;5;91;121;sea;true;ocean;0
20399;66;61;37;sea;false;ocean;0
20400;119;55;46;sea;true;ocean;0
20401;49;48;75;sea;true;ocean;0
20402;50;63;35;sea;false;ocean;0
20403;27;117;77;sea;false;ocean;0
20404;8;60;94;sea;false;ocean;0
20405;91;116;23;sea;true;ocean;0
20406;26;114;1;sea;true;ocean;0
20407;96;51;120;sea;true;ocean;0
20408;83;43;121;sea;false;ocean;0
20409;43;6;77;sea;false;ocean;0
20410;26;2;85;sea;false;ocean;0
20411;115;80;18;sea;false;ocean;0
20412;118;59;120;sea;false;ocean;0
20413;51;12;28;sea;false;ocean;0
20414;103;117;72;sea;false;ocean;0
20415;6;62;45;sea;true;ocean;0
20416;20;72;60;sea;false;ocean;0
20417;66;72;88;sea;true;ocean;0
20418;13;26;63;sea;true;ocean;0
20419;46;101;66;sea;false;ocean;0
20420;83;66;9;sea;true;ocean;0
20421;107;115;67;sea;true;ocean;0
20422;24;68;47;sea;true;ocean;0
20423;30;26;74;sea;true;ocean;0
20424;118;102;72;sea;true;ocean;0
20425;27;110;41;sea;true;ocean;0
20426;9;71;84;sea;true;ocean;0
20427;23;79;66;sea;true;ocean;0
20428;31;123;30;sea;false;ocean;0
20429;36;35;122;sea;true;ocean;0
20430;49;43;14;sea;true;ocean;0
20431;45;70;61;sea;true;ocean;0
20432;0;71;107;sea;true;ocean;0
20433;0;105;113;sea;true;ocean;0
20434;49;55;45;sea;true;ocean;0
20435;25;124;90;sea;true;ocean;0
20436;30;61;39;sea;true;ocean;0
20437;19;18;66;sea;true;ocean;0
20438;120;60;79;sea;true;ocean;0
20439;79;39;70;sea;true;ocean;0
20440;82;93;90;sea;false;ocean;0
20441;111;43;45;sea;true;ocean;0
20442;33;46;112;sea;true;ocean;0
20443;58;87;118;sea;true;ocean;0
20444;76;52;64;sea;true;ocean;0
20445;49;71;102;sea;true;ocean;0
20446;85;70;95;sea;true;ocean;0
20447;97;94;92;sea;false;ocean;0
20448;91;121;75;sea;true;ocean;0
20449;93;88;95;sea;true;ocean;0
20450;110;61;84;sea;true;ocean;0
20451;105;107;65;sea;true;ocean;0
20452;71;17;102;sea;true;ocean;0
20453;58;67;127;sea;false;ocean;0
20454;120;58;80;sea;false;ocean;0
20455;79;49;94;sea;true;ocean;0
20456;47;33;63;sea;true;ocean;0
20457;3;75;111;sea;true;ocean;0
20458;41;81;121;sea;false;ocean;0
20459;19;122;125;sea;true;ocean;0
20460;2;116;23;sea;true;ocean;0
20461;4;58;35;sea;true;ocean;0
20462;5;89;52;sea;true;ocean;0
20463;18;42;104;sea;false;ocean;0
20464;23;14;91;sea;true;ocean;0
20465;37;56;38;sea;true;ocean;0
20466;55;31;93;sea;true;ocean;0
20467;110;75;26;sea;true;ocean;0
20468;90;24;88;sea;false;ocean;0
20469;55;10;81;sea;true;ocean;0
20470;16;23;127;sea;false;ocean;0
20471;74;7;112;sea;true;ocean;0
20472;13;44;106;sea;false;ocean;0
20473;56;0;104;sea;false;ocean;0
20474;64;3;15;sea;true;ocean;0
20475;42;20;24;sea;true;ocean;0
20476;43;118;32;sea;false;ocean;0
20477;55;101;127;sea;true;ocean;0
20478;73;25;50;sea;true;ocean;0
20479;25;52;81;sea;false;ocean;0
20480;76;60;88;sea;true;ocean;0
20481;6;24;121;sea;true;ocean;0
20482;29;2;33;sea;true;ocean;0
20483;24;89;73;sea;true;ocean;0
20484;34;68;24;sea;false;ocean;0
20485;47;95;56;sea;false;ocean;0
20486;34;48;30;sea;true;ocean;0
20487;20;90;18;sea;true;ocean;0
20488;81;64;74;sea;true;ocean;0
20489;105;62;127;sea;true;ocean;0
20490;108;108;11;sea;false;ocean;0
20491;8;104;5;sea;false;ocean;0
20492;119;88;55;sea;true;ocean;0
20493;83;17;33;sea;true;ocean;0
20494;57;7;71;sea;false;ocean;0
20495;118;23;40;sea;false;ocean;0
20496;47;71;67;sea;true;ocean;0
20497;88;87;66;sea;true;ocean;0
20498;5;96;20;sea;false;ocean;0
20499;14;23;23;sea;false;ocean;0
20500;38;107;109;sea;true;ocean;0
20501;75;31;96;sea;false;ocean;0
20502;40;6;107;sea;false;ocean;0
20503;27;42;68;sea;true;ocean;0
20504;4;62;35;sea;false;ocean;0
20505;36;33;43;sea;true;ocean;0
20506;6;106;120;sea;true;ocean;0
20507;87;97;4;sea;true;ocean;0
20508;112;56;119;sea;true;ocean;0
20509;9;98;14;sea;true;ocean;0
20510;80;36;1;sea;true;ocean;0
20511;15;51;104;sea;false;ocean;0
20512;53;115;1;sea;false;ocean;0
20513;57;24;93;sea;false;ocean;0
20514;93;13;41;sea;true;ocean;0
20515;38;41;51;sea;true;ocean;0
20516;29;29;44;sea;true;ocean;0
20517;32;74;5;sea;true;ocean;0
20518;65;90;86;sea;true;ocean;0
20519;79;115;87;sea;true;ocean;0
20520;70;50;89;sea;true;ocean;0
20521;13;90;41;sea;true;ocean;0
20522;97;75;101;sea;false;ocean;0
20523;102;67;63;sea;false;ocean;0
20524;15;111;108;sea;false;ocean;0
20525;29;61;36;sea;false;ocean;0
20526;52;95;86;sea;true;ocean;0
20527;47;94;28;sea;false;ocean;0
20528;101;77;112;sea;true;ocean;0
20529;42;72;49;sea;false;ocean;0
20530;76;126;81;sea;true;ocean;0
20531;27;90;85;sea;true;ocean;0
20532;39;116;15;sea;true;ocean;0
20533;82;57;48;sea;true;ocean;0
20534;36;0;103;sea;false;ocean;0
20535;16;94;118;sea;true;ocean;0
20536;76;80;63;sea;true;ocean;0
20537;67;65;67;sea;false;ocean;0
20538;19;8;105;sea;true;ocean;0
20539;25;124;113;sea;false;ocean;0
20540;93;90;49;sea;false;ocean;0
20541;21;17;20;sea;true;ocean;0
20542;31;60;115;sea;true;ocean;0
20543;38;118;59;sea;true;ocean;0
20544;30;47;94;sea;true;ocean;0
20545;107;53;85;sea;true;ocean;0
20546;88;29;114;sea;false;ocean;0
20547;91;37;89;sea;false;ocean;0
20548;34;36;23;sea;true;ocean;0
20549;66;29;69;sea;true;ocean;0
20550;5;39;100;sea;true;ocean;0
20551;112;98;84;sea;true;ocean;0
20552;19;13;28;sea;true;ocean;0
20553;65;79;14;sea;true;ocean;0
20554;34;81;4;sea;false;ocean;0
20555;41;105;107;sea;true;ocean;0
20556;82;54;32;sea;true;ocean;0
20557;87;110;4;sea;false;ocean;0
20558;111;11;10;sea;true;ocean;0
20559;9;99;83;sea;true;ocean;0
20560;39;74;42;sea;true;ocean;0
20561;26;99;57;sea;true;ocean;0
20562;29;48;44;sea;false;ocean;0
20563;45;81;74;sea;false;ocean;0
20564;17;118;23;sea;false;ocean;0
20565;50;18;99;sea;true;ocean;0
20566;117;67;82;sea;true;ocean;0
20567;105;127;56;sea;true;ocean;0
20568;65;24;27;sea;true;ocean;0
20569;40;100;16;sea;false;ocean;0
20570;127;65;60;sea;false;ocean;0
20571;41;63;24;sea;false;ocean;0
20572;34;94;65;sea;false;ocean;0
20573;126;50;101;sea;false;ocean;0
20574;109;64;71;sea;true;ocean;0
20575;10;111;14;sea;true;ocean;0
20576;61;53;89;sea;true;ocean;0
20577;75;56;39;sea;true;ocean;0
20578;75;12;27;sea;true;ocean;0
20579;59;14;11;sea;false;ocean;0
20580;123;110;40;sea;false;ocean;0
20581;38;102;76;sea;false;ocean;0
20582;45;41;48;sea;true;ocean;0
20583;111;6;61;sea;true;ocean;0
20584;118;102;76;sea;true;ocean;0
20585;55;68;74;sea;true;ocean;0
20586;114;1;120;sea;true;ocean;0
20587;83;12;85;sea;true;ocean;0
20588;79;26;122;sea;true;ocean;0
20589;19;82;122;sea;false;ocean;0
20590;114;0;94;sea;false;ocean;0
20591;91;24;57;sea;true;ocean;0
20592;107;17;72;sea;true;ocean;0
20593;86;105;64;sea;true;ocean;0
20594;57;81;80;sea;false;ocean;0
20595;10;35;97;sea;false;ocean;0
20596;127;16;34;sea;false;ocean;0
20597;86;14;104;sea;false;ocean;0
20598;17;52;115;sea;true;ocean;0
20599;117;123;5;sea;false;ocean;0
20600;99;12;13;sea;false;ocean;0
20601;38;26;68;sea;true;ocean;0
20602;3;42;55;sea;true;ocean;0
20603;90;26;64;sea;false;ocean;0
20604;43;30;102;sea;true;ocean;0
20605;5;0;108;sea;true;ocean;0
20606;7;10;61;sea;false;ocean;0
20607;40;61;112;sea;true;ocean;0
20608;0;21;61;sea;true;ocean;0
20609;40;48;22;sea;true;ocean;0
20610;119;26;48;sea;true;ocean;0
20611;33;110;43;sea;false;ocean;0
20612;18;73;2;sea;false;ocean;0
20613;94;13;58;sea;true;ocean;0
20614;103;94;47;sea;true;ocean;0
20615;113;116;20;sea;false;ocean;0
20616;81;52;90;sea;true;ocean;0
20617;32;12;46;sea;true;ocean;0
20618;111;92;41;sea;false;ocean;0
20619;39;67;51;sea;false;ocean;0
20620;47;60;83;sea;false;ocean;0
20621;12;20;117;sea;false;ocean;0
20622;41;20;39;sea;true;ocean;0
20623;104;124;45;sea;false;ocean;0
20624;116;21;18;sea;true;ocean;0
20625;33;71;2;sea;true;ocean;0
20626;6;21;77;sea;true;ocean;0
20627;52;124;85;sea;true;ocean;0
20628;74;53;98;sea;true;ocean;0
20629;53;108;20;sea;true;ocean;0
20630;57;56;91;sea;false;ocean;0
20631;83;25;82;sea;true;ocean;0
20632;31;118;15;sea;true;ocean;0
20633;123;60;4;sea;true;ocean;0
20634;25;22;23;sea;true;ocean;0
20635;79;122;54;sea;true;ocean;0
20636;50;32;113;sea;true;ocean;0
20637;19;46;77;sea;true;ocean;0
20638;86;18;18;sea;false;ocean;0
20639;20;13;71;sea;false;ocean;0
20640;91;86;79;sea;true;ocean;0
20641;99;93;18;sea;true;ocean;0
20642;27;93;42;sea;true;ocean;0
20643;30;118;81;sea;true;ocean;0
20644;46;8;117;sea;true;ocean;0
20645;119;15;114;sea;true;ocean;0
20646;4;91;28;sea;true;ocean;0
20647;75;48;65;sea;false;ocean;0
20648;11;26;62;sea;true;ocean;0
20649;74;12;18;lake;false;lakes;0
20650;122;48;43;sea;true;ocean;0
20651;6;114;83;sea;true;ocean;0
20652;27;27;33;sea;true;ocean;0
20653;98;19;109;sea;false;ocean;0
20654;62;53;61;sea;true;ocean;0
20655;125;24;93;sea;true;ocean;0
20656;80;1;107;sea;false;ocean;0
20657;31;117;61;sea;true;ocean;0
20658;54;71;90;sea;true;ocean;0
20659;24;115;35;sea;true;ocean;0
20660;43;38;99;sea;false;ocean;0
20661;17;106;39;sea;true;ocean;0
20662;22;82;76;sea;true;ocean;0
20663;3;48;29;sea;false;ocean;0
20664;59;23;1;sea;true;ocean;0
20665;62;33;72;sea;false;ocean;0
20666;12;71;112;sea;true;ocean;0
20667;127;4;31;sea;true;ocean;0
20668;47;47;62;sea;false;ocean;0
20669;33;31;90;sea;true;ocean;0
20670;46;69;94;sea;false;ocean;0
20671;5;88;47;sea;true;ocean;0
20672;68;44;61;sea;false;ocean;0
20673;25;40;112;sea;true;ocean;0
20674;83;5;17;sea;true;ocean;0
20675;100;26;47;sea;true;ocean;0
20676;113;126;44;sea;true;ocean;0
20677;18;48;50;sea;true;ocean;0
20678;53;104;123;sea;true;ocean;0
20679;9;81;56;sea;true;ocean;0
20680;12;87;60;sea;true;ocean;0
20681;5;109;70;sea;false;ocean;0
20682;4;51;124;sea;false;ocean;0
20683;28;71;28;sea;false;ocean;0
20684;71;82;33;sea;true;ocean;0
20685;59;21;109;sea;true;ocean;0
20686;84;41;121;sea;true;ocean;0
20687;50;18;69;sea;true;ocean;0
20688;103;87;38;sea;true;ocean;0
20689;19;46;40;sea;true;ocean;0
20690;93;24;30;sea;false;ocean;0
20691;64;89;83;sea;false;ocean;0
20692;63;80;99;sea;true;ocean;0
20693;108;74;58;sea;true;ocean;0
20694;34;113;96;sea;true;ocean;0
20695;91;62;39;sea;true;ocean;0
20696;94;104;89;sea;false;ocean;0
20697;62;9;88;sea;false;ocean;0
20698;22;75;76;sea;false;ocean;0
20699;13;105;64;sea;true;ocean;0
20700;52;123;16;sea;true;ocean;0
20701;124;68;11;sea;false;ocean;0
20702;31;67;28;sea;true;ocean;0
20703;111;82;92;sea;true;ocean;0
20704;63;30;97;sea;true;ocean;0
20705;27;115;36;sea;true;ocean;0
20706;41;8;13;sea;false;ocean;0
20707;6;115;67;sea;true;ocean;0
20708;116;102;23;sea;false;ocean;0
20709;105;83;60;sea;true;ocean;0
20710;85;33;110;sea;true;ocean;0
20711;13;19;123;sea;false;ocean;0
20712;5;36;81;sea;false;ocean;0
20713;98;51;65;sea;true;ocean;0
20714;20;20;113;sea;true;ocean;0
20715;76;95;83;sea;false;ocean;0
20716;26;63;76;sea;true;ocean;0
20717;39;124;30;sea;true;ocean;0
20718;58;96;73;sea;true;ocean;0
20719;81;71;47;sea;true;ocean;0
20720;13;10;118;sea;true;ocean;0
20721;9;34;15;sea;false;ocean;0
20722;45;47;22;sea;true;ocean;0
20723;72;17;20;land;false;desert;1
20724;85;87;107;sea;false;ocean;0
20725;51;0;46;sea;true;ocean;0
20726;75;30;82;sea;true;ocean;0
20727;38;75;65;sea;true;ocean;0
20728;0;92;124;sea;true;ocean;0
20729;48;45;31;sea;false;ocean;0
20730;1;34;85;sea;true;ocean;0
20731;98;18;80;sea;false;ocean;0
20732;18;12;42;sea;true;ocean;0
20733;101;58;68;sea;true;ocean;0
20734;47;36;29;sea;true;ocean;0
20735;21;0;76;sea;false;ocean;0
20736;73;59;44;sea;true;ocean;0
20737;43;121;113;sea;true;ocean;0
20738;29;60;115;sea;false;ocean;0
20739;11;93;39;sea;true;ocean;0
20740;67;75;115;sea;true;ocean;0
20741;35;45;34;sea;true;ocean;0
20742;36;71;78;sea;true;ocean;0
20743;49;37;18;sea;true;ocean;0
20744;25;67;54;sea;true;ocean;0
20745;90;91;118;sea;true;ocean;0
20746;78;14;34;sea;false;ocean;0
20747;10;96;14;sea;false;ocean;0
20748;31;89;41;sea;true;ocean;0
20749;43;6;43;sea;false;ocean;0
20750;22;5;38;sea;true;ocean;0
20751;86;107;64;sea;true;ocean;0
20752;122;5;86;sea;false;ocean;0
20753;4;95;96;sea;true;ocean;0
20754;35;24;38;sea;true;ocean;0
20755;23;110;26;sea;false;ocean;0
20756;38;56;120;sea;true;ocean;0
20757;36;127;34;sea;true;ocean;0
20758;51;94;68;sea;true;ocean;0
20759;50;104;68;sea;true;ocean;0
20760;32;117;33;sea;true;ocean;0
20761;98;69;31;sea;true;ocean;0
20762;114;65;71;sea;false;ocean;0
20763;84;54;90;sea;false;ocean;0
20764;26;60;74;sea;true;ocean;0
20765;20;56;108;sea;true;ocean;0
20766;60;37;6;sea;true;ocean;0
20767;114;18;45;sea;true;ocean;0
20768;30;43;26;sea;true;ocean;0
20769;87;38;33;lake;false;lakes;0
20770;68;30;117;sea;true;ocean;0
20771;123;43;125;sea;true;ocean;0
20772;35;9;26;sea;true;ocean;0
20773;110;78;47;sea;true;ocean;0
20774;30;53;70;sea;true;ocean;0
20775;12;127;25;sea;true;ocean;0
20776;122;2;58;sea;false;ocean;0
20777;10;33;21;sea;true;ocean;0
20778;6;21;126;sea;false;ocean;0
20779;59;34;100;sea;false;ocean;0
20780;69;16;112;sea;false;ocean;0
20781;91;57;123;sea;false;ocean;0
20782;22;78;5;sea;true;ocean;0
20783;100;22;8;sea;true;ocean;0
20784;16;120;10;sea;true;ocean;0
20785;12;103;27;sea;false;ocean;0
20786;116;3;46;sea;false;ocean;0
20787;44;87;25;sea;true;ocean;0
20788;49;3;120;sea;false;ocean;0
20789;18;45;45;sea;true;ocean;0
20790;29;96;16;sea;true;ocean;0
20791;119;91;21;sea;false;ocean;0
20792;1;25;80;sea;true;ocean;0
20793;12;3;20;sea;true;ocean;0
20794;46;57;29;sea;true;ocean;0
20795;29;91;85;sea;true;ocean;0
20796;46;48;36;sea;true;ocean;0
20797;98;76;118;sea;false;ocean;0
20798;115;34;79;sea;true;ocean;0
20799;127;43;14;sea;true;ocean;0
20800;24;80;4;sea;true;ocean;0
20801;116;85;7;sea;false;ocean;0
20802;37;14;21;sea;true;ocean;0
20803;85;7;40;sea;true;ocean;0
20804;18;63;81;sea;true;ocean;0
20805;118;3;33;sea;false;ocean;0
20806;69;91;56;sea;false;ocean;0
20807;20;82;82;sea;true;ocean;0
20808;87;121;56;sea;true;ocean;0
20809;112;122;6;sea;true;ocean;0
20810;76;81;58;sea;false;ocean;0
20811;17;86;68;sea;true;ocean;0
20812;35;52;81;sea;false;ocean;0
20813;59;95;57;sea;true;ocean;0
20814;23;114;59;sea;true;ocean;0
20815;122;77;95;sea;true;ocean;0
20816;77;92;38;sea;true;ocean;0
20817;49;29;117;sea;true;ocean;0
20818;3;93;85;sea;true;ocean;0
20819;52;77;85;sea;true;ocean;0
20820;55;119;64;sea;true;ocean;0
20821;17;103;0;sea;true;ocean;0
20822;119;124;23;sea;true;ocean;0
20823;5;96;5;sea;true;ocean;0
20824;75;107;0;sea;true;ocean;0
20825;74;3;104;sea;true;ocean;0
20826;65;97;36;sea;true;ocean;0
20827;5;100;27;sea;true;ocean;0
20828;47;31;111;sea;true;ocean;0
20829;19;70;0;sea;false;ocean;0
20830;75;92;43;sea;true;ocean;0
20831;17;115;18;sea;true;ocean;0
20832;11;80;81;sea;true;ocean;0
20833;101;44;51;sea;true;ocean;0
20834;90;40;84;sea;true;ocean;0
20835;0;39;56;sea;true;ocean;0
20836;1;78;109;sea;false;ocean;0
20837;18;69;70;sea;false;ocean;0
20838;48;9;107;sea;false;ocean;0
20839;116;112;62;sea;true;ocean;0
20840;54;24;73;sea;true;ocean;0
20841;106;127;52;sea;false;ocean;0
20842;59;94;22;sea;true;ocean;0
20843;53;93;127;sea;true;ocean;0
20844;100;84;103;sea;false;ocean;0
20845;123;62;78;sea;true;ocean;0
20846;75;33;117;sea;true;ocean;0
20847;7;16;26;sea;false;ocean;0
20848;8;15;99;sea;false;ocean;0
20849;103;12;74;sea;false;ocean;0
20850;48;47;39;sea;true;ocean;0
20851;116;17;48;sea;false;ocean;0
20852;89;61;89;sea;true;ocean;0
20853;69;43;86;sea;false;ocean;0
20854;41;71;113;sea;true;ocean;0
20855;24;13;54;sea;false;ocean;0
20856;88;76;46;sea;false;ocean;0
20857;64;9;114;sea;true;ocean;0
20858;65;110;44;sea;true;ocean;0
20859;49;38;46;sea;true;ocean;0
20860;11;99;72;sea;false;ocean;0
20861;85;126;0;lake;false;ocean;0
20862;116;75;90;sea;true;ocean;0
20863;106;76;80;sea;true;ocean;0
20864;68;59;49;sea;false;ocean;0
20865;64;48;48;sea;true;ocean;0
20866;51;125;44;sea;true;ocean;0
20867;92;25;39;sea;false;ocean;0
20868;1;67;24;sea;false;ocean;0
20869;96;56;74;sea;false;ocean;0
20870;71;79;81;sea;false;ocean;0
20871;126;8;40;sea;false;ocean;0
20872;54;75;123;sea;true;ocean;0
20873;22;86;2;sea;true;ocean;0
20874;91;60;8;sea;false;ocean;0
20875;51;9;106;sea;true;ocean;0
20876;44;99;34;sea;true;ocean;0
20877;104;31;48;sea;true;ocean;0
20878;111;53;103;lake;false;ocean;0
20879;63;94;94;sea;false;ocean;0
20880;24;108;41;sea;true;ocean;0
20881;123;33;30;sea;true;ocean;0
20882;62;99;122;sea;false;ocean;0
20883;53;88;120;sea;false;ocean;0
20884;56;49;13;sea;false;ocean;0
20885;80;55;69;sea;true;ocean;0
20886;38;94;16;sea;true;ocean;0
20887;79;34;21;sea;true;ocean;0
20888;11;89;40;sea;true;ocean;0
20889;58;99;33;sea;true;ocean;0
20890;93;60;8;sea;false;ocean;0
20891;83;13;24;sea;true;ocean;0
20892;39;64;12;sea;true;ocean;0
20893;5;30;116;sea;true;ocean;0
20894;27;2;96;sea;true;ocean;0
20895;127;12;50;sea;false;ocean;0
20896;48;54;48;sea;false;ocean;0
20897;62;37;103;sea;true;ocean;0
20898;107;51;112;sea;true;ocean;0
20899;102;113;28;sea;true;ocean;0
20900;67;17;85;sea;false;ocean;0
20901;11;82;117;sea;false;ocean;0
20902;3;68;21;sea;true;ocean;0
20903;47;30;44;sea;true;ocean;0
20904;88;37;97;sea;false;ocean;0
20905;2;54;96;sea;true;ocean;0
20906;21;1;91;sea;true;ocean;0
20907;26;56;11;sea;true;ocean;0
20908;90;68;66;sea;true;ocean;0
20909;33;115;74;sea;true;ocean;0
20910;21;48;88;sea;true;ocean;0
20911;95;97;74;sea;true;ocean;0
20912;45;35;6;sea;true;ocean;0
20913;59;32;44;sea;false;ocean;0
20914;119;109;70;sea;false;ocean;0
20915;12;67;36;sea;true;ocean;0
20916;50;97;119;sea;true;ocean;0
20917;22;124;43;sea;true;ocean;0
20918;5;75;21;sea;true;ocean;0
20919;94;36;45;sea;true;ocean;0
20920;45;96;114;sea;false;ocean;0
20921;47;16;18;sea;true;ocean;0
20922;42;114;46;sea;false;ocean;0
20923;102;91;67;sea;false;ocean;0
20924;27;65;3;sea;true;ocean;0
20925;31;69;96;sea;true;ocean;0
20926;122;96;66;sea;true;ocean;0
20927;63;13;12;sea;false;ocean;0
20928;2;103;83;sea;true;ocean;0
20929;86;26;54;sea;true;ocean;0
20930;59;74;77;sea;true;ocean;0
20931;71;90;104;sea;true;ocean;0
20932;79;118;35;sea;true;ocean;0
20933;34;56;52;sea;false;ocean;0
20934;89;56;115;sea;false;ocean;0
20935;26;114;114;sea;true;ocean;0
20936;32;65;31;sea;true;ocean;0
20937;69;126;99;sea;false;ocean;0
20938;72;66;99;sea;true;ocean;0
20939;17;87;114;sea;true;ocean;0
20940;11;116;87;sea;false;ocean;0
20941;112;57;26;sea;true;ocean;0
20942;94;97;56;sea;true;ocean;0
20943;4;111;37;sea;true;ocean;0
20944;63;85;84;sea;false;ocean;0
20945;94;60;84;sea;false;ocean;0
20946;119;100;23;sea;true;ocean;0
20947;7;67;35;sea;true;ocean;0
20948;82;33;127;sea;true;ocean;0
20949;92;109;59;sea;true;ocean;0
20950;51;4;4;sea;true;ocean;0
20951;16;123;114;sea;true;ocean;0
20952;28;13;94;sea;false;ocean;0
20953;17;77;96;sea;false;ocean;0
20954;26;88;65;sea;false;ocean;0
20955;52;57;50;sea;true;ocean;0
20956;67;68;70;sea;true;ocean;0
20957;46;13;121;sea;true;ocean;0
20958;63;119;60;sea;true;ocean;0
20959;5;1;15;sea;false;ocean;0
20960;42;69;35;sea;true;ocean;0
20961;97;71;71;sea;false;ocean;0
20962;21;67;79;sea;true;ocean;0
20963;121;84;92;sea;false;ocean;0
20964;78;12;72;sea;true;ocean;0
20965;124;2;31;sea;true;ocean;0
20966;10;92;103;sea;true;ocean;0
20967;26;118;25;sea;true;ocean;0
20968;72;89;123;sea;true;ocean;0
20969;19;6;20;sea;true;ocean;0
20970;116;94;79;sea;false;ocean;0
20971;89;5;72;sea;true;ocean;0
20972;38;121;20;sea;false;ocean;0
20973;80;107;52;sea;true;ocean;0
20974;9;98;28;sea;false;ocean;0
20975;102;67;102;sea;false;ocean;0
20976;82;21;85;sea;false;ocean;0
20977;117;69;83;sea;true;ocean;0
20978;62;120;5;sea;true;ocean;0
20979;38;3;80;sea;true;ocean;0
20980;107;94;53;sea;true;ocean;0
20981;4;91;75;sea;false;ocean;0
20982;45;28;30;sea;false;ocean;0
20983;95;4;47;sea;true;ocean;0
20984;37;27;89;sea;true;ocean;0
20985;107;48;56;sea;false;ocean;0
20986;123;73;70;sea;true;ocean;0
20987;88;71;45;sea;true;ocean;0
20988;16;66;72;sea;false;ocean;0
20989;26;6;19;sea;true;ocean;0
20990;70;114;115;sea;false;ocean;0
20991;74;121;93;sea;false;ocean;0
20992;15;106;6;sea;true;ocean;0
20993;101;86;111;sea;true;ocean;0
20994;20;49;9;sea;true;ocean;0
20995;115;102;11;sea;true;ocean;0
20996;35;71;38;sea;false;ocean;0
20997;17;80;51;sea;true;ocean;0
20998;20;91;124;sea;false;ocean;0
20999;47;60;91;sea;true;ocean;0
21000;28;76;17;sea;true;ocean;0
21001;63;68;59;sea;true;ocean;0
21002;41;62;47;sea;true;ocean;0
21003;79;61;113;sea;true;ocean;0
21004;50;47;102;sea;true;ocean;0
21005;60;118;55;sea;false;ocean;0
21006;16;88;66;sea;true;ocean;0
21007;48;38;11;sea;true;ocean;0
21008;69;41;94;sea;true;ocean;0
21009;26;36;4;sea;true;ocean;0
21010;58;37;87;sea;true;ocean;0
21011;87;12;117;sea;true;ocean;0
21012;110;58;74;sea;false;ocean;0
21013;19;91;40;sea;false;ocean;0
21014;7;74;43;sea;true;ocean;0
21015;45;14;63;sea;true;ocean;0
21016;49;52;46;sea;true;ocean;0
21017;24;74;7;sea;true;ocean;0
21018;67;75;27;sea;true;ocean;0
21019;86;105;9;sea;false;ocean;0
21020;21;63;13;sea;true;ocean;0
21021;124;41;44;sea;false;ocean;0
21022;32;126;68;sea;true;ocean;0
21023;47;7;80;sea;true;ocean;0
21024;6;103;52;sea;false;ocean;0
21025;72;51;75;sea;false;ocean;0
21026;19;13;60;sea;true;ocean;0
21027;102;9;110;sea;true;ocean;0
21028;19;85;83;sea;false;ocean;0
21029;46;1;51;sea;true;ocean;0
21030;63;50;66;sea;true;ocean;0
21031;57;30;44;sea;true;ocean;0
21032;30;14;105;sea;false;ocean;0
21033;98;63;106;sea;true;ocean;0
21034;40;53;82;sea;false;ocean;0
21035;37;113;25;sea;true;ocean;0
21036;37;32;19;sea;true;ocean;0
21037;27;116;61;sea;false;ocean;0
21038;42;13;91;sea;true;ocean;0
21039;28;24;31;sea;true;ocean;0
21040;119;50;61;sea;false;ocean;0
21041;106;77;2;sea;true;ocean;0
21042;24;30;78;sea;true;ocean;0
21043;82;107;95;sea;true;ocean;0
21044;41;58;115;sea;true;ocean;0
21045;47;20;109;sea;false;ocean;0
21046;39;0;88;sea;true;ocean;0
21047;119;53;67;sea;false;ocean;0
21048;119;41;3;sea;true;ocean;0
21049;3;116;0;sea;false;ocean;0
21050;28;70;119;sea;true;ocean;0
21051;63;10;83;sea;false;ocean;0
21052;11;62;41;sea;true;ocean;0
21053;68;2;96;sea;true;ocean;0
21054;74;41;99;sea;true;ocean;0
21055;5;118;82;sea;true;ocean;0
21056;19;71;81;sea;false;ocean;0
21057;78;18;39;sea;true;ocean;0
21058;15;28;110;sea;true;ocean;0
21059;35;102;31;sea;true;ocean;0
21060;0;14;7;sea;true;ocean;0
21061;67;21;4;sea;true;ocean;0
21062;52;44;49;sea;true;ocean;0
21063;86;87;121;sea;true;ocean;0
21064;93;102;96;sea;true;ocean;0
21065;30;85;95;sea;true;ocean;0
21066;24;27;53;sea;true;ocean;0
21067;75;20;72;sea;false;ocean;0
21068;39;50;64;sea;true;ocean;0
21069;41;126;107;sea;true;ocean;0
21070;20;2;93;sea;true;ocean;0
21071;12;74;117;sea;false;ocean;0
21072;1;16;81;sea;false;ocean;0
21073;69;58;73;sea;false;ocean;0
21074;47;53;28;sea;false;ocean;0
21075;30;50;64;sea;true;ocean;0
21076;30;109;56;sea;false;ocean;0
21077;20;113;106;sea;true;ocean;0
21078;18;94;93;sea;true;ocean;0
21079;35;62;44;sea;false;ocean;0
21080;116;112;60;sea;true;ocean;0
21081;121;2;79;sea;false;ocean;0
21082;71;69;106;sea;true;ocean;0
21083;88;45;108;sea;false;ocean;0
21084;41;86;22;sea;true;ocean;0
21085;34;99;43;sea;true;ocean;0
21086;6;103;75;sea;true;ocean;0
21087;29;39;22;sea;true;ocean;0
21088;48;100;28;sea;true;ocean;0
21089;84;109;95;sea;false;ocean;0
21090;43;2;56;sea;false;ocean;0
21091;103;35;125;sea;false;ocean;0
21092;47;100;119;sea;true;ocean;0
21093;121;117;57;sea;false;ocean;0
21094;63;88;51;sea;true;ocean;0
21095;57;85;79;sea;true;ocean;0
21096;109;54;76;sea;false;ocean;0
21097;30;77;116;sea;false;ocean;0
21098;61;116;97;sea;true;ocean;0
21099;51;62;68;sea;true;ocean;0
21100;33;61;94;sea;false;ocean;0
21101;106;80;78;sea;true;ocean;0
21102;112;53;99;sea;true;ocean;0
21103;4;85;54;sea;true;ocean;0
21104;39;118;55;sea;false;ocean;0
21105;52;2;28;sea;false;ocean;0
21106;26;101;120;sea;true;ocean;0
21107;59;8;101;sea;true;ocean;0
21108;96;84;62;sea;false;ocean;0
21109;103;127;32;sea;true;ocean;0
21110;58;2;56;sea;false;ocean;0
21111;110;105;69;sea;true;ocean;0
21112;23;11;11;sea;false;ocean;0
21113;107;8;3;sea;true;ocean;0
21114;102;78;88;sea;true;ocean;0
21115;46;13;89;sea;true;ocean;0
21116;74;1;36;sea;true;ocean;0
21117;20;81;22;sea;true;ocean;0
21118;83;18;62;sea;true;ocean;0
21119;68;63;86;sea;true;ocean;0
21120;110;68;98;sea;true;ocean;0
21121;60;86;49;sea;false;ocean;0
21122;20;91;93;sea;false;ocean;0
21123;66;124;94;sea;true;ocean;0
21124;89;16;13;sea;false;ocean;0
21125;21;43;111;sea;false;ocean;0
21126;54;81;95;sea;true;ocean;0
21127;18;54;85;sea;true;ocean;0
21128;27;60;41;sea;true;ocean;0
21129;68;38;117;sea;true;ocean;0
21130;5;47;84;sea;true;ocean;0
21131;102;87;102;sea;false;ocean;0
21132;46;41;52;sea;true;ocean;0
21133;26;27;18;sea;true;ocean;0
21134;127;18;30;sea;true;ocean;0
21135;118;17;98;sea;true;ocean;0
21136;34;67;28;sea;false;ocean;0
21137;109;74;15;sea;true;ocean;0
21138;17;25;16;sea;true;ocean;0
21139;40;9;120;sea;true;ocean;0
21140;87;12;70;sea;true;ocean;0
21141;33;14;64;sea;true;ocean;0
21142;6;109;44;sea;true;ocean;0
21143;127;16;98;sea;true;ocean;0
21144;36;30;122;sea;true;ocean;0
21145;75;82;104;sea;false;ocean;0
21146;18;28;82;sea;true;ocean;0
21147;30;20;43;sea;true;ocean;0
21148;24;122;116;sea;true;ocean;0
21149;49;64;125;sea;false;ocean;0
21150;41;112;81;sea;true;ocean;0
21151;8;79;63;sea;true;ocean;0
21152;34;124;12;sea;true;ocean;0
21153;24;85;99;sea;false;ocean;0
21154;5;85;16;sea;true;ocean;0
21155;29;73;114;sea;true;ocean;0
21156;102;27;43;sea;true;ocean;0
21157;42;3;6;sea;true;ocean;0
21158;8;108;115;sea;false;ocean;0
21159;13;105;14;sea;true;ocean;0
21160;124;81;30;sea;false;ocean;0
21161;71;79;116;sea;true;ocean;0
21162;99;51;82;sea;true;ocean;0
21163;34;86;16;sea;true;ocean;0
21164;44;68;50;sea;false;ocean;0
21165;125;59;53;sea;true;ocean;0
21166;120;62;58;sea;false;ocean;0
21167;14;19;13;sea;false;ocean;0
21168;110;18;6;sea;true;ocean;0
21169;0;96;63;sea;true;ocean;0
21170;79;21;49;sea;true;ocean;0
21171;16;96;90;sea;true;ocean;0
21172;21;22;105;sea;true;ocean;0
21173;37;98;34;sea;true;ocean;0
21174;71;5;109;sea;true;ocean;0
21175;15;57;86;sea;true;ocean;0
21176;11;94;40;sea;false;ocean;0
21177;50;27;47;sea;true;ocean;0
21178;43;121;110;sea;false;ocean;0
21179;40;97;82;sea;true;ocean;0
21180;20;88;24;sea;false;ocean;0
21181;12;18;95;sea;false;ocean;0
21182;81;18;75;sea;true;ocean;0
21183;25;31;56;sea;true;ocean;0
21184;34;36;65;sea;true;ocean;0
21185;101;113;64;sea;true;ocean;0
21186;26;89;27;sea;true;ocean;0
21187;123;54;56;sea;true;ocean;0
21188;109;66;21;sea;true;ocean;0
21189;82;52;59;sea;true;ocean;0
21190;31;73;21;sea;true;ocean;0
21191;28;43;44;sea;true;ocean;0
21192;62;35;89;sea;true;ocean;0
21193;99;65;84;sea;false;ocean;0
21194;12;126;43;sea;true;ocean;0
21195;55;86;17;sea;true;ocean;0
21196;38;95;24;sea;false;ocean;0
21197;49;55;122;sea;true;ocean;0
21198;0;118;28;sea;true;ocean;0
21199;89;116;89;sea;true;ocean;0
21200;68;89;60;sea;true;ocean;0
21201;67;49;97;sea;true;ocean;0
21202;57;109;58;sea;true;ocean;0
21203;92;79;84;sea;true;ocean;0
21204;87;74;109;sea;true;ocean;0
21205;29;1;88;sea;true;ocean;0
21206;30;104;23;sea;false;ocean;0
21207;60;60;68;sea;false;ocean;0
21208;88;63;27;sea;true;ocean;0
21209;0;73;3;sea;true;ocean;0
21210;50;24;43;sea;false;ocean;0
21211;8;64;106;sea;true;ocean;0
21212;78;112;70;sea;true;ocean;0
21213;82;38;79;sea;false;ocean;0
21214;35;35;24;sea;true;ocean;0
21215;25;104;127;sea;true;ocean;0
21216;35;26;81;sea;false;ocean;0
21217;98;31;23;sea;true;ocean;0
21218;103;47;122;sea;false;ocean;0
21219;56;36;67;sea;false;ocean;0
21220;108;53;59;sea;true;ocean;0
21221;92;92;50;sea;true;ocean;0
21222;8;55;5;sea;false;ocean;0
21223;89;85;93;sea;false;ocean;0
21224;11;12;121;sea;false;ocean;0
21225;70;39;43;sea;true;ocean;0
21226;2;84;16;sea;true;ocean;0
21227;54;46;43;sea;false;ocean;0
21228;19;85;74;sea;false;ocean;0
21229;103;91;100;sea;true;ocean;0
21230;48;67;65;sea;true;ocean;0
21231;21;105;92;sea;true;ocean;0
21232;41;23;53;sea;false;ocean;0
21233;46;75;108;sea;false;ocean;0
21234;63;28;97;sea;true;ocean;0
21235;23;72;20;sea;true;ocean;0
21236;110;68;31;sea;true;ocean;0
21237;67;35;94;sea;true;ocean;0
21238;70;82;99;sea;true;ocean;0
21239;23;101;120;sea;true;ocean;0
21240;59;109;60;sea;false;ocean;0
21241;6;75;35;sea;true;ocean;0
21242;118;89;66;sea;true;ocean;0
21243;23;111;66;sea;true;ocean;0
21244;32;64;13;sea;true;ocean;0
21245;92;51;62;sea;false;ocean;0
21246;57;67;30;sea;true;ocean;0
21247;70;78;44;sea;false;ocean;0
21248;8;33;85;sea;false;ocean;0
21249;59;32;80;sea;true;ocean;0
21250;70;82;95;sea;true;ocean;0
21251;31;11;103;land;false;desert;1
21252;25;104;69;sea;false;ocean;0
21253;64;79;84;sea;true;ocean;0
21254;63;48;114;sea;false;ocean;0
21255;36;78;43;sea;true;ocean;0
21256;32;88;121;sea;true;ocean;0
21257;50;59;91;sea;true;ocean;0
21258;61;23;2;sea;true;ocean;0
21259;36;42;27;sea;true;ocean;0
21260;74;114;46;sea;true;ocean;0
21261;97;93;107;sea;true;ocean;0
21262;116;41;19;sea;true;ocean;0
21263;88;50;7;sea;true;ocean;0
21264;29;110;15;sea;true;ocean;0
21265;63;121;59;sea;true;ocean;0
21266;1;23;93;sea;false;ocean;0
21267;19;38;17;sea;true;ocean;0
21268;34;99;6;sea;true;ocean;0
21269;82;3;103;sea;false;ocean;0
21270;113;7;46;sea;false;ocean;0
21271;6;56;86;sea;true;ocean;0
21272;91;102;49;sea;true;ocean;0
21273;37;123;17;sea;true;ocean;0
21274;57;73;70;sea;true;ocean;0
21275;21;42;70;sea;false;ocean;0
21276;43;45;121;sea;true;ocean;0
21277;55;113;90;sea;true;ocean;0
21278;50;91;9;sea;false;ocean;0
21279;104;77;7;sea;true;ocean;0
21280;24;1;65;sea;false;ocean;0
21281;7;122;10;sea;true;ocean;0
21282;45;113;98;sea;false;ocean;0
21283;78;105;90;sea;true;ocean;0
21284;112;17;40;sea;true;ocean;0
21285;25;50;78;sea;true;ocean;0
21286;10;63;96;sea;true;ocean;0
21287;111;72;40;sea;true;ocean;0
21288;5;91;13;sea;true;ocean;0
21289;107;53;23;sea;true;ocean;0
21290;25;30;61;sea;false;ocean;0
21291;56;110;17;sea;true;ocean;0
21292;38;2;53;sea;false;ocean;0
21293;30;28;81;sea;true;ocean;0
21294;11;60;77;sea;true;ocean;0
21295;8;14;58;sea;true;ocean;0
21296;126;96;43;sea;true;ocean;0
21297;61;46;92;sea;true;ocean;0
21298;18;66;92;sea;true;ocean;0
21299;73;6;58;sea;true;ocean;0
21300;40;56;47;sea;true;ocean;0
21301;100;16;1;sea;true;ocean;0
21302;110;53;85;sea;false;ocean;0
21303;10;87;106;sea;true;ocean;0
21304;75;103;24;sea;true;ocean;0
21305;111;57;51;sea;true;ocean;0
21306;19;115;21;sea;true;ocean;0
21307;21;116;44;sea;true;ocean;0
21308;105;44;110;sea;false;ocean;0
21309;55;10;84;sea;true;ocean;0
21310;35;61;36;sea;true;ocean;0
21311;110;89;57;sea;true;ocean;0
21312;51;105;23;sea;true;ocean;0
21313;109;79;32;sea;false;ocean;0
21314;59;26;2;sea;false;ocean;0
21315;122;79;72;sea;true;ocean;0
21316;83;54;104;sea;true;ocean;0
21317;1;60;47;sea;true;ocean;0
21318;109;21;78;sea;true;ocean;0
21319;36;11;69;sea;false;ocean;0
21320;0;10;45;sea;false;ocean;0
21321;89;107;84;sea;false;ocean;0
21322;44;37;55;sea;true;ocean;0
21323;94;5;24;sea;true;ocean;0
21324;42;55;82;sea;true;ocean;0
21325;118;76;14;sea;true;ocean;0
21326;70;3;27;sea;true;ocean;0
21327;108;105;48;sea;true;ocean;0
21328;99;4;93;sea;true;ocean;0
21329;34;44;121;sea;true;ocean;0
21330;79;17;93;sea;true;ocean;0
21331;89;20;110;sea;true;ocean;0
21332;83;62;45;sea;true;ocean;0
21333;21;104;11;sea;true;ocean;0
21334;40;119;25;sea;true;ocean;0
21335;122;85;59;sea;true;ocean;0
21336;59;28;51;sea;true;ocean;0
21337;21;2;35;sea;true;ocean;0
21338;13;103;95;sea;true;ocean;0
21339;74;29;18;sea;false;ocean;0
21340;29;0;58;sea;true;ocean;0
21341;74;12;42;sea;true;ocean;0
21342;29;56;115;sea;true;ocean;0
21343;49;111;63;sea;true;ocean;0
21344;87;41;60;sea;true;ocean;0
21345;72;101;125;sea;true;ocean;0
21346;103;10;59;sea;true;ocean;0
21347;18;36;20;sea;true;ocean;0
21348;38;101;124;sea;true;ocean;0
21349;55;100;78;sea;true;ocean;0
21350;57;106;57;sea;false;ocean;0
21351;29;107;33;sea;false;ocean;0
21352;94;4;100;sea;false;ocean;0
21353;35;99;46;sea;false;ocean;0
21354;56;109;4;sea;true;ocean;0
21355;122;13;119;sea;true;ocean;0
21356;1;34;76;sea;true;ocean;0
21357;11;124;23;sea;true;ocean;0
21358;1;29;90;sea;false;ocean;0
21359;26;37;121;sea;true;ocean;0
21360;25;57;34;sea;true;ocean;0
21361;5;29;115;sea;true;ocean;0
21362;38;32;60;sea;false;ocean;0
21363;49;100;0;sea;true;ocean;0
21364;46;102;13;sea;true;ocean;0
21365;127;27;100;sea;true;ocean;0
21366;67;51;102;sea;true;ocean;0
21367;14;66;109;sea;false;ocean;0
21368;60;81;39;sea;true;ocean;0
21369;109;11;38;sea;true;ocean;0
21370;74;53;101;sea;true;ocean;0
21371;28;61;67;sea;true;ocean;0
21372;72;78;94;sea;false;ocean;0
21373;65;89;97;sea;true;ocean;0
21374;44;77;6;sea;false;ocean;0
21375;44;18;92;sea;true;ocean;0
21376;59;11;8;sea;true;ocean;0
21377;19;10;54;sea;true;ocean;0
21378;69;41;121;sea;true;ocean;0
21379;70;66;47;sea;false;ocean;0
21380;39;114;95;sea;false;ocean;0
21381;0;42;55;sea;true;ocean;0
21382;39;23;30;sea;false;ocean;0
21383;40;104;107;sea;true;ocean;0
21384;28;127;83;sea;false;ocean;0
21385;33;12;127;sea;true;ocean;0
21386;99;71;59;sea;true;ocean;0
21387;43;59;115;sea;true;ocean;0
21388;127;18;42;sea;true;ocean;0
21389;41;89;54;sea;false;ocean;0
21390;102;98;87;sea;true;ocean;0
21391;92;52;82;sea;false;ocean;0
21392;109;2;34;sea;true;ocean;0
21393;118;67;88;sea;true;ocean;0
21394;70;103;77;sea;true;ocean;0
21395;90;14;75;sea;true;ocean;0
21396;63;45;114;sea;true;ocean;0
21397;52;14;48;sea;true;ocean;0
21398;55;57;122;sea;true;ocean;0
21399;48;29;17;sea;true;ocean;0
21400;43;65;78;sea;false;ocean;0
21401;118;21;104;sea;true;ocean;0
21402;80;66;44;sea;true;ocean;0
21403;56;60;91;sea;true;ocean;0
21404;98;91;10;sea;true;ocean;0
21405;60;50;76;sea;true;ocean;0
21406;94;53;95;sea;true;ocean;0
21407;116;22;111;sea;false;ocean;0
21408;9;107;12;sea;true;ocean;0
21409;85;86;104;sea;true;ocean;0
21410;41;49;64;sea;false;ocean;0
21411;36;6;31;sea;false;ocean;0
21412;119;57;84;lake;false;lakes;0
21413;22;41;93;sea;true;ocean;0
21414;1;66;53;sea;true;ocean;0
21415;57;15;63;sea;true;ocean;0
21416;96;98;79;sea;true;ocean;0
21417;76;57;57;sea;true;ocean;0
21418;42;32;42;sea;false;ocean;0
21419;123;52;78;sea;false;ocean;0
21420;55;110;62;sea;true;ocean;0
21421;69;8;124;sea;false;ocean;0
21422;107;56;86;sea;true;ocean;0
21423;20;63;53;sea;true;ocean;0
21424;105;90;103;sea;true;ocean;0
21425;129;72;154;land;false;forest;1
21426;88;55;127;sea;true;ocean;0
21427;24;87;14;sea;true;ocean;0
21428;98;73;63;sea;true;ocean;0
21429;18;0;30;sea;true;ocean;0
21430;51;49;27;sea;true;ocean;0
21431;15;65;42;sea;true;ocean;0
21432;121;52;106;sea;true;ocean;0
21433;66;45;46;sea;true;ocean;0
21434;40;117;15;sea;false;ocean;0
21435;59;103;12;sea;false;ocean;0
21436;96;63;120;sea;true;ocean;0
21437;77;105;36;sea;false;ocean;0
21438;42;38;116;sea;false;ocean;0
21439;42;0;127;sea;false;ocean;0
21440;69;79;54;sea;true;ocean;0
21441;101;20;34;sea;true;ocean;0
21442;117;14;93;sea;true;ocean;0
21443;67;1;30;sea;false;ocean;0
21444;72;3;81;sea;true;ocean;0
21445;105;106;43;sea;false;ocean;0
21446;39;35;2;sea;true;ocean;0
21447;48;3;47;sea;true;ocean;0
21448;126;3;23;sea;false;ocean;0
21449;44;16;18;sea;true;ocean;0
21450;19;44;93;sea;false;ocean;0
21451;31;127;22;sea;true;ocean;0
21452;36;31;45;sea;true;ocean;0
21453;88;31;82;sea;true;ocean;0
21454;3;54;55;sea;false;ocean;0
21455;122;45;86;sea;true;ocean;0
21456;43;41;93;sea;false;ocean;0
21457;4;90;35;sea;false;ocean;0
21458;1;70;43;sea;true;ocean;0
21459;84;116;31;sea;false;ocean;0
21460;103;13;87;sea;false;ocean;0
21461;71;22;82;sea;true;ocean;0
21462;60;2;74;sea;true;ocean;0
21463;81;85;58;sea;false;ocean;0
21464;31;88;9;sea;true;ocean;0
21465;14;62;72;sea;true;ocean;0
21466;109;38;77;sea;true;ocean;0
21467;8;16;5;sea;true;ocean;0
21468;29;121;91;sea;true;ocean;0
21469;49;13;68;sea;true;ocean;0
21470;95;95;77;sea;true;ocean;0
21471;58;109;111;sea;true;ocean;0
21472;40;47;16;sea;true;ocean;0
21473;36;6;27;sea;false;ocean;0
21474;81;104;89;sea;false;ocean;0
21475;30;58;57;sea;true;ocean;0
21476;105;27;40;sea;true;ocean;0
21477;121;4;41;sea;true;ocean;0
21478;115;54;99;sea;true;ocean;0
21479;62;108;53;sea;true;ocean;0
21480;91;33;61;sea;true;ocean;0
21481;121;43;46;sea;true;ocean;0
21482;16;0;45;sea;false;ocean;0
21483;29;67;13;sea;false;ocean;0
21484;103;71;80;sea;true;ocean;0
21485;47;33;40;sea;false;ocean;0
21486;15;5;124;lake;false;lakes;0
21487;90;52;49;sea;true;ocean;0
21488;31;34;20;sea;true;ocean;0
21489;81;29;64;sea;true;ocean;0
21490;10;119;13;sea;false;ocean;0
21491;21;90;37;sea;true;ocean;0
21492;117;6;29;sea;true;ocean;0
21493;35;61;21;sea;true;ocean;0
21494;4;42;32;sea;true;ocean;0
21495;42;73;22;sea;true;ocean;0
21496;113;93;48;sea;true;ocean;0
21497;61;125;104;sea;true;ocean;0
21498;100;109;81;sea;true;ocean;0
21499;103;23;15;sea;true;ocean;0
21500;28;19;112;sea;true;ocean;0
21501;35;51;75;sea;true;ocean;0
21502;81;101;115;sea;true;ocean;0
21503;54;34;50;sea;false;ocean;0
21504;118;98;71;sea;false;ocean;0
21505;1;95;28;sea;true;ocean;0
21506;42;123;123;sea;true;ocean;0
21507;22;74;39;land;false;desert;1
21508;66;11;58;sea;true;ocean;0
21509;86;93;2;sea;true;ocean;0
21510;114;68;8;sea;true;ocean;0
21511;19;0;10;sea;true;ocean;0
21512;62;39;77;sea;true;ocean;0
21513;33;43;40;sea;true;ocean;0
21514;45;73;10;sea;true;ocean;0
21515;103;110;58;sea;false;ocean;0
21516;111;123;29;sea;false;ocean;0
21517;20;27;64;sea;true;ocean;0
21518;49;47;77;sea;true;ocean;0
21519;118;36;87;sea;false;ocean;0
21520;33;40;7;sea;true;ocean;0
21521;86;123;22;sea;true;ocean;0
21522;83;98;102;sea;false;ocean;0
21523;123;21;30;sea;true;ocean;0
21524;36;70;122;sea;false;ocean;0
21525;5;6;119;sea;true;ocean;0
21526;110;77;83;sea;false;ocean;0
21527;71;49;71;sea;true;ocean;0
21528;66;17;9;sea;false;ocean;0
21529;115;26;123;sea;true;ocean;0
21530;125;106;48;sea;true;ocean;0
21531;69;122;74;sea;true;ocean;0
21532;103;49;101;sea;false;ocean;0
21533;24;21;6;sea;true;ocean;0
21534;44;81;1;sea;false;ocean;0
21535;22;59;39;sea;true;ocean;0
21536;98;15;0;sea;false;ocean;0
21537;46;19;37;sea;true;ocean;0
21538;81;18;74;sea;true;ocean;0
21539;38;15;126;sea;true;ocean;0
21540;40;102;124;sea;false;ocean;0
21541;28;19;3;sea;false;ocean;0
21542;114;71;103;sea;true;ocean;0
21543;50;33;2;sea;true;ocean;0
21544;107;110;78;sea;true;ocean;0
21545;79;103;42;sea;true;ocean;0
21546;28;23;53;sea;true;ocean;0
21547;108;69;52;sea;true;ocean;0
21548;98;55;40;sea;true;ocean;0
21549;18;34;44;sea;true;ocean;0
21550;85;65;41;sea;false;ocean;0
21551;28;38;40;sea;true;ocean;0
21552;94;123;43;sea;false;ocean;0
21553;88;49;123;sea;false;ocean;0
21554;19;36;92;lake;false;lakes;0
21555;30;46;71;lake;false;lakes;0
21556;16;101;29;lake;false;lakes;0
21557;167;174;215;land;false;urban;1
21558;19;93;11;lake;false;lakes;0
21559;108;23;17;lake;false;lakes;0
21560;29;66;23;sea;false;ocean;0
21561;112;11;9;sea;true;ocean;0
21562;75;55;1;sea;true;ocean;0
21563;44;38;4;lake;false;lakes;0
21564;122;8;87;lake;false;lakes;0
21565;21;31;69;sea;true;ocean;0
21566;41;35;32;sea;true;ocean;0
21567;111;4;9;lake;false;lakes;0
21568;104;68;61;lake;false;lakes;0
21569;98;21;16;lake;false;lakes;0
21570;69;43;32;lake;false;lakes;0
21571;4;84;53;lake;false;lakes;0
21572;70;61;13;lake;false;lakes;0
21573;75;19;48;lake;false;lakes;0
21574;7;6;95;lake;false;lakes;0
21575;33;55;46;lake;false;lakes;0
21576;98;53;67;sea;true;ocean;0
21577;29;17;99;lake;false;lakes;0
21578;68;7;29;lake;false;lakes;0
21579;66;0;68;lake;false;lakes;0
21580;29;26;57;lake;false;lakes;0
21581;91;38;9;lake;false;lakes;0
21582;7;102;23;lake;false;lakes;0
21583;68;32;4;lake;false;lakes;0
21584;39;78;5;lake;false;lakes;0
21585;79;5;20;lake;false;lakes;0
21586;19;23;78;lake;false;lakes;0
21587;50;15;62;lake;false;lakes;0
21588;26;31;53;lake;false;lakes;0
21589;15;43;57;lake;false;lakes;0
21590;3;141;1;lake;false;lakes;0
21591;84;52;3;lake;false;lakes;0
21592;6;115;24;lake;false;lakes;0
21593;96;17;23;land;false;lakes;0
21594;34;36;70;lake;false;lakes;0
21595;75;33;23;lake;false;lakes;0
21596;17;14;86;land;false;lakes;0
21597;22;106;13;lake;false;lakes;0
21598;23;61;19;lake;false;lakes;0
21599;22;28;77;lake;false;lakes;0
21600;58;48;21;lake;false;lakes;0
21601;33;29;53;lake;false;lakes;0
21602;90;11;3;lake;false;lakes;0
21603;21;29;86;lake;false;lakes;0
21604;95;36;37;lake;false;plains;0
21605;59;13;43;lake;false;lakes;0
21606;25;2;90;lake;false;lakes;0
21607;12;3;124;lake;false;lakes;0
21608;244;108;190;lake;false;lakes;0
21609;23;44;11;sea;true;ocean;0
21610;56;0;91;lake;false;lakes;0
21611;31;55;36;lake;false;lakes;0
21612;42;10;72;sea;true;ocean;0
21613;68;54;16;lake;false;lakes;0
21614;80;38;6;lake;false;lakes;0
21615;66;3;77;lake;false;lakes;0
21616;87;9;10;lake;false;lakes;0
21617;81;62;0;land;false;plains;1
21618;84;19;16;lake;false;lakes;0
21619;83;8;28;sea;true;ocean;0
21620;34;66;18;lake;false;lakes;0
21621;0;17;13;sea;true;ocean;0
21622;11;39;98;lake;false;lakes;0
21623;4;29;50;lake;false;lakes;0
21624;125;16;60;sea;true;ocean;0
21625;6;8;28;lake;false;lakes;0
21626;57;64;13;sea;true;ocean;0
21627;3;35;94;land;true;plains;0
21628;97;25;15;sea;true;ocean;0
21629;24;81;33;lake;false;lakes;0
21630;45;7;85;land;false;mountain;0
21631;85;52;7;sea;true;ocean;0
21632;11;50;1;lake;false;lakes;0
21633;60;21;20;sea;true;ocean;0
21634;7;39;94;sea;true;ocean;0
21635;39;1;65;lake;false;lakes;0
21636;60;19;69;sea;true;ocean;0
21637;21;8;113;lake;false;lakes;0
21638;29;49;49;lake;false;lakes;0
21639;50;22;54;land;false;desert;1
21640;15;31;103;lake;false;lakes;0
21641;28;69;33;lake;false;lakes;0
21642;37;69;8;lake;false;lakes;0
21643;74;55;15;land;false;plains;1
21644;15;21;85;lake;false;lakes;0
21645;9;71;59;lake;false;lakes;0
21646;31;86;4;sea;true;ocean;0
21647;35;76;9;lake;false;lakes;0
21648;17;31;73;lake;false;lakes;0
21649;89;9;41;lake;false;lakes;0
21650;63;59;12;land;false;desert;1
21651;11;42;77;lake;false;lakes;0
21652;35;52;49;land;false;desert;1
21653;38;94;6;land;false;desert;1
21654;66;31;44;land;false;desert;1
21655;9;73;62;lake;false;lakes;0
21656;119;6;17;lake;false;lakes;0
21657;5;26;105;lake;false;lakes;0
21658;36;44;33;lake;false;lakes;0
21659;54;41;24;lake;false;lakes;0
21660;19;12;96;lake;false;lakes;0
21661;11;14;108;lake;false;lakes;0
21662;65;59;25;sea;true;ocean;0
21663;5;105;9;lake;false;lakes;0
21664;4;103;42;lake;false;lakes;0
21665;59;13;57;sea;true;ocean;0
21666;10;35;83;sea;true;ocean;0
21667;26;27;77;lake;false;lakes;0
21668;12;62;57;sea;true;ocean;0
21669;92;34;16;land;false;desert;1
21670;35;13;87;sea;true;ocean;0
21671;71;67;9;lake;false;lakes;0
21672;65;21;59;lake;false;lakes;0
21673;63;17;63;sea;true;ocean;0
21674;39;10;61;sea;true;ocean;0
21675;109;0;18;sea;true;ocean;0
21676;62;44;8;sea;true;ocean;0
21677;25;4;78;sea;true;ocean;0
21678;89;5;44;land;false;desert;1
21679;8;64;77;lake;false;lakes;0
21680;35;72;1;sea;true;ocean;0
21681;72;12;18;lake;false;lakes;0
21682;42;79;28;lake;false;lakes;0
21683;7;68;38;sea;true;ocean;0
21684;61;60;1;lake;false;lakes;0
21685;91;36;3;lake;false;lakes;0
21686;31;94;20;lake;false;lakes;0
21687;2;3;140;lake;false;plains;0
21688;60;33;42;sea;true;ocean;0
21689;14;0;133;sea;true;ocean;0
21690;5;42;77;sea;true;ocean;0
21691;73;40;0;sea;true;ocean;0
21692;34;34;52;land;false;desert;1
21693;13;87;10;sea;true;ocean;0
21694;25;4;96;sea;true;ocean;0
21695;29;23;79;sea;true;ocean;0
21696;55;62;7;lake;false;lakes;0
21697;61;15;54;sea;true;ocean;0
21698;14;63;56;sea;true;ocean;0
21699;30;19;53;land;false;mountain;0
21700;90;16;0;lake;false;lakes;0
21701;111;1;27;sea;true;ocean;0
21702;45;6;72;sea;true;ocean;0
21703;70;1;54;sea;true;ocean;0
21704;90;21;1;sea;true;ocean;0
21705;61;9;45;sea;true;ocean;0
21706;4;4;113;sea;true;ocean;0
21707;42;31;61;lake;false;lakes;0
21708;124;6;0;lake;false;lakes;0
21709;30;36;41;lake;false;lakes;0
21710;116;19;6;lake;false;lakes;0
21711;61;16;60;lake;false;lakes;0
21712;15;72;42;lake;false;lakes;0
21713;4;123;14;sea;true;ocean;0
21714;21;113;6;lake;false;lakes;0
21715;51;66;11;lake;false;lakes;0
21716;32;61;21;lake;false;lakes;0
21717;10;110;23;sea;true;ocean;0
21718;26;52;43;sea;true;ocean;0
21719;36;92;16;lake;false;lakes;0
21720;15;47;39;lake;false;lakes;0
21721;89;2;27;lake;false;lakes;0
21722;44;34;49;lake;false;lakes;0
21723;16;9;103;sea;true;ocean;0
21724;37;78;18;lake;false;lakes;0
21725;31;8;93;lake;false;lakes;0
21726;10;133;4;lake;false;lakes;0
21727;26;80;37;sea;true;ocean;0
21728;32;93;9;lake;false;lakes;0
21729;40;1;67;lake;false;lakes;0
21730;46;10;88;lake;false;lakes;0
21731;2;35;111;lake;false;lakes;0
21732;50;24;29;lake;false;lakes;0
21733;32;26;57;lake;false;lakes;0
21734;12;22;69;sea;true;ocean;0
21735;3;59;80;land;true;urban;0
21736;98;7;36;sea;true;ocean;0
21737;65;36;27;lake;false;lakes;0
21738;80;45;15;lake;false;lakes;0
21739;114;27;0;sea;true;ocean;0
21740;57;12;77;lake;false;lakes;0
21741;4;106;39;lake;false;lakes;0
21742;22;119;0;sea;true;ocean;0
21743;52;28;35;land;false;desert;1
21744;26;38;70;lake;false;lakes;0
21745;27;93;27;lake;false;lakes;0
21746;66;36;40;sea;true;ocean;0
21747;41;15;73;lake;false;lakes;0
21748;74;7;58;lake;false;lakes;0
21749;13;66;56;lake;false;lakes;0
21750;54;22;71;lake;false;lakes;0
21751;22;76;42;sea;true;ocean;0
21752;34;9;92;lake;false;lakes;0
21753;4;78;40;sea;false;ocean;0
21754;22;89;2;sea;true;ocean;0
21755;102;8;35;sea;true;ocean;0
21756;59;66;14;sea;true;ocean;0
21757;50;22;33;lake;false;lakes;0
21758;6;25;115;lake;false;lakes;0
21759;89;7;14;sea;true;ocean;0
21760;0;69;60;land;false;desert;1
21761;29;16;78;sea;true;ocean;0
21762;9;96;32;lake;false;lakes;0
21763;29;106;11;lake;false;lakes;0
21764;74;51;9;lake;false;lakes;0
